ISO-10303-21;
HEADER;
FILE_DESCRIPTION (( 'STEP AP214' ),
    '1' );
FILE_NAME ('PRO-OB-536.STEP',
    '2023-01-17T15:13:32',
    ( 'ADMIN' ),
    ( '' ),
    'SwSTEP 2.0',
    'SolidWorks 2016',
    '' );
FILE_SCHEMA (( 'AUTOMOTIVE_DESIGN' ));
ENDSEC;

DATA;
#1 = ORIENTED_EDGE ( 'NONE', *, *, #1679, .F. ) ;
#2 = ORIENTED_EDGE ( 'NONE', *, *, #1313, .F. ) ;
#3 = CARTESIAN_POINT ( 'NONE',  ( 3.824999999999998400, -3.130000000000001700, -2.615000000000011300 ) ) ;
#4 = CARTESIAN_POINT ( 'NONE',  ( 4.625000000000000000, -3.330000000000008100, -1.340000000000012100 ) ) ;
#5 = AXIS2_PLACEMENT_3D ( 'NONE', #787, #2224, #992 ) ;
#6 = VECTOR ( 'NONE', #1776, 1000.000000000000000 ) ;
#7 = CARTESIAN_POINT ( 'NONE',  ( 6.675000000000000700, -2.060000000000002300, -2.615000000000011800 ) ) ;
#8 = CARTESIAN_POINT ( 'NONE',  ( 1.994931997373327400E-016, 8.854643328202932300E-015, 2.414999999999998700 ) ) ;
#9 = CYLINDRICAL_SURFACE ( 'NONE', #1646, 0.3999999999999993000 ) ;
#10 = CIRCLE ( 'NONE', #716, 0.1999999999999998700 ) ;
#11 = CARTESIAN_POINT ( 'NONE',  ( 4.624999999999999100, -3.530000000000002900, -2.615000000000011800 ) ) ;
#12 = VECTOR ( 'NONE', #929, 1000.000000000000000 ) ;
#13 = DIRECTION ( 'NONE',  ( 1.000000000000000000, -0.0000000000000000000, 0.0000000000000000000 ) ) ;
#14 = LINE ( 'NONE', #1486, #2169 ) ;
#15 = ORIENTED_EDGE ( 'NONE', *, *, #2487, .T. ) ;
#16 = CARTESIAN_POINT ( 'NONE',  ( 2.624999999999998700, -2.460000000000002600, 2.614999999999998900 ) ) ;
#17 = DIRECTION ( 'NONE',  ( -1.261617073437678000E-016, 0.0000000000000000000, -1.000000000000000000 ) ) ;
#18 = ORIENTED_EDGE ( 'NONE', *, *, #499, .F. ) ;
#19 = ORIENTED_EDGE ( 'NONE', *, *, #1365, .F. ) ;
#20 = PLANE ( 'NONE',  #1445 ) ;
#21 = EDGE_LOOP ( 'NONE', ( #489, #988, #1760, #832 ) ) ;
#22 = DIRECTION ( 'NONE',  ( 0.0000000000000000000, -6.858209091071094100E-015, 1.000000000000000000 ) ) ;
#23 = LINE ( 'NONE', #751, #2242 ) ;
#24 = EDGE_CURVE ( 'NONE', #279, #1025, #1152, .T. ) ;
#25 = VERTEX_POINT ( 'NONE', #545 ) ;
#26 = VERTEX_POINT ( 'NONE', #1576 ) ;
#27 = LINE ( 'NONE', #505, #468 ) ;
#28 = DIRECTION ( 'NONE',  ( -0.0000000000000000000, -0.0000000000000000000, -1.000000000000000000 ) ) ;
#29 = ORIENTED_EDGE ( 'NONE', *, *, #2020, .T. ) ;
#30 = CARTESIAN_POINT ( 'NONE',  ( -6.675000000000002500, -1.160000000000001700, 2.614999999999998900 ) ) ;
#31 = AXIS2_PLACEMENT_3D ( 'NONE', #1594, #2368, #2434 ) ;
#32 = EDGE_CURVE ( 'NONE', #2509, #2489, #2131, .T. ) ;
#33 = CARTESIAN_POINT ( 'NONE',  ( 4.624999999999999100, -2.460000000000003100, -2.415000000000009400 ) ) ;
#34 = PLANE ( 'NONE',  #1731 ) ;
#35 = ORIENTED_EDGE ( 'NONE', *, *, #911, .T. ) ;
#36 = ORIENTED_EDGE ( 'NONE', *, *, #2569, .T. ) ;
#37 = ORIENTED_EDGE ( 'NONE', *, *, #1990, .F. ) ;
#38 = DIRECTION ( 'NONE',  ( 1.000000000000000000, 0.0000000000000000000, 0.0000000000000000000 ) ) ;
#39 = DIRECTION ( 'NONE',  ( -1.734723475976779700E-016, -0.0000000000000000000, -1.000000000000000000 ) ) ;
#40 = CARTESIAN_POINT ( 'NONE',  ( 4.624999999999999100, -3.130000000000001200, -2.415000000000011100 ) ) ;
#41 = CARTESIAN_POINT ( 'NONE',  ( 0.6250000000000005600, 0.0000000000000000000, 2.614999999999999300 ) ) ;
#42 = FACE_OUTER_BOUND ( 'NONE', #2010, .T. ) ;
#43 = EDGE_CURVE ( 'NONE', #1001, #1310, #596, .T. ) ;
#44 = LINE ( 'NONE', #942, #2198 ) ;
#45 = LINE ( 'NONE', #2092, #551 ) ;
#46 = EDGE_LOOP ( 'NONE', ( #2468, #2561, #712, #2249 ) ) ;
#47 = EDGE_CURVE ( 'NONE', #2336, #1710, #1638, .T. ) ;
#48 = DIRECTION ( 'NONE',  ( 1.734723475976779700E-016, 0.0000000000000000000, 1.000000000000000000 ) ) ;
#49 = DIRECTION ( 'NONE',  ( 1.000000000000000000, 0.0000000000000000000, 0.0000000000000000000 ) ) ;
#50 = ORIENTED_EDGE ( 'NONE', *, *, #2641, .T. ) ;
#51 = FACE_OUTER_BOUND ( 'NONE', #1617, .T. ) ;
#52 = DIRECTION ( 'NONE',  ( -7.325690354631788600E-017, -0.0000000000000000000, 1.000000000000000000 ) ) ;
#53 = CARTESIAN_POINT ( 'NONE',  ( 4.624999999999999100, -3.530000000000002900, -2.615000000000011800 ) ) ;
#54 = ORIENTED_EDGE ( 'NONE', *, *, #1198, .T. ) ;
#55 = DIRECTION ( 'NONE',  ( 0.0000000000000000000, 1.000000000000000000, 0.0000000000000000000 ) ) ;
#56 = DIRECTION ( 'NONE',  ( 0.0000000000000000000, 0.0000000000000000000, 1.000000000000000000 ) ) ;
#57 = ORIENTED_EDGE ( 'NONE', *, *, #2228, .T. ) ;
#58 = ORIENTED_EDGE ( 'NONE', *, *, #812, .F. ) ;
#59 = VERTEX_POINT ( 'NONE', #1972 ) ;
#60 = CIRCLE ( 'NONE', #1796, 0.2000000000000000400 ) ;
#61 = DIRECTION ( 'NONE',  ( 1.000000000000000000, 0.0000000000000000000, 0.0000000000000000000 ) ) ;
#62 = ORIENTED_EDGE ( 'NONE', *, *, #1954, .F. ) ;
#63 = AXIS2_PLACEMENT_3D ( 'NONE', #895, #2355, #1122 ) ;
#64 = EDGE_LOOP ( 'NONE', ( #533, #1296, #344, #1461 ) ) ;
#65 = EDGE_CURVE ( 'NONE', #1312, #71, #534, .T. ) ;
#66 = CARTESIAN_POINT ( 'NONE',  ( 2.160143756990166300E-016, 9.552939595971560500E-015, 2.614999999999998900 ) ) ;
#67 = CARTESIAN_POINT ( 'NONE',  ( 3.824999999999998400, -3.130000000000002100, 2.215000000000009200 ) ) ;
#68 = PLANE ( 'NONE',  #775 ) ;
#69 = CARTESIAN_POINT ( 'NONE',  ( -4.574999999999999300, -0.2000000000000000100, 1.175000000000000300 ) ) ;
#70 = LINE ( 'NONE', #2379, #1129 ) ;
#71 = VERTEX_POINT ( 'NONE', #1154 ) ;
#72 = FACE_OUTER_BOUND ( 'NONE', #2587, .T. ) ;
#73 = CARTESIAN_POINT ( 'NONE',  ( 3.624999999999998700, -2.460000000000002600, 2.415000000000007100 ) ) ;
#74 = EDGE_CURVE ( 'NONE', #1508, #1369, #1082, .T. ) ;
#75 = FACE_OUTER_BOUND ( 'NONE', #1332, .T. ) ;
#76 = DIRECTION ( 'NONE',  ( 1.000000000000000000, -0.0000000000000000000, -0.0000000000000000000 ) ) ;
#77 = DIRECTION ( 'NONE',  ( 0.0000000000000000000, 1.000000000000000000, -3.516331370223257300E-015 ) ) ;
#78 = CYLINDRICAL_SURFACE ( 'NONE', #2313, 0.1999999999999996500 ) ;
#79 = AXIS2_PLACEMENT_3D ( 'NONE', #2153, #2306, #2317 ) ;
#80 = DIRECTION ( 'NONE',  ( 0.0000000000000000000, 0.0000000000000000000, -1.000000000000000000 ) ) ;
#81 = EDGE_CURVE ( 'NONE', #1374, #1283, #2108, .T. ) ;
#82 = DIRECTION ( 'NONE',  ( 1.000000000000000000, 0.0000000000000000000, 0.0000000000000000000 ) ) ;
#83 = CYLINDRICAL_SURFACE ( 'NONE', #698, 0.3999999999999997400 ) ;
#84 = DIRECTION ( 'NONE',  ( 0.0000000000000000000, 0.0000000000000000000, 1.000000000000000000 ) ) ;
#85 = CARTESIAN_POINT ( 'NONE',  ( -4.675000000000003400, -1.260000000000009300, -2.415000000000004000 ) ) ;
#86 = ORIENTED_EDGE ( 'NONE', *, *, #419, .T. ) ;
#87 = DIRECTION ( 'NONE',  ( 1.000000000000000000, 0.0000000000000000000, 0.0000000000000000000 ) ) ;
#88 = CARTESIAN_POINT ( 'NONE',  ( -6.874999999999999100, -0.3999999999999995200, 2.215000000000000700 ) ) ;
#89 = ORIENTED_EDGE ( 'NONE', *, *, #1571, .F. ) ;
#90 = VECTOR ( 'NONE', #532, 1000.000000000000000 ) ;
#91 = CARTESIAN_POINT ( 'NONE',  ( 1.625000000000000900, -0.2000000000000000100, -1.344999999999999800 ) ) ;
#92 = ORIENTED_EDGE ( 'NONE', *, *, #2596, .T. ) ;
#93 = CARTESIAN_POINT ( 'NONE',  ( -6.675000000000002500, -1.160000000000001700, 2.615000000000012200 ) ) ;
#94 = DIRECTION ( 'NONE',  ( 0.0000000000000000000, 0.0000000000000000000, 1.000000000000000000 ) ) ;
#95 = EDGE_LOOP ( 'NONE', ( #1438, #1888, #619, #416 ) ) ;
#96 = VERTEX_POINT ( 'NONE', #514 ) ;
#97 = EDGE_CURVE ( 'NONE', #1528, #1345, #1704, .T. ) ;
#98 = VERTEX_POINT ( 'NONE', #1142 ) ;
#99 = DIRECTION ( 'NONE',  ( 0.0000000000000000000, 0.0000000000000000000, 1.000000000000000000 ) ) ;
#100 = DIRECTION ( 'NONE',  ( 1.000000000000000000, 0.0000000000000000000, 0.0000000000000000000 ) ) ;
#101 = ORIENTED_EDGE ( 'NONE', *, *, #1965, .F. ) ;
#102 = DIRECTION ( 'NONE',  ( 0.0000000000000000000, 1.000000000000000000, -3.386096875029803300E-015 ) ) ;
#103 = VERTEX_POINT ( 'NONE', #1336 ) ;
#104 = DIRECTION ( 'NONE',  ( -1.000000000000000000, -5.665283958780279300E-031, 3.885370194960614100E-045 ) ) ;
#105 = ORIENTED_EDGE ( 'NONE', *, *, #806, .F. ) ;
#106 = CARTESIAN_POINT ( 'NONE',  ( -4.875000000000001800, -2.060000000000016900, -2.415000000000006700 ) ) ;
#107 = CARTESIAN_POINT ( 'NONE',  ( -6.075000000000001100, -2.260000000000017100, -2.615000000000011300 ) ) ;
#108 = CARTESIAN_POINT ( 'NONE',  ( 1.943902935153772900E-030, -3.330000000000008100, 1.340000000000009000 ) ) ;
#109 = DIRECTION ( 'NONE',  ( -8.260587980841940000E-017, -3.386096875029803300E-015, -1.000000000000000000 ) ) ;
#110 = PLANE ( 'NONE',  #1459 ) ;
#111 = LINE ( 'NONE', #520, #181 ) ;
#112 = LINE ( 'NONE', #774, #1286 ) ;
#113 = FACE_OUTER_BOUND ( 'NONE', #21, .T. ) ;
#114 = CARTESIAN_POINT ( 'NONE',  ( 2.424999999999998900, -2.460000000000004000, -2.615000000000011800 ) ) ;
#115 = DIRECTION ( 'NONE',  ( 1.261617073437678000E-016, -3.516331370223257300E-015, 1.000000000000000000 ) ) ;
#116 = CYLINDRICAL_SURFACE ( 'NONE', #1291, 0.2000000000000000900 ) ;
#117 = PLANE ( 'NONE',  #2571 ) ;
#118 = AXIS2_PLACEMENT_3D ( 'NONE', #306, #1541, #80 ) ;
#119 = DIRECTION ( 'NONE',  ( 0.0000000000000000000, 1.000000000000000000, -3.386096875029803300E-015 ) ) ;
#120 = VECTOR ( 'NONE', #143, 1000.000000000000000 ) ;
#121 = CARTESIAN_POINT ( 'NONE',  ( 3.824999999999998400, -3.530000000000002900, 2.614999999999998900 ) ) ;
#122 = AXIS2_PLACEMENT_3D ( 'NONE', #2216, #1668, #1442 ) ;
#123 = EDGE_CURVE ( 'NONE', #1187, #801, #2565, .T. ) ;
#124 = PLANE ( 'NONE',  #2557 ) ;
#125 = ORIENTED_EDGE ( 'NONE', *, *, #1990, .T. ) ;
#126 = ORIENTED_EDGE ( 'NONE', *, *, #755, .F. ) ;
#127 = DIRECTION ( 'NONE',  ( 0.0000000000000000000, -0.0000000000000000000, 1.000000000000000000 ) ) ;
#128 = VERTEX_POINT ( 'NONE', #1728 ) ;
#129 = CARTESIAN_POINT ( 'NONE',  ( 3.124999999999998700, -2.060000000000002300, -2.415000000000008000 ) ) ;
#130 = DIRECTION ( 'NONE',  ( 0.0000000000000000000, 1.000000000000000000, 0.0000000000000000000 ) ) ;
#131 = EDGE_LOOP ( 'NONE', ( #476, #2275, #1359, #1707 ) ) ;
#132 = CIRCLE ( 'NONE', #964, 0.1999999999999998700 ) ;
#133 = ORIENTED_EDGE ( 'NONE', *, *, #1198, .F. ) ;
#134 = CARTESIAN_POINT ( 'NONE',  ( 2.424999999999998900, -3.530000000000002900, 1.340000000000009200 ) ) ;
#135 = ORIENTED_EDGE ( 'NONE', *, *, #645, .F. ) ;
#136 = DIRECTION ( 'NONE',  ( 0.0000000000000000000, 0.0000000000000000000, -1.000000000000000000 ) ) ;
#137 = EDGE_CURVE ( 'NONE', #801, #569, #27, .T. ) ;
#138 = ORIENTED_EDGE ( 'NONE', *, *, #1683, .F. ) ;
#139 =( GEOMETRIC_REPRESENTATION_CONTEXT ( 3 ) GLOBAL_UNCERTAINTY_ASSIGNED_CONTEXT ( ( #2318 ) ) GLOBAL_UNIT_ASSIGNED_CONTEXT ( ( #1623, #1671, #1691 ) ) REPRESENTATION_CONTEXT ( 'NONE', 'WORKASPACE' ) );
#140 = CARTESIAN_POINT ( 'NONE',  ( 0.6250000000000003300, -1.160000000000001700, 2.415000000000003100 ) ) ;
#141 = AXIS2_PLACEMENT_3D ( 'NONE', #873, #904, #917 ) ;
#142 = EDGE_CURVE ( 'NONE', #569, #1383, #1018, .T. ) ;
#143 = DIRECTION ( 'NONE',  ( -0.0000000000000000000, -1.000000000000000000, 0.0000000000000000000 ) ) ;
#144 = COLOUR_RGB ( '',0.7921568627450980000, 0.8196078431372548800, 0.9333333333333333500 ) ;
#145 = LINE ( 'NONE', #1340, #2287 ) ;
#146 = DIRECTION ( 'NONE',  ( 0.0000000000000000000, 0.0000000000000000000, 1.000000000000000000 ) ) ;
#147 = CIRCLE ( 'NONE', #1781, 0.1999999999999996500 ) ;
#148 = CYLINDRICAL_SURFACE ( 'NONE', #2291, 0.1999999999999996500 ) ;
#149 = ADVANCED_FACE ( 'NONE', ( #953 ), #879, .F. ) ;
#150 = ORIENTED_EDGE ( 'NONE', *, *, #602, .T. ) ;
#151 = FACE_OUTER_BOUND ( 'NONE', #2128, .T. ) ;
#152 = LINE ( 'NONE', #1484, #1267 ) ;
#153 = CARTESIAN_POINT ( 'NONE',  ( -6.075000000000001100, -3.330000000000016900, -2.350621181743642900E-014 ) ) ;
#154 = DIRECTION ( 'NONE',  ( 0.0000000000000000000, 1.000000000000000000, 0.0000000000000000000 ) ) ;
#155 = AXIS2_PLACEMENT_3D ( 'NONE', #2009, #1399, #146 ) ;
#156 = DIRECTION ( 'NONE',  ( 1.000000000000000000, -0.0000000000000000000, 0.0000000000000000000 ) ) ;
#157 = PRESENTATION_STYLE_ASSIGNMENT (( #2350 ) ) ;
#158 = ORIENTED_EDGE ( 'NONE', *, *, #2575, .F. ) ;
#159 = ADVANCED_FACE ( 'NONE', ( #1986 ), #261, .T. ) ;
#160 = VERTEX_POINT ( 'NONE', #469 ) ;
#161 = ORIENTED_EDGE ( 'NONE', *, *, #568, .T. ) ;
#162 = VECTOR ( 'NONE', #522, 1000.000000000000000 ) ;
#163 = ADVANCED_FACE ( 'NONE', ( #1433 ), #1926, .T. ) ;
#164 = CARTESIAN_POINT ( 'NONE',  ( 0.4250000000000006600, -0.2000000000000000100, -2.215000000000002100 ) ) ;
#165 = ORIENTED_EDGE ( 'NONE', *, *, #2309, .F. ) ;
#166 = VERTEX_POINT ( 'NONE', #2328 ) ;
#167 = CARTESIAN_POINT ( 'NONE',  ( -5.375000000000000000, -0.2000000000000000100, 1.175000000000000300 ) ) ;
#168 = ORIENTED_EDGE ( 'NONE', *, *, #743, .T. ) ;
#169 = ORIENTED_EDGE ( 'NONE', *, *, #319, .F. ) ;
#170 = VERTEX_POINT ( 'NONE', #1642 ) ;
#171 = EDGE_LOOP ( 'NONE', ( #1923, #1017, #473, #564, #1951, #1597, #2147, #1790, #2021, #245, #2530, #1636, #1885, #150, #502, #2370 ) ) ;
#172 = EDGE_CURVE ( 'NONE', #1989, #1246, #1498, .T. ) ;
#173 = DIRECTION ( 'NONE',  ( 1.000000000000000000, 4.436263692538165700E-031, -1.261617073437678000E-016 ) ) ;
#174 = CARTESIAN_POINT ( 'NONE',  ( 1.994931997373327400E-016, -3.130000000000002100, 2.415000000000009400 ) ) ;
#175 = CARTESIAN_POINT ( 'NONE',  ( -4.675000000000003400, -1.260000000000009300, -2.615000000000011300 ) ) ;
#176 = DIRECTION ( 'NONE',  ( 0.0000000000000000000, 0.0000000000000000000, 1.000000000000000000 ) ) ;
#177 = AXIS2_PLACEMENT_3D ( 'NONE', #951, #960, #1031 ) ;
#178 = EDGE_CURVE ( 'NONE', #800, #403, #2513, .T. ) ;
#179 = ADVANCED_FACE ( 'NONE', ( #2464 ), #1305, .T. ) ;
#180 = DIRECTION ( 'NONE',  ( 0.0000000000000000000, 0.0000000000000000000, 1.000000000000000000 ) ) ;
#181 = VECTOR ( 'NONE', #552, 1000.000000000000000 ) ;
#182 = LINE ( 'NONE', #694, #1230 ) ;
#183 = CIRCLE ( 'NONE', #1695, 0.1999999999999998200 ) ;
#184 = ORIENTED_EDGE ( 'NONE', *, *, #1534, .F. ) ;
#185 = LINE ( 'NONE', #2214, #1232 ) ;
#186 = DIRECTION ( 'NONE',  ( 0.0000000000000000000, -6.858209091071094100E-015, 1.000000000000000000 ) ) ;
#187 = VECTOR ( 'NONE', #2407, 1000.000000000000000 ) ;
#188 = CARTESIAN_POINT ( 'NONE',  ( 3.624999999999998200, -2.260000000000002500, -2.415000000000009400 ) ) ;
#189 = EDGE_CURVE ( 'NONE', #1560, #1897, #1858, .T. ) ;
#190 = ORIENTED_EDGE ( 'NONE', *, *, #1313, .T. ) ;
#191 = ORIENTED_EDGE ( 'NONE', *, *, #1884, .T. ) ;
#192 = AXIS2_PLACEMENT_3D ( 'NONE', #244, #154, #266 ) ;
#193 = ORIENTED_EDGE ( 'NONE', *, *, #2610, .F. ) ;
#194 = ADVANCED_FACE ( 'NONE', ( #820 ), #2340, .F. ) ;
#195 = CARTESIAN_POINT ( 'NONE',  ( -3.046805232351991900E-016, -2.260000000000017100, -2.415000000000007600 ) ) ;
#196 = DIRECTION ( 'NONE',  ( 0.0000000000000000000, 1.000000000000000000, 0.0000000000000000000 ) ) ;
#197 = AXIS2_PLACEMENT_3D ( 'NONE', #1091, #1093, #1103 ) ;
#198 = EDGE_CURVE ( 'NONE', #910, #1117, #204, .T. ) ;
#199 = DIRECTION ( 'NONE',  ( -1.000000000000000000, 2.797115114783764800E-031, 8.260587980841940000E-017 ) ) ;
#200 = VERTEX_POINT ( 'NONE', #2473 ) ;
#201 = EDGE_LOOP ( 'NONE', ( #528, #2364, #168, #1721 ) ) ;
#202 = ORIENTED_EDGE ( 'NONE', *, *, #74, .T. ) ;
#203 = CARTESIAN_POINT ( 'NONE',  ( -4.875000000000001800, 9.195206533133815800E-015, -2.414999999999999100 ) ) ;
#204 = CIRCLE ( 'NONE', #1380, 0.1999999999999998700 ) ;
#205 = EDGE_LOOP ( 'NONE', ( #914, #1273, #2502, #1502 ) ) ;
#206 = ORIENTED_EDGE ( 'NONE', *, *, #1948, .T. ) ;
#207 = ORIENTED_EDGE ( 'NONE', *, *, #1360, .F. ) ;
#208 = DIRECTION ( 'NONE',  ( -8.260587980841940000E-017, -3.386096875029803300E-015, -1.000000000000000000 ) ) ;
#209 = ORIENTED_EDGE ( 'NONE', *, *, #1224, .F. ) ;
#210 = DIRECTION ( 'NONE',  ( 0.0000000000000000000, 0.0000000000000000000, -1.000000000000000000 ) ) ;
#211 = AXIS2_PLACEMENT_3D ( 'NONE', #88, #1549, #311 ) ;
#212 = CARTESIAN_POINT ( 'NONE',  ( 0.4250000000000002100, -1.360000000000001900, 2.615000000000001100 ) ) ;
#213 = DIRECTION ( 'NONE',  ( 0.0000000000000000000, 1.000000000000000000, -3.386096875029803300E-015 ) ) ;
#214 = LINE ( 'NONE', #1478, #2286 ) ;
#215 = VERTEX_POINT ( 'NONE', #1038 ) ;
#216 = CIRCLE ( 'NONE', #1497, 0.2000000000000000900 ) ;
#217 = EDGE_CURVE ( 'NONE', #724, #1925, #1794, .T. ) ;
#218 = VERTEX_POINT ( 'NONE', #2637 ) ;
#219 = DIRECTION ( 'NONE',  ( -1.000000000000000000, -0.0000000000000000000, 0.0000000000000000000 ) ) ;
#220 = LINE ( 'NONE', #1648, #703 ) ;
#221 = CIRCLE ( 'NONE', #1879, 0.1999999999999996500 ) ;
#222 = VECTOR ( 'NONE', #173, 1000.000000000000000 ) ;
#223 = PLANE ( 'NONE',  #2098 ) ;
#224 = ORIENTED_EDGE ( 'NONE', *, *, #1763, .F. ) ;
#225 = ORIENTED_EDGE ( 'NONE', *, *, #2599, .T. ) ;
#226 = CIRCLE ( 'NONE', #288, 0.1999999999999998700 ) ;
#227 = DIRECTION ( 'NONE',  ( -0.0000000000000000000, -1.000000000000000000, 0.0000000000000000000 ) ) ;
#228 = EDGE_CURVE ( 'NONE', #1119, #1376, #272, .T. ) ;
#229 = CARTESIAN_POINT ( 'NONE',  ( 4.824999999999998400, -2.460000000000002600, 2.415000000000006300 ) ) ;
#230 = ORIENTED_EDGE ( 'NONE', *, *, #2076, .T. ) ;
#231 = DIRECTION ( 'NONE',  ( -1.000000000000000000, 2.797115114783764800E-031, 8.260587980841940000E-017 ) ) ;
#232 = FACE_OUTER_BOUND ( 'NONE', #1151, .T. ) ;
#233 = EDGE_LOOP ( 'NONE', ( #554, #2467, #1238, #2188 ) ) ;
#234 = EDGE_CURVE ( 'NONE', #1366, #2336, #689, .T. ) ;
#235 = DIRECTION ( 'NONE',  ( -0.0000000000000000000, -1.000000000000000000, -0.0000000000000000000 ) ) ;
#236 = DIRECTION ( 'NONE',  ( -0.0000000000000000000, -1.000000000000000000, -0.0000000000000000000 ) ) ;
#237 = ORIENTED_EDGE ( 'NONE', *, *, #1446, .F. ) ;
#238 = CARTESIAN_POINT ( 'NONE',  ( -6.875000000000000900, -3.530000000000002000, -2.215000000000013200 ) ) ;
#239 = CARTESIAN_POINT ( 'NONE',  ( 3.824999999999998400, -3.530000000000002500, 2.215000000000010500 ) ) ;
#240 = ORIENTED_EDGE ( 'NONE', *, *, #1884, .F. ) ;
#241 = ORIENTED_EDGE ( 'NONE', *, *, #2117, .F. ) ;
#242 = ORIENTED_EDGE ( 'NONE', *, *, #1474, .T. ) ;
#243 = DIRECTION ( 'NONE',  ( 0.0000000000000000000, 0.0000000000000000000, 1.000000000000000000 ) ) ;
#244 = CARTESIAN_POINT ( 'NONE',  ( -4.174999999999999800, -0.2000000000000000100, -0.3449999999999993600 ) ) ;
#245 = ORIENTED_EDGE ( 'NONE', *, *, #81, .T. ) ;
#246 = DIRECTION ( 'NONE',  ( -1.000000000000000000, 5.681283993081916200E-031, 8.260587980841941200E-017 ) ) ;
#247 = CARTESIAN_POINT ( 'NONE',  ( 3.624999999999998200, -2.260000000000002500, 2.614999999999998900 ) ) ;
#248 = ORIENTED_EDGE ( 'NONE', *, *, #1263, .T. ) ;
#249 = EDGE_CURVE ( 'NONE', #71, #2560, #132, .T. ) ;
#250 = DIRECTION ( 'NONE',  ( -1.000000000000000000, 0.0000000000000000000, 0.0000000000000000000 ) ) ;
#251 = VECTOR ( 'NONE', #2142, 1000.000000000000000 ) ;
#252 = AXIS2_PLACEMENT_3D ( 'NONE', #500, #1946, #702 ) ;
#253 = CIRCLE ( 'NONE', #1867, 0.2000000000000000900 ) ;
#254 = DIRECTION ( 'NONE',  ( 1.000000000000000000, 0.0000000000000000000, 0.0000000000000000000 ) ) ;
#255 = VECTOR ( 'NONE', #550, 1000.000000000000000 ) ;
#256 = LINE ( 'NONE', #1455, #1231 ) ;
#257 = CARTESIAN_POINT ( 'NONE',  ( 3.124999999999998700, -2.260000000000018000, -2.615000000000006900 ) ) ;
#258 = DIRECTION ( 'NONE',  ( 0.0000000000000000000, 0.0000000000000000000, 1.000000000000000000 ) ) ;
#259 = VERTEX_POINT ( 'NONE', #2054 ) ;
#260 = CIRCLE ( 'NONE', #739, 0.1999999999999992300 ) ;
#261 = PLANE ( 'NONE',  #822 ) ;
#262 = FACE_OUTER_BOUND ( 'NONE', #2343, .T. ) ;
#263 = ORIENTED_EDGE ( 'NONE', *, *, #699, .F. ) ;
#264 = DIRECTION ( 'NONE',  ( 1.000000000000000000, 4.436263692538165700E-031, -1.261617073437678000E-016 ) ) ;
#265 = ORIENTED_EDGE ( 'NONE', *, *, #885, .T. ) ;
#266 = DIRECTION ( 'NONE',  ( 0.0000000000000000000, 0.0000000000000000000, 1.000000000000000000 ) ) ;
#267 = DIRECTION ( 'NONE',  ( 1.000000000000000000, 0.0000000000000000000, 0.0000000000000000000 ) ) ;
#268 = EDGE_LOOP ( 'NONE', ( #789, #1595, #2075, #126 ) ) ;
#269 = ORIENTED_EDGE ( 'NONE', *, *, #2599, .F. ) ;
#270 = AXIS2_PLACEMENT_3D ( 'NONE', #2366, #2229, #1223 ) ;
#271 = ORIENTED_EDGE ( 'NONE', *, *, #290, .T. ) ;
#272 = LINE ( 'NONE', #203, #762 ) ;
#273 = PRODUCT_DEFINITION ( 'UNKNOWN', '', #418, #1880 ) ;
#274 = ORIENTED_EDGE ( 'NONE', *, *, #346, .F. ) ;
#275 = EDGE_CURVE ( 'NONE', #1246, #465, #2403, .T. ) ;
#276 = CARTESIAN_POINT ( 'NONE',  ( 3.824999999999998400, -3.530000000000005100, -2.215000000000013200 ) ) ;
#277 = CARTESIAN_POINT ( 'NONE',  ( -4.675000000000003400, -1.460000000000009500, -2.615000000000011300 ) ) ;
#278 = VERTEX_POINT ( 'NONE', #188 ) ;
#279 = VERTEX_POINT ( 'NONE', #1071 ) ;
#280 = CARTESIAN_POINT ( 'NONE',  ( 1.624999999999998900, -3.530000000000005100, 2.215000000000010500 ) ) ;
#281 = DIRECTION ( 'NONE',  ( -0.0000000000000000000, -0.0000000000000000000, 1.000000000000000000 ) ) ;
#282 = CARTESIAN_POINT ( 'NONE',  ( 4.824999999999998400, -2.460000000000002600, -2.615000000000011800 ) ) ;
#283 = CARTESIAN_POINT ( 'NONE',  ( -6.075000000000001100, -2.460000000000017700, -2.615000000000011300 ) ) ;
#284 = EDGE_CURVE ( 'NONE', #218, #2209, #60, .T. ) ;
#285 = DIRECTION ( 'NONE',  ( 0.0000000000000000000, 0.0000000000000000000, 1.000000000000000000 ) ) ;
#286 = VECTOR ( 'NONE', #1517, 1000.000000000000000 ) ;
#287 = FACE_OUTER_BOUND ( 'NONE', #984, .T. ) ;
#288 = AXIS2_PLACEMENT_3D ( 'NONE', #1193, #1269, #1276 ) ;
#289 = LINE ( 'NONE', #1889, #1321 ) ;
#290 = EDGE_CURVE ( 'NONE', #2512, #573, #622, .T. ) ;
#291 = DIRECTION ( 'NONE',  ( -1.000000000000000000, -0.0000000000000000000, 0.0000000000000000000 ) ) ;
#292 = PLANE ( 'NONE',  #1226 ) ;
#293 = CYLINDRICAL_SURFACE ( 'NONE', #1479, 0.2000000000000000900 ) ;
#294 = DIRECTION ( 'NONE',  ( 1.000000000000000000, 0.0000000000000000000, 0.0000000000000000000 ) ) ;
#295 = CARTESIAN_POINT ( 'NONE',  ( 3.624999999999998200, -2.260000000000002500, 2.415000000000006700 ) ) ;
#296 = DIRECTION ( 'NONE',  ( -1.734723475976779700E-016, 1.355525017164419300E-031, -1.000000000000000000 ) ) ;
#297 = CARTESIAN_POINT ( 'NONE',  ( 3.824999999999998400, -2.460000000000003100, -2.415000000000009400 ) ) ;
#298 = ORIENTED_EDGE ( 'NONE', *, *, #65, .F. ) ;
#299 = DIRECTION ( 'NONE',  ( 1.261617073437678000E-016, -0.0000000000000000000, 1.000000000000000000 ) ) ;
#300 = VERTEX_POINT ( 'NONE', #239 ) ;
#301 = LINE ( 'NONE', #1540, #1887 ) ;
#302 = PLANE ( 'NONE',  #341 ) ;
#303 = CARTESIAN_POINT ( 'NONE',  ( -4.875000000000002700, -1.460000000000009500, -2.615000000000011300 ) ) ;
#304 = ORIENTED_EDGE ( 'NONE', *, *, #1520, .T. ) ;
#305 = ORIENTED_EDGE ( 'NONE', *, *, #1610, .F. ) ;
#306 = CARTESIAN_POINT ( 'NONE',  ( -6.875000000000001800, -3.130000000000001700, -2.215000000000011800 ) ) ;
#307 = VERTEX_POINT ( 'NONE', #446 ) ;
#308 = ORIENTED_EDGE ( 'NONE', *, *, #1785, .T. ) ;
#309 = CARTESIAN_POINT ( 'NONE',  ( 2.924999999999999400, -1.460000000000009500, -2.415000000000004900 ) ) ;
#310 = CARTESIAN_POINT ( 'NONE',  ( 1.425000000000000500, 0.0000000000000000000, -1.344999999999999800 ) ) ;
#311 = DIRECTION ( 'NONE',  ( 0.0000000000000000000, -9.486769009248179600E-016, 1.000000000000000000 ) ) ;
#312 = DIRECTION ( 'NONE',  ( 1.000000000000000000, -0.0000000000000000000, -0.0000000000000000000 ) ) ;
#313 = CARTESIAN_POINT ( 'NONE',  ( 0.6249999999999997800, -1.160000000000001900, 2.614999999999999300 ) ) ;
#314 = CARTESIAN_POINT ( 'NONE',  ( 3.124999999999999600, -1.460000000000009500, 1.825346402802561400 ) ) ;
#315 = CYLINDRICAL_SURFACE ( 'NONE', #1680, 0.2000000000000000900 ) ;
#316 = FACE_OUTER_BOUND ( 'NONE', #2485, .T. ) ;
#317 = CARTESIAN_POINT ( 'NONE',  ( 4.624999999999999100, -3.130000000000001700, 2.415000000000008900 ) ) ;
#318 = VECTOR ( 'NONE', #472, 1000.000000000000000 ) ;
#319 = EDGE_CURVE ( 'NONE', #1216, #890, #1115, .T. ) ;
#320 = LINE ( 'NONE', #417, #1973 ) ;
#321 = DIRECTION ( 'NONE',  ( -0.0000000000000000000, -1.000000000000000000, -0.0000000000000000000 ) ) ;
#322 = CARTESIAN_POINT ( 'NONE',  ( 4.825000000000000200, -2.260000000000002900, -2.615000000000011800 ) ) ;
#323 = ORIENTED_EDGE ( 'NONE', *, *, #1652, .T. ) ;
#324 = CIRCLE ( 'NONE', #31, 0.1999999999999996500 ) ;
#325 = AXIS2_PLACEMENT_3D ( 'NONE', #456, #629, #803 ) ;
#326 = EDGE_CURVE ( 'NONE', #1279, #1676, #1732, .T. ) ;
#327 = LINE ( 'NONE', #1916, #2393 ) ;
#328 = CARTESIAN_POINT ( 'NONE',  ( 6.875000000000000900, -0.3999999999999986900, -2.615000000000001100 ) ) ;
#329 = CARTESIAN_POINT ( 'NONE',  ( 3.824999999999998400, -2.460000000000002600, 2.415000000000006700 ) ) ;
#330 = CARTESIAN_POINT ( 'NONE',  ( -6.875000000000000000, -3.530000000000007800, -1.340000000000011600 ) ) ;
#331 = DIRECTION ( 'NONE',  ( 0.0000000000000000000, 0.0000000000000000000, 1.000000000000000000 ) ) ;
#332 = DIRECTION ( 'NONE',  ( 0.0000000000000000000, 0.0000000000000000000, 1.000000000000000000 ) ) ;
#333 = EDGE_LOOP ( 'NONE', ( #1761, #2419, #2515, #1297 ) ) ;
#334 = VERTEX_POINT ( 'NONE', #1687 ) ;
#335 = EDGE_LOOP ( 'NONE', ( #2143, #1634, #1424, #692 ) ) ;
#336 = ORIENTED_EDGE ( 'NONE', *, *, #685, .T. ) ;
#337 = VECTOR ( 'NONE', #1457, 1000.000000000000000 ) ;
#338 = EDGE_CURVE ( 'NONE', #2560, #1766, #2644, .T. ) ;
#339 = ORIENTED_EDGE ( 'NONE', *, *, #986, .T. ) ;
#340 = DIRECTION ( 'NONE',  ( 1.261617073437678000E-016, -7.007812709066389500E-015, 1.000000000000000000 ) ) ;
#341 = AXIS2_PLACEMENT_3D ( 'NONE', #330, #340, #352 ) ;
#342 = CARTESIAN_POINT ( 'NONE',  ( 6.875000000000000900, -0.2000000000000005100, -2.215000000000001600 ) ) ;
#343 = DIRECTION ( 'NONE',  ( 1.000000000000000000, 0.0000000000000000000, 0.0000000000000000000 ) ) ;
#344 = ORIENTED_EDGE ( 'NONE', *, *, #1851, .T. ) ;
#345 = AXIS2_PLACEMENT_3D ( 'NONE', #359, #1799, #567 ) ;
#346 = EDGE_CURVE ( 'NONE', #1519, #369, #2144, .T. ) ;
#347 = ORIENTED_EDGE ( 'NONE', *, *, #735, .F. ) ;
#348 = DIRECTION ( 'NONE',  ( 1.734723475976778700E-016, -1.412005226212935900E-031, 1.000000000000000000 ) ) ;
#349 = CARTESIAN_POINT ( 'NONE',  ( -6.874999999999999100, -0.3999999999999995800, 2.615000000000000700 ) ) ;
#350 = EDGE_LOOP ( 'NONE', ( #271, #2581, #2186, #1209 ) ) ;
#351 = CARTESIAN_POINT ( 'NONE',  ( 0.4250000000000006600, 0.0000000000000000000, -2.215000000000003000 ) ) ;
#352 = DIRECTION ( 'NONE',  ( 0.0000000000000000000, -1.000000000000000000, -7.007812709066389500E-015 ) ) ;
#353 = CARTESIAN_POINT ( 'NONE',  ( -5.375000000000000000, 0.0000000000000000000, 1.175000000000000300 ) ) ;
#354 = CARTESIAN_POINT ( 'NONE',  ( 4.824999999999998400, -2.460000000000002600, -2.615000000000011800 ) ) ;
#355 = LINE ( 'NONE', #1362, #834 ) ;
#356 = LINE ( 'NONE', #1090, #2475 ) ;
#357 = DIRECTION ( 'NONE',  ( 0.0000000000000000000, -0.0000000000000000000, 1.000000000000000000 ) ) ;
#358 = CIRCLE ( 'NONE', #1716, 0.2000000000000000900 ) ;
#359 = CARTESIAN_POINT ( 'NONE',  ( -4.875000000000001800, -2.260000000000017100, -2.615000000000011300 ) ) ;
#360 = AXIS2_PLACEMENT_3D ( 'NONE', #905, #1609, #2038 ) ;
#361 = VECTOR ( 'NONE', #517, 1000.000000000000000 ) ;
#362 = CARTESIAN_POINT ( 'NONE',  ( 1.625000000000000900, -0.3999999999999990800, 2.214999999999999900 ) ) ;
#363 = EDGE_LOOP ( 'NONE', ( #853, #444, #1602, #1981 ) ) ;
#364 = EDGE_CURVE ( 'NONE', #2107, #1518, #497, .T. ) ;
#365 =( NAMED_UNIT ( * ) PLANE_ANGLE_UNIT ( ) SI_UNIT ( $, .RADIAN. ) );
#366 = ADVANCED_FACE ( 'NONE', ( #1185 ), #1507, .F. ) ;
#367 = DIRECTION ( 'NONE',  ( -1.261617073437678000E-016, -0.0000000000000000000, -1.000000000000000000 ) ) ;
#368 = CARTESIAN_POINT ( 'NONE',  ( -2.965583816072031000E-030, -3.330000000000008100, -1.340000000000011600 ) ) ;
#369 = VERTEX_POINT ( 'NONE', #1084 ) ;
#370 = FACE_OUTER_BOUND ( 'NONE', #1158, .T. ) ;
#371 = ORIENTED_EDGE ( 'NONE', *, *, #1954, .T. ) ;
#372 = DIRECTION ( 'NONE',  ( 1.000000000000000000, 0.0000000000000000000, 0.0000000000000000000 ) ) ;
#373 = ORIENTED_EDGE ( 'NONE', *, *, #763, .F. ) ;
#374 = EDGE_CURVE ( 'NONE', #1651, #1072, #985, .T. ) ;
#375 = ORIENTED_EDGE ( 'NONE', *, *, #374, .F. ) ;
#376 = CARTESIAN_POINT ( 'NONE',  ( 4.824999999999998400, -2.460000000000002600, -2.415000000000009800 ) ) ;
#377 = ADVANCED_FACE ( 'NONE', ( #1529 ), #1463, .F. ) ;
#378 = DIRECTION ( 'NONE',  ( 0.0000000000000000000, -1.000000000000000000, -3.516331370223257300E-015 ) ) ;
#379 = AXIS2_PLACEMENT_3D ( 'NONE', #2304, #2362, #2382 ) ;
#380 = ORIENTED_EDGE ( 'NONE', *, *, #2555, .F. ) ;
#381 = EDGE_CURVE ( 'NONE', #651, #913, #2011, .T. ) ;
#382 = ADVANCED_FACE ( 'NONE', ( #370 ), #1953, .T. ) ;
#383 = DIRECTION ( 'NONE',  ( 0.0000000000000000000, 1.000000000000000000, 0.0000000000000000000 ) ) ;
#384 = CARTESIAN_POINT ( 'NONE',  ( 6.875000000000000000, -3.130000000000001700, -2.215000000000011800 ) ) ;
#385 = CYLINDRICAL_SURFACE ( 'NONE', #1256, 0.2000000000000000400 ) ;
#386 = DIRECTION ( 'NONE',  ( 7.814069711607240800E-016, 1.000000000000000000, -0.0000000000000000000 ) ) ;
#387 = LINE ( 'NONE', #662, #511 ) ;
#388 = DIRECTION ( 'NONE',  ( -0.0000000000000000000, -0.0000000000000000000, -1.000000000000000000 ) ) ;
#389 = CARTESIAN_POINT ( 'NONE',  ( -4.374999999999999100, -0.2000000000000000100, -0.3449999999999994200 ) ) ;
#390 = CIRCLE ( 'NONE', #2193, 0.1999999999999996500 ) ;
#391 = LINE ( 'NONE', #1437, #2447 ) ;
#392 = ORIENTED_EDGE ( 'NONE', *, *, #2220, .F. ) ;
#393 = CARTESIAN_POINT ( 'NONE',  ( -6.075000000000001100, -3.530000000000009600, -2.215000000000013200 ) ) ;
#394 = EDGE_CURVE ( 'NONE', #1645, #96, #2486, .T. ) ;
#395 = VECTOR ( 'NONE', #2567, 1000.000000000000000 ) ;
#396 = VECTOR ( 'NONE', #1782, 1000.000000000000000 ) ;
#397 = ADVANCED_FACE ( 'NONE', ( #2539 ), #2537, .T. ) ;
#398 = CARTESIAN_POINT ( 'NONE',  ( 6.875000000000000900, -0.3999999999999984700, 2.414999999999999600 ) ) ;
#399 = CARTESIAN_POINT ( 'NONE',  ( -6.874999999999999100, -0.3999999999999995800, -2.415000000000000500 ) ) ;
#400 = AXIS2_PLACEMENT_3D ( 'NONE', #1725, #1317, #56 ) ;
#401 = CARTESIAN_POINT ( 'NONE',  ( -5.875000000000001800, -2.260000000000017100, -2.615000000000011300 ) ) ;
#402 = CARTESIAN_POINT ( 'NONE',  ( 6.675000000000000700, -2.060000000000002300, 2.415000000000006300 ) ) ;
#403 = VERTEX_POINT ( 'NONE', #2238 ) ;
#404 = VERTEX_POINT ( 'NONE', #393 ) ;
#405 = EDGE_LOOP ( 'NONE', ( #825, #2517, #2041, #531 ) ) ;
#406 = ORIENTED_EDGE ( 'NONE', *, *, #979, .T. ) ;
#407 = CARTESIAN_POINT ( 'NONE',  ( -5.875000000000001800, -2.460000000000017700, -2.615000000000011300 ) ) ;
#408 = VECTOR ( 'NONE', #2376, 1000.000000000000000 ) ;
#409 = CARTESIAN_POINT ( 'NONE',  ( -4.875000000000001800, -2.260000000000017100, -2.615000000000011300 ) ) ;
#410 = ORIENTED_EDGE ( 'NONE', *, *, #217, .T. ) ;
#411 = ADVANCED_FACE ( 'NONE', ( #849 ), #2429, .F. ) ;
#412 = ORIENTED_EDGE ( 'NONE', *, *, #598, .T. ) ;
#413 = ORIENTED_EDGE ( 'NONE', *, *, #2212, .T. ) ;
#414 = AXIS2_PLACEMENT_3D ( 'NONE', #429, #1870, #210 ) ;
#415 = DIRECTION ( 'NONE',  ( -0.0000000000000000000, -0.0000000000000000000, 1.000000000000000000 ) ) ;
#416 = ORIENTED_EDGE ( 'NONE', *, *, #1247, .T. ) ;
#417 = CARTESIAN_POINT ( 'NONE',  ( -6.875000000000001800, -1.360000000000001900, 2.614999999999998900 ) ) ;
#418 = PRODUCT_DEFINITION_FORMATION_WITH_SPECIFIED_SOURCE ( 'ANY', '', #785, .NOT_KNOWN. ) ;
#419 = EDGE_CURVE ( 'NONE', #1735, #1645, #1403, .T. ) ;
#420 = DIRECTION ( 'NONE',  ( 0.0000000000000000000, -0.0000000000000000000, 1.000000000000000000 ) ) ;
#421 = LINE ( 'NONE', #1192, #2474 ) ;
#422 = VECTOR ( 'NONE', #1912, 1000.000000000000000 ) ;
#423 = ADVANCED_FACE ( 'NONE', ( #1335 ), #68, .F. ) ;
#424 = DIRECTION ( 'NONE',  ( -0.0000000000000000000, 6.858209091071094100E-015, -1.000000000000000000 ) ) ;
#425 = DIRECTION ( 'NONE',  ( -1.000000000000000000, 0.0000000000000000000, 0.0000000000000000000 ) ) ;
#426 = DIRECTION ( 'NONE',  ( -1.000000000000000000, -0.0000000000000000000, -0.0000000000000000000 ) ) ;
#427 = ORIENTED_EDGE ( 'NONE', *, *, #1679, .T. ) ;
#428 = CIRCLE ( 'NONE', #512, 0.4000000000000001900 ) ;
#429 = CARTESIAN_POINT ( 'NONE',  ( -6.874999999999999100, -0.4000000000000003000, -2.215000000000001200 ) ) ;
#430 = EDGE_CURVE ( 'NONE', #2611, #949, #301, .T. ) ;
#431 = AXIS2_PLACEMENT_3D ( 'NONE', #1801, #1810, #1821 ) ;
#432 = CARTESIAN_POINT ( 'NONE',  ( 4.624999999999999100, -3.330000000000008100, 1.340000000000008700 ) ) ;
#433 = AXIS2_PLACEMENT_3D ( 'NONE', #974, #983, #998 ) ;
#434 = EDGE_CURVE ( 'NONE', #1289, #1279, #791, .T. ) ;
#435 = CARTESIAN_POINT ( 'NONE',  ( 0.4250000000000006600, -0.2000000000000000100, 2.215000000000001600 ) ) ;
#436 = ORIENTED_EDGE ( 'NONE', *, *, #828, .T. ) ;
#437 = UNCERTAINTY_MEASURE_WITH_UNIT (LENGTH_MEASURE( 1.000000000000000100E-005 ), #2628, 'distance_accuracy_value', 'NONE');
#438 = CARTESIAN_POINT ( 'NONE',  ( 4.825000000000000200, -2.260000000000002500, 2.614999999999998900 ) ) ;
#439 = VECTOR ( 'NONE', #1104, 1000.000000000000000 ) ;
#440 = ORIENTED_EDGE ( 'NONE', *, *, #24, .F. ) ;
#441 = VERTEX_POINT ( 'NONE', #925 ) ;
#442 = CARTESIAN_POINT ( 'NONE',  ( -6.875000000000000000, -3.530000000000007800, -1.340000000000011600 ) ) ;
#443 = DIRECTION ( 'NONE',  ( 0.0000000000000000000, 1.000000000000000000, 0.0000000000000000000 ) ) ;
#444 = ORIENTED_EDGE ( 'NONE', *, *, #137, .T. ) ;
#445 = EDGE_LOOP ( 'NONE', ( #2, #756, #1527, #2545 ) ) ;
#446 = CARTESIAN_POINT ( 'NONE',  ( 3.824999999999998400, -3.330000000000006300, -1.340000000000011600 ) ) ;
#447 = AXIS2_PLACEMENT_3D ( 'NONE', #1421, #176, #1640 ) ;
#448 = CYLINDRICAL_SURFACE ( 'NONE', #570, 0.4000000000000001900 ) ;
#449 = FACE_OUTER_BOUND ( 'NONE', #64, .T. ) ;
#450 = DIRECTION ( 'NONE',  ( 1.000000000000000000, 0.0000000000000000000, 0.0000000000000000000 ) ) ;
#451 = DIRECTION ( 'NONE',  ( -1.000000000000000000, 2.797115114783764800E-031, 8.260587980841940000E-017 ) ) ;
#452 = VECTOR ( 'NONE', #386, 1000.000000000000000 ) ;
#453 = VECTOR ( 'NONE', #1653, 1000.000000000000000 ) ;
#454 = EDGE_LOOP ( 'NONE', ( #1351, #1962, #50, #1 ) ) ;
#455 = LINE ( 'NONE', #1096, #1005 ) ;
#456 = CARTESIAN_POINT ( 'NONE',  ( 6.875000000000000000, -3.130000000000001700, -2.215000000000011800 ) ) ;
#457 = CARTESIAN_POINT ( 'NONE',  ( -6.075000000000001100, -3.130000000000000800, -2.615000000000010400 ) ) ;
#458 = VECTOR ( 'NONE', #1372, 1000.000000000000000 ) ;
#459 = CARTESIAN_POINT ( 'NONE',  ( 3.824999999999998800, -2.460000000000002600, -2.615000000000011800 ) ) ;
#460 = EDGE_CURVE ( 'NONE', #847, #1187, #915, .T. ) ;
#461 = ORIENTED_EDGE ( 'NONE', *, *, #1757, .F. ) ;
#462 = ORIENTED_EDGE ( 'NONE', *, *, #1491, .F. ) ;
#463 = CARTESIAN_POINT ( 'NONE',  ( 6.875000000000000000, -3.530000000000002000, -2.215000000000014100 ) ) ;
#464 = AXIS2_PLACEMENT_3D ( 'NONE', #2453, #1697, #1786 ) ;
#465 = VERTEX_POINT ( 'NONE', #303 ) ;
#466 = EDGE_CURVE ( 'NONE', #1991, #1216, #718, .T. ) ;
#467 = ORIENTED_EDGE ( 'NONE', *, *, #2140, .F. ) ;
#468 = VECTOR ( 'NONE', #296, 1000.000000000000000 ) ;
#469 = CARTESIAN_POINT ( 'NONE',  ( 0.6249999999999997800, -1.160000000000001900, 2.615000000000002900 ) ) ;
#470 = ORIENTED_EDGE ( 'NONE', *, *, #1430, .T. ) ;
#471 = ORIENTED_EDGE ( 'NONE', *, *, #1360, .T. ) ;
#472 = DIRECTION ( 'NONE',  ( 1.000000000000000000, 8.841176161211703900E-031, -1.261617073437678000E-016 ) ) ;
#473 = ORIENTED_EDGE ( 'NONE', *, *, #142, .F. ) ;
#474 = CARTESIAN_POINT ( 'NONE',  ( 3.324999999999998800, -2.260000000000002500, -2.415000000000008500 ) ) ;
#475 = CARTESIAN_POINT ( 'NONE',  ( 3.324999999999998800, -2.060000000000002300, -2.615000000000006900 ) ) ;
#476 = ORIENTED_EDGE ( 'NONE', *, *, #1183, .T. ) ;
#477 = EDGE_CURVE ( 'NONE', #300, #962, #1824, .T. ) ;
#478 = DIRECTION ( 'NONE',  ( 1.261617073437678000E-016, -0.0000000000000000000, 1.000000000000000000 ) ) ;
#479 = AXIS2_PLACEMENT_3D ( 'NONE', #848, #855, #862 ) ;
#480 = EDGE_CURVE ( 'NONE', #918, #1643, #2302, .T. ) ;
#481 = CYLINDRICAL_SURFACE ( 'NONE', #1729, 0.1999999999999996500 ) ;
#482 = VECTOR ( 'NONE', #2101, 1000.000000000000000 ) ;
#483 = CARTESIAN_POINT ( 'NONE',  ( 6.875000000000000000, -2.060000000000002300, -2.615000000000013100 ) ) ;
#484 = DIRECTION ( 'NONE',  ( -1.000000000000000000, 0.0000000000000000000, 0.0000000000000000000 ) ) ;
#485 = CLOSED_SHELL ( 'NONE', ( #575, #411, #2427, #1812, #2597, #2609, #1004, #815, #1443, #377, #2219, #2232, #1418, #2261, #159, #2605, #2430, #802, #989, #1155, #1027, #2250, #1612, #542, #2552, #149, #1195, #163, #1842, #1662, #524, #194, #1611, #1625, #2455, #1248, #1758, #366, #2026, #1015, #2635, #1222, #1409, #999, #2218, #594, #604, #1172, #1773, #2623, #617, #1352, #1395, #582, #1630, #1818, #1827, #823, #2040, #1647, #727, #1431, #1234, #423, #2440, #788, #2595, #1855, #397, #2274, #179, #382, #2053, #1554, #1206, #1406, #2470, #2012 ) ) ;
#486 = CARTESIAN_POINT ( 'NONE',  ( 1.625000000000000900, -0.3999999999999990800, 2.614999999999999800 ) ) ;
#487 = VERTEX_POINT ( 'NONE', #936 ) ;
#488 = LINE ( 'NONE', #153, #1037 ) ;
#489 = ORIENTED_EDGE ( 'NONE', *, *, #2030, .F. ) ;
#490 = EDGE_LOOP ( 'NONE', ( #101, #1379, #1955, #15, #1439, #1304, #2324, #1086, #1698, #161, #2433, #971, #1569, #1767 ) ) ;
#491 = CARTESIAN_POINT ( 'NONE',  ( -5.174999999999999800, -0.2000000000000000100, -1.544999999999999900 ) ) ;
#492 = ORIENTED_EDGE ( 'NONE', *, *, #1205, .T. ) ;
#493 = CARTESIAN_POINT ( 'NONE',  ( 1.625000000000000900, 5.421010862427522200E-016, -1.344999999999999800 ) ) ;
#494 = CARTESIAN_POINT ( 'NONE',  ( 0.6250000000000007800, 0.0000000000000000000, -0.3449999999999999200 ) ) ;
#495 = DIRECTION ( 'NONE',  ( 0.0000000000000000000, 0.0000000000000000000, 1.000000000000000000 ) ) ;
#496 = EDGE_LOOP ( 'NONE', ( #18, #2624, #1755, #2507 ) ) ;
#497 = LINE ( 'NONE', #2432, #2072 ) ;
#498 = ORIENTED_EDGE ( 'NONE', *, *, #2586, .T. ) ;
#499 = EDGE_CURVE ( 'NONE', #2305, #1890, #1756, .T. ) ;
#500 = CARTESIAN_POINT ( 'NONE',  ( 3.824999999999998400, -3.130000000000002100, 2.215000000000009200 ) ) ;
#501 = DIRECTION ( 'NONE',  ( 1.000000000000000000, 0.0000000000000000000, 0.0000000000000000000 ) ) ;
#502 = ORIENTED_EDGE ( 'NONE', *, *, #872, .F. ) ;
#503 = CARTESIAN_POINT ( 'NONE',  ( -4.574999999999999300, -0.2000000000000000100, 1.375000000000000700 ) ) ;
#504 = DIRECTION ( 'NONE',  ( -0.0000000000000000000, -0.0000000000000000000, -1.000000000000000000 ) ) ;
#505 = CARTESIAN_POINT ( 'NONE',  ( -6.875000000000000900, -1.160000000000001700, 2.615000000000012200 ) ) ;
#506 = ORIENTED_EDGE ( 'NONE', *, *, #2596, .F. ) ;
#507 = DIRECTION ( 'NONE',  ( -1.000000000000000000, -0.0000000000000000000, -0.0000000000000000000 ) ) ;
#508 = CARTESIAN_POINT ( 'NONE',  ( 6.875000000000000900, -0.1999999999999993400, 2.615000000000006000 ) ) ;
#509 = EDGE_CURVE ( 'NONE', #2209, #200, #1212, .T. ) ;
#510 = CARTESIAN_POINT ( 'NONE',  ( -5.375000000000000000, -0.2000000000000000100, 1.175000000000000300 ) ) ;
#511 = VECTOR ( 'NONE', #671, 1000.000000000000000 ) ;
#512 = AXIS2_PLACEMENT_3D ( 'NONE', #536, #539, #548 ) ;
#513 = LINE ( 'NONE', #174, #1546 ) ;
#514 = CARTESIAN_POINT ( 'NONE',  ( 6.675000000000000700, -2.260000000000002500, 2.415000000000006300 ) ) ;
#515 = VECTOR ( 'NONE', #590, 1000.000000000000000 ) ;
#516 = EDGE_CURVE ( 'NONE', #800, #819, #652, .T. ) ;
#517 = DIRECTION ( 'NONE',  ( 1.000000000000000000, 4.436263692538165700E-031, -1.261617073437678000E-016 ) ) ;
#518 = DIRECTION ( 'NONE',  ( 1.000000000000000000, 2.168404344971007700E-015, 0.0000000000000000000 ) ) ;
#519 = VECTOR ( 'NONE', #854, 1000.000000000000000 ) ;
#520 = CARTESIAN_POINT ( 'NONE',  ( -5.375000000000000000, -0.2000000000000000100, -1.344999999999999800 ) ) ;
#521 = LINE ( 'NONE', #1506, #1556 ) ;
#522 = DIRECTION ( 'NONE',  ( 0.0000000000000000000, 1.000000000000000000, 0.0000000000000000000 ) ) ;
#523 = CARTESIAN_POINT ( 'NONE',  ( -5.375000000000000000, -0.2000000000000000100, -0.3449999999999999200 ) ) ;
#524 = ADVANCED_FACE ( 'NONE', ( #232 ), #110, .F. ) ;
#525 = CARTESIAN_POINT ( 'NONE',  ( 1.625000000000000900, -0.2000000000000000100, -0.3449999999999999200 ) ) ;
#526 = DIRECTION ( 'NONE',  ( 1.000000000000000000, -0.0000000000000000000, -0.0000000000000000000 ) ) ;
#527 = EDGE_CURVE ( 'NONE', #1475, #279, #23, .T. ) ;
#528 = ORIENTED_EDGE ( 'NONE', *, *, #81, .F. ) ;
#529 = CYLINDRICAL_SURFACE ( 'NONE', #1744, 0.2000000000000000900 ) ;
#530 = ORIENTED_EDGE ( 'NONE', *, *, #1067, .T. ) ;
#531 = ORIENTED_EDGE ( 'NONE', *, *, #2331, .F. ) ;
#532 = DIRECTION ( 'NONE',  ( -1.000000000000000000, -0.0000000000000000000, 0.0000000000000000000 ) ) ;
#533 = ORIENTED_EDGE ( 'NONE', *, *, #1067, .F. ) ;
#534 = LINE ( 'NONE', #523, #2621 ) ;
#535 = ORIENTED_EDGE ( 'NONE', *, *, #1224, .T. ) ;
#536 = CARTESIAN_POINT ( 'NONE',  ( 3.824999999999998400, -3.130000000000001700, -2.215000000000011800 ) ) ;
#537 = CARTESIAN_POINT ( 'NONE',  ( 1.943902935153772900E-030, -3.330000000000008100, 1.340000000000008700 ) ) ;
#538 = ORIENTED_EDGE ( 'NONE', *, *, #609, .F. ) ;
#539 = DIRECTION ( 'NONE',  ( 1.000000000000000000, 0.0000000000000000000, 0.0000000000000000000 ) ) ;
#540 = ORIENTED_EDGE ( 'NONE', *, *, #2479, .F. ) ;
#541 = CARTESIAN_POINT ( 'NONE',  ( 1.624999999999998900, -3.130000000000001700, 2.615000000000004700 ) ) ;
#542 = ADVANCED_FACE ( 'NONE', ( #2177 ), #529, .F. ) ;
#543 = DIRECTION ( 'NONE',  ( 1.000000000000000000, 0.0000000000000000000, 0.0000000000000000000 ) ) ;
#544 = ORIENTED_EDGE ( 'NONE', *, *, #2123, .F. ) ;
#545 = CARTESIAN_POINT ( 'NONE',  ( 3.324999999999998800, -2.260000000000002500, -2.615000000000009500 ) ) ;
#546 = LINE ( 'NONE', #687, #2196 ) ;
#547 = CARTESIAN_POINT ( 'NONE',  ( -6.875000000000000000, -0.3999999999999995200, 2.615000000000000200 ) ) ;
#548 = DIRECTION ( 'NONE',  ( 0.0000000000000000000, 0.0000000000000000000, -1.000000000000000000 ) ) ;
#549 = FACE_OUTER_BOUND ( 'NONE', #1920, .T. ) ;
#550 = DIRECTION ( 'NONE',  ( -1.000000000000000000, -5.665283958780279300E-031, 3.885370194960614100E-045 ) ) ;
#551 = VECTOR ( 'NONE', #646, 1000.000000000000000 ) ;
#552 = DIRECTION ( 'NONE',  ( 0.0000000000000000000, 1.000000000000000000, 0.0000000000000000000 ) ) ;
#553 = PLANE ( 'NONE',  #2016 ) ;
#554 = ORIENTED_EDGE ( 'NONE', *, *, #2197, .T. ) ;
#555 = PRODUCT_RELATED_PRODUCT_CATEGORY ( 'part', '', ( #785 ) ) ;
#556 = EDGE_CURVE ( 'NONE', #2052, #307, #1633, .T. ) ;
#557 = DIRECTION ( 'NONE',  ( 0.0000000000000000000, 0.0000000000000000000, -1.000000000000000000 ) ) ;
#558 = VECTOR ( 'NONE', #2547, 1000.000000000000000 ) ;
#559 = CARTESIAN_POINT ( 'NONE',  ( 6.875000000000000000, -2.060000000000002300, -2.615000000000006900 ) ) ;
#560 = DIRECTION ( 'NONE',  ( 1.000000000000000000, 0.0000000000000000000, 0.0000000000000000000 ) ) ;
#561 = DIRECTION ( 'NONE',  ( -1.095153709581317900E-016, -0.0000000000000000000, -1.000000000000000000 ) ) ;
#562 = DIRECTION ( 'NONE',  ( 5.681283993081916200E-031, -1.000000000000000000, 0.0000000000000000000 ) ) ;
#563 = CARTESIAN_POINT ( 'NONE',  ( 2.424999999999998900, -2.460000000000003100, 2.415000000000006700 ) ) ;
#564 = ORIENTED_EDGE ( 'NONE', *, *, #137, .F. ) ;
#565 = ORIENTED_EDGE ( 'NONE', *, *, #891, .F. ) ;
#566 = VECTOR ( 'NONE', #2085, 1000.000000000000000 ) ;
#567 = DIRECTION ( 'NONE',  ( 0.0000000000000000000, 0.0000000000000000000, 1.000000000000000000 ) ) ;
#568 = EDGE_CURVE ( 'NONE', #215, #2174, #1323, .T. ) ;
#569 = VERTEX_POINT ( 'NONE', #1582 ) ;
#570 = AXIS2_PLACEMENT_3D ( 'NONE', #1765, #1614, #1598 ) ;
#571 = CARTESIAN_POINT ( 'NONE',  ( 1.624999999999998900, -3.530000000000007800, 1.340000000000008700 ) ) ;
#572 = DIRECTION ( 'NONE',  ( 0.0000000000000000000, -4.336808689942025600E-015, 1.000000000000000000 ) ) ;
#573 = VERTEX_POINT ( 'NONE', #1789 ) ;
#574 = EDGE_CURVE ( 'NONE', #1849, #569, #1076, .T. ) ;
#575 = ADVANCED_FACE ( 'NONE', ( #592 ), #553, .F. ) ;
#576 = DIRECTION ( 'NONE',  ( -1.000000000000000000, 5.681283993081916200E-031, 8.260587980841941200E-017 ) ) ;
#577 = CARTESIAN_POINT ( 'NONE',  ( 3.624999999999998200, -2.260000000000002500, -2.615000000000011800 ) ) ;
#578 = CARTESIAN_POINT ( 'NONE',  ( 6.875000000000000900, -5.421010862427522200E-016, -2.215000000000002100 ) ) ;
#579 = FACE_OUTER_BOUND ( 'NONE', #1703, .T. ) ;
#580 = VECTOR ( 'NONE', #104, 1000.000000000000000 ) ;
#581 = LINE ( 'NONE', #2025, #2164 ) ;
#582 = ADVANCED_FACE ( 'NONE', ( #2359 ), #148, .F. ) ;
#583 = DIRECTION ( 'NONE',  ( -1.000000000000000000, -0.0000000000000000000, 0.0000000000000000000 ) ) ;
#584 = AXIS2_PLACEMENT_3D ( 'NONE', #2598, #156, #1616 ) ;
#585 = LINE ( 'NONE', #114, #12 ) ;
#586 = CARTESIAN_POINT ( 'NONE',  ( 3.824999999999998400, -2.460000000000004000, -2.615000000000011800 ) ) ;
#587 = VECTOR ( 'NONE', #1294, 1000.000000000000000 ) ;
#588 = CARTESIAN_POINT ( 'NONE',  ( -3.299128647039528300E-016, -3.129999999999999400, -2.615000000000010400 ) ) ;
#589 = DIRECTION ( 'NONE',  ( 0.0000000000000000000, 0.0000000000000000000, 1.000000000000000000 ) ) ;
#590 = DIRECTION ( 'NONE',  ( -0.0000000000000000000, -1.000000000000000000, 0.0000000000000000000 ) ) ;
#591 = ORIENTED_EDGE ( 'NONE', *, *, #32, .F. ) ;
#592 = FACE_OUTER_BOUND ( 'NONE', #2622, .T. ) ;
#593 = EDGE_LOOP ( 'NONE', ( #2574, #202, #1843, #412, #591, #722, #240, #2063, #470, #660, #827, #2488 ) ) ;
#594 = ADVANCED_FACE ( 'NONE', ( #1808 ), #1748, .F. ) ;
#595 = ORIENTED_EDGE ( 'NONE', *, *, #1083, .F. ) ;
#596 = CIRCLE ( 'NONE', #2516, 0.2000000000000000400 ) ;
#597 = ORIENTED_EDGE ( 'NONE', *, *, #843, .F. ) ;
#598 = EDGE_CURVE ( 'NONE', #1531, #2489, #221, .T. ) ;
#599 = VERTEX_POINT ( 'NONE', #563 ) ;
#600 = CARTESIAN_POINT ( 'NONE',  ( 0.4250000000000006600, -0.2000000000000000100, 1.375000000000000400 ) ) ;
#601 = VERTEX_POINT ( 'NONE', #140 ) ;
#602 = EDGE_CURVE ( 'NONE', #2512, #170, #1201, .T. ) ;
#603 = CARTESIAN_POINT ( 'NONE',  ( -5.174999999999999800, -0.2000000000000000100, -1.344999999999999800 ) ) ;
#604 = ADVANCED_FACE ( 'NONE', ( #2290 ), #1391, .F. ) ;
#605 = CARTESIAN_POINT ( 'NONE',  ( -4.374999999999999100, 0.0000000000000000000, -0.3449999999999993600 ) ) ;
#606 = VECTOR ( 'NONE', #562, 1000.000000000000000 ) ;
#607 = FACE_OUTER_BOUND ( 'NONE', #2100, .T. ) ;
#608 = LINE ( 'NONE', #2081, #674 ) ;
#609 = EDGE_CURVE ( 'NONE', #1475, #1119, #637, .T. ) ;
#610 = VECTOR ( 'NONE', #1715, 1000.000000000000000 ) ;
#611 = FACE_OUTER_BOUND ( 'NONE', #268, .T. ) ;
#612 = DIRECTION ( 'NONE',  ( -1.000000000000000000, 0.0000000000000000000, 0.0000000000000000000 ) ) ;
#613 = VERTEX_POINT ( 'NONE', #578 ) ;
#614 = EDGE_CURVE ( 'NONE', #307, #821, #2227, .T. ) ;
#615 = DIRECTION ( 'NONE',  ( -0.0000000000000000000, 0.0000000000000000000, -1.000000000000000000 ) ) ;
#616 = ORIENTED_EDGE ( 'NONE', *, *, #1253, .T. ) ;
#617 = ADVANCED_FACE ( 'NONE', ( #75 ), #1407, .F. ) ;
#618 = DIRECTION ( 'NONE',  ( -0.0000000000000000000, -1.000000000000000000, -0.0000000000000000000 ) ) ;
#619 = ORIENTED_EDGE ( 'NONE', *, *, #1365, .T. ) ;
#620 = ORIENTED_EDGE ( 'NONE', *, *, #47, .T. ) ;
#621 = DIRECTION ( 'NONE',  ( -0.0000000000000000000, -0.0000000000000000000, -1.000000000000000000 ) ) ;
#622 = LINE ( 'NONE', #2297, #2210 ) ;
#623 = CARTESIAN_POINT ( 'NONE',  ( 4.624999999999999100, -3.330000000000001800, -2.215000000000013600 ) ) ;
#624 = PRODUCT_DEFINITION_SHAPE ( 'NONE', 'NONE',  #273 ) ;
#625 = ORIENTED_EDGE ( 'NONE', *, *, #1868, .F. ) ;
#626 = EDGE_LOOP ( 'NONE', ( #1759, #2640, #2215, #2643 ) ) ;
#627 = ORIENTED_EDGE ( 'NONE', *, *, #228, .T. ) ;
#628 = AXIS2_PLACEMENT_3D ( 'NONE', #1723, #61, #2074 ) ;
#629 = DIRECTION ( 'NONE',  ( 1.000000000000000000, 0.0000000000000000000, 0.0000000000000000000 ) ) ;
#630 = DIRECTION ( 'NONE',  ( -0.0000000000000000000, -1.000000000000000000, -0.0000000000000000000 ) ) ;
#631 = CARTESIAN_POINT ( 'NONE',  ( -5.174999999999999800, -0.2000000000000000100, -1.344999999999999800 ) ) ;
#632 = EDGE_CURVE ( 'NONE', #1528, #1700, #705, .T. ) ;
#633 = PRESENTATION_STYLE_ASSIGNMENT (( #1659 ) ) ;
#634 = VECTOR ( 'NONE', #2553, 1000.000000000000000 ) ;
#635 = DIRECTION ( 'NONE',  ( 0.0000000000000000000, 0.0000000000000000000, -1.000000000000000000 ) ) ;
#636 = VECTOR ( 'NONE', #2078, 1000.000000000000000 ) ;
#637 = CIRCLE ( 'NONE', #5, 0.1999999999999996500 ) ;
#638 = DIRECTION ( 'NONE',  ( -1.000000000000000000, -0.0000000000000000000, -0.0000000000000000000 ) ) ;
#639 = CARTESIAN_POINT ( 'NONE',  ( 1.624999999999999800, -3.130000000000002100, 2.215000000000009200 ) ) ;
#640 = LINE ( 'NONE', #955, #519 ) ;
#641 = EDGE_CURVE ( 'NONE', #2105, #1042, #581, .T. ) ;
#642 = FACE_OUTER_BOUND ( 'NONE', #1468, .T. ) ;
#643 = ORIENTED_EDGE ( 'NONE', *, *, #189, .T. ) ;
#644 = AXIS2_PLACEMENT_3D ( 'NONE', #2437, #2511, #2514 ) ;
#645 = EDGE_CURVE ( 'NONE', #1604, #2241, #1262, .T. ) ;
#646 = DIRECTION ( 'NONE',  ( 0.0000000000000000000, -1.000000000000000000, -3.516331370223257300E-015 ) ) ;
#647 = EDGE_LOOP ( 'NONE', ( #58, #765, #380, #462 ) ) ;
#648 = DIRECTION ( 'NONE',  ( -1.000000000000000000, -0.0000000000000000000, 0.0000000000000000000 ) ) ;
#649 = ORIENTED_EDGE ( 'NONE', *, *, #1578, .T. ) ;
#650 = DIRECTION ( 'NONE',  ( 0.0000000000000000000, 1.000000000000000000, 0.0000000000000000000 ) ) ;
#651 = VERTEX_POINT ( 'NONE', #2607 ) ;
#652 = LINE ( 'NONE', #322, #1699 ) ;
#653 = ORIENTED_EDGE ( 'NONE', *, *, #1938, .F. ) ;
#654 = ORIENTED_EDGE ( 'NONE', *, *, #2325, .F. ) ;
#655 = ORIENTED_EDGE ( 'NONE', *, *, #2003, .F. ) ;
#656 = ORIENTED_EDGE ( 'NONE', *, *, #812, .T. ) ;
#657 = CARTESIAN_POINT ( 'NONE',  ( 4.624999999999999100, -2.460000000000003100, 2.415000000000006700 ) ) ;
#658 = PLANE ( 'NONE',  #761 ) ;
#659 = VERTEX_POINT ( 'NONE', #1208 ) ;
#660 = ORIENTED_EDGE ( 'NONE', *, *, #47, .F. ) ;
#661 = EDGE_CURVE ( 'NONE', #684, #2625, #2603, .T. ) ;
#662 = CARTESIAN_POINT ( 'NONE',  ( 2.424999999999998900, 8.854643328202932300E-015, 2.414999999999998700 ) ) ;
#663 = DIRECTION ( 'NONE',  ( -0.0000000000000000000, -0.0000000000000000000, 1.000000000000000000 ) ) ;
#664 = ORIENTED_EDGE ( 'NONE', *, *, #843, .T. ) ;
#665 = AXIS2_PLACEMENT_3D ( 'NONE', #1521, #1736, #2344 ) ;
#666 = EDGE_CURVE ( 'NONE', #2617, #1429, #1619, .T. ) ;
#667 = CARTESIAN_POINT ( 'NONE',  ( 6.875000000000000900, -0.3999999999999984700, 2.615000000000002900 ) ) ;
#668 = CARTESIAN_POINT ( 'NONE',  ( 4.625000000000000000, -3.330000000000016900, -2.350621181743642900E-014 ) ) ;
#669 = DIRECTION ( 'NONE',  ( -1.000000000000000000, 2.797115114783764800E-031, 8.260587980841940000E-017 ) ) ;
#670 = VECTOR ( 'NONE', #501, 1000.000000000000000 ) ;
#671 = DIRECTION ( 'NONE',  ( -0.0000000000000000000, -1.000000000000000000, 3.386096875029803300E-015 ) ) ;
#672 = CARTESIAN_POINT ( 'NONE',  ( 1.624999999999999800, -3.130000000000002100, 2.215000000000009200 ) ) ;
#673 = FACE_OUTER_BOUND ( 'NONE', #2538, .T. ) ;
#674 = VECTOR ( 'NONE', #638, 1000.000000000000000 ) ;
#675 = EDGE_LOOP ( 'NONE', ( #947, #856, #1044, #2236 ) ) ;
#676 = LINE ( 'NONE', #1453, #1722 ) ;
#677 = CARTESIAN_POINT ( 'NONE',  ( 3.624999999999998700, -2.460000000000002600, 2.614999999999998900 ) ) ;
#678 = LINE ( 'NONE', #2247, #1787 ) ;
#679 = DIRECTION ( 'NONE',  ( -1.000000000000000000, 0.0000000000000000000, 0.0000000000000000000 ) ) ;
#680 = DIRECTION ( 'NONE',  ( -1.000000000000000000, 0.0000000000000000000, 0.0000000000000000000 ) ) ;
#681 = AXIS2_PLACEMENT_3D ( 'NONE', #277, #2115, #886 ) ;
#682 = ORIENTED_EDGE ( 'NONE', *, *, #1014, .F. ) ;
#683 = CARTESIAN_POINT ( 'NONE',  ( 3.824999999999998400, -3.130000000000001700, 2.415000000000008900 ) ) ;
#684 = VERTEX_POINT ( 'NONE', #1009 ) ;
#685 = EDGE_CURVE ( 'NONE', #1676, #599, #1548, .T. ) ;
#686 = DIRECTION ( 'NONE',  ( -1.734723475976778700E-016, -0.0000000000000000000, -1.000000000000000000 ) ) ;
#687 = CARTESIAN_POINT ( 'NONE',  ( 1.994931997373327400E-016, -3.130000000000002100, 2.415000000000009400 ) ) ;
#688 = VERTEX_POINT ( 'NONE', #1626 ) ;
#689 = LINE ( 'NONE', #829, #2277 ) ;
#690 = DIRECTION ( 'NONE',  ( 0.0000000000000000000, 6.858209091071092500E-015, 1.000000000000000000 ) ) ;
#691 = EDGE_LOOP ( 'NONE', ( #1215, #535, #92, #1562, #1402, #1603, #29, #2527 ) ) ;
#692 = ORIENTED_EDGE ( 'NONE', *, *, #1465, .F. ) ;
#693 = CARTESIAN_POINT ( 'NONE',  ( 0.4250000000000006600, 0.0000000000000000000, -0.5449999999999999300 ) ) ;
#694 = CARTESIAN_POINT ( 'NONE',  ( -6.874999999999999100, -3.252606517456513300E-016, -2.614999999999999800 ) ) ;
#695 = EDGE_CURVE ( 'NONE', #817, #921, #2551, .T. ) ;
#696 = CARTESIAN_POINT ( 'NONE',  ( 2.424999999999998900, -3.130000000000002100, 2.615000000000004200 ) ) ;
#697 = AXIS2_PLACEMENT_3D ( 'NONE', #1935, #1941, #1945 ) ;
#698 = AXIS2_PLACEMENT_3D ( 'NONE', #1052, #1058, #1008 ) ;
#699 = EDGE_CURVE ( 'NONE', #2446, #2478, #10, .T. ) ;
#700 = VECTOR ( 'NONE', #1557, 1000.000000000000000 ) ;
#701 = LINE ( 'NONE', #933, #634 ) ;
#702 = DIRECTION ( 'NONE',  ( 0.0000000000000000000, 0.0000000000000000000, 1.000000000000000000 ) ) ;
#703 = VECTOR ( 'NONE', #1404, 1000.000000000000000 ) ;
#704 = CARTESIAN_POINT ( 'NONE',  ( 4.624999999999999100, -3.330000000000016900, 2.353225871647511300E-014 ) ) ;
#705 = LINE ( 'NONE', #586, #1132 ) ;
#706 = FACE_OUTER_BOUND ( 'NONE', #732, .T. ) ;
#707 = CARTESIAN_POINT ( 'NONE',  ( -5.875000000000001800, -2.460000000000017700, -2.415000000000007600 ) ) ;
#708 = FACE_OUTER_BOUND ( 'NONE', #2303, .T. ) ;
#709 = DIRECTION ( 'NONE',  ( -0.0000000000000000000, -0.0000000000000000000, -1.000000000000000000 ) ) ;
#710 = ORIENTED_EDGE ( 'NONE', *, *, #1263, .F. ) ;
#711 = DIRECTION ( 'NONE',  ( 0.0000000000000000000, -0.0000000000000000000, 1.000000000000000000 ) ) ;
#712 = ORIENTED_EDGE ( 'NONE', *, *, #838, .T. ) ;
#713 = ORIENTED_EDGE ( 'NONE', *, *, #1845, .F. ) ;
#714 = CARTESIAN_POINT ( 'NONE',  ( 4.624999999999999100, -3.530000000000007400, 1.340000000000009600 ) ) ;
#715 = CARTESIAN_POINT ( 'NONE',  ( -5.375000000000000000, 0.0000000000000000000, 1.175000000000000300 ) ) ;
#716 = AXIS2_PLACEMENT_3D ( 'NONE', #1019, #2454, #1229 ) ;
#717 = ORIENTED_EDGE ( 'NONE', *, *, #828, .F. ) ;
#718 = LINE ( 'NONE', #2373, #162 ) ;
#719 = ORIENTED_EDGE ( 'NONE', *, *, #1021, .T. ) ;
#720 = CARTESIAN_POINT ( 'NONE',  ( -6.875000000000000000, -3.530000000000005600, -1.340000000000011600 ) ) ;
#721 = ORIENTED_EDGE ( 'NONE', *, *, #1915, .T. ) ;
#722 = ORIENTED_EDGE ( 'NONE', *, *, #2610, .T. ) ;
#723 = DIRECTION ( 'NONE',  ( 0.0000000000000000000, 0.0000000000000000000, -1.000000000000000000 ) ) ;
#724 = VERTEX_POINT ( 'NONE', #401 ) ;
#725 = CARTESIAN_POINT ( 'NONE',  ( 3.124999999999999100, -1.460000000000009500, -2.615000000000006400 ) ) ;
#726 = CARTESIAN_POINT ( 'NONE',  ( 1.625000000000000900, -0.2000000000000000100, -1.344999999999999800 ) ) ;
#727 = ADVANCED_FACE ( 'NONE', ( #1481 ), #2256, .T. ) ;
#728 = DIRECTION ( 'NONE',  ( 0.0000000000000000000, 0.0000000000000000000, -1.000000000000000000 ) ) ;
#729 = ORIENTED_EDGE ( 'NONE', *, *, #32, .T. ) ;
#730 = ORIENTED_EDGE ( 'NONE', *, *, #763, .T. ) ;
#731 = DIRECTION ( 'NONE',  ( 0.0000000000000000000, 0.0000000000000000000, 1.000000000000000000 ) ) ;
#732 = EDGE_LOOP ( 'NONE', ( #844, #2521, #1793, #184 ) ) ;
#733 = CARTESIAN_POINT ( 'NONE',  ( 1.425000000000000500, -0.2000000000000000100, -1.544999999999999700 ) ) ;
#734 = DIRECTION ( 'NONE',  ( 1.000000000000000000, 0.0000000000000000000, 0.0000000000000000000 ) ) ;
#735 = EDGE_CURVE ( 'NONE', #465, #1025, #1003, .T. ) ;
#736 = DIRECTION ( 'NONE',  ( -0.0000000000000000000, -0.0000000000000000000, 1.000000000000000000 ) ) ;
#737 = DIRECTION ( 'NONE',  ( 1.000000000000000000, 0.0000000000000000000, 0.0000000000000000000 ) ) ;
#738 = CIRCLE ( 'NONE', #2139, 0.2000000000000000900 ) ;
#739 = AXIS2_PLACEMENT_3D ( 'NONE', #1613, #2384, #2461 ) ;
#740 = VECTOR ( 'NONE', #621, 1000.000000000000000 ) ;
#741 = CARTESIAN_POINT ( 'NONE',  ( 1.624999999999998700, 8.854643328202932300E-015, 2.414999999999998700 ) ) ;
#742 = LINE ( 'NONE', #435, #2388 ) ;
#743 = EDGE_CURVE ( 'NONE', #921, #404, #935, .T. ) ;
#744 = CARTESIAN_POINT ( 'NONE',  ( -3.046805232351991900E-016, -1.260000000000009300, -2.415000000000004000 ) ) ;
#745 = VERTEX_POINT ( 'NONE', #2266 ) ;
#746 = CARTESIAN_POINT ( 'NONE',  ( 6.875000000000000900, -0.4000000000000003000, -2.215000000000001200 ) ) ;
#747 = VECTOR ( 'NONE', #1778, 1000.000000000000000 ) ;
#748 = DIRECTION ( 'NONE',  ( -0.0000000000000000000, -6.858209091071092500E-015, -1.000000000000000000 ) ) ;
#749 = CARTESIAN_POINT ( 'NONE',  ( -6.875000000000001800, -3.129999999999999900, -2.615000000000010400 ) ) ;
#750 = LINE ( 'NONE', #2095, #187 ) ;
#751 = CARTESIAN_POINT ( 'NONE',  ( -5.075000000000001100, -2.260000000000016700, -2.615000000000011300 ) ) ;
#752 = CARTESIAN_POINT ( 'NONE',  ( -5.075000000000001100, -2.060000000000016900, -2.615000000000011300 ) ) ;
#753 = PLANE ( 'NONE',  #1627 ) ;
#754 = CARTESIAN_POINT ( 'NONE',  ( 2.624999999999998700, -2.460000000000002600, -2.615000000000011800 ) ) ;
#755 = EDGE_CURVE ( 'NONE', #96, #819, #1417, .T. ) ;
#756 = ORIENTED_EDGE ( 'NONE', *, *, #948, .F. ) ;
#757 = VERTEX_POINT ( 'NONE', #2248 ) ;
#758 = PLANE ( 'NONE',  #888 ) ;
#759 = CARTESIAN_POINT ( 'NONE',  ( -6.875000000000000000, -0.3999999999999996300, 2.415000000000000500 ) ) ;
#760 = ORIENTED_EDGE ( 'NONE', *, *, #275, .F. ) ;
#761 = AXIS2_PLACEMENT_3D ( 'NONE', #1121, #1639, #1694 ) ;
#762 = VECTOR ( 'NONE', #1414, 1000.000000000000000 ) ;
#763 = EDGE_CURVE ( 'NONE', #959, #1306, #391, .T. ) ;
#764 = ORIENTED_EDGE ( 'NONE', *, *, #2036, .F. ) ;
#765 = ORIENTED_EDGE ( 'NONE', *, *, #2465, .F. ) ;
#766 = ORIENTED_EDGE ( 'NONE', *, *, #338, .F. ) ;
#767 = CARTESIAN_POINT ( 'NONE',  ( 4.624999999999999100, -3.130000000000001700, -2.215000000000011800 ) ) ;
#768 = ORIENTED_EDGE ( 'NONE', *, *, #2259, .T. ) ;
#769 = DIRECTION ( 'NONE',  ( 1.000000000000000000, -0.0000000000000000000, 7.325690354631788600E-017 ) ) ;
#770 = CARTESIAN_POINT ( 'NONE',  ( -6.874999999999999100, -0.2000000000000000100, 2.215000000000001200 ) ) ;
#771 = CARTESIAN_POINT ( 'NONE',  ( 1.624999999999999800, -3.130000000000002100, 2.215000000000009200 ) ) ;
#772 = CARTESIAN_POINT ( 'NONE',  ( 2.625000000000000000, -2.260000000000002500, -2.615000000000011800 ) ) ;
#773 = LINE ( 'NONE', #1511, #286 ) ;
#774 = CARTESIAN_POINT ( 'NONE',  ( 6.874999999999998200, -3.530000000000007800, 1.340000000000009800 ) ) ;
#775 = AXIS2_PLACEMENT_3D ( 'NONE', #1128, #1333, #77 ) ;
#776 = VECTOR ( 'NONE', #2546, 1000.000000000000000 ) ;
#777 = CARTESIAN_POINT ( 'NONE',  ( -4.875000000000002700, -1.460000000000009500, -2.415000000000004500 ) ) ;
#778 = ORIENTED_EDGE ( 'NONE', *, *, #556, .F. ) ;
#779 = LINE ( 'NONE', #1899, #2289 ) ;
#780 = VECTOR ( 'NONE', #1373, 1000.000000000000000 ) ;
#781 = EDGE_CURVE ( 'NONE', #991, #1706, #320, .T. ) ;
#782 = FACE_OUTER_BOUND ( 'NONE', #363, .T. ) ;
#783 = ORIENTED_EDGE ( 'NONE', *, *, #1349, .T. ) ;
#784 = LINE ( 'NONE', #786, #1817 ) ;
#785 = PRODUCT ( 'PRO-OB-536', 'PRO-OB-536', '', ( #1257 ) ) ;
#786 = CARTESIAN_POINT ( 'NONE',  ( -6.075000000000001100, 9.195206533133814300E-015, -2.414999999999998700 ) ) ;
#787 = CARTESIAN_POINT ( 'NONE',  ( -5.075000000000001100, -2.060000000000016900, -2.415000000000006700 ) ) ;
#788 = ADVANCED_FACE ( 'NONE', ( #1909 ), #2472, .T. ) ;
#789 = ORIENTED_EDGE ( 'NONE', *, *, #2558, .F. ) ;
#790 = EDGE_LOOP ( 'NONE', ( #2449, #1022, #1147, #2481 ) ) ;
#791 = LINE ( 'NONE', #1960, #2371 ) ;
#792 = EDGE_CURVE ( 'NONE', #1519, #922, #808, .T. ) ;
#793 = CARTESIAN_POINT ( 'NONE',  ( 6.875000000000000900, -0.3999999999999990800, 2.214999999999999900 ) ) ;
#794 = ORIENTED_EDGE ( 'NONE', *, *, #602, .F. ) ;
#795 = DIRECTION ( 'NONE',  ( 0.0000000000000000000, 0.0000000000000000000, 1.000000000000000000 ) ) ;
#796 = VERTEX_POINT ( 'NONE', #623 ) ;
#797 = AXIS2_PLACEMENT_3D ( 'NONE', #229, #243, #254 ) ;
#798 = EDGE_CURVE ( 'NONE', #2636, #601, #1841, .T. ) ;
#799 = ORIENTED_EDGE ( 'NONE', *, *, #1124, .F. ) ;
#800 = VERTEX_POINT ( 'NONE', #1869 ) ;
#801 = VERTEX_POINT ( 'NONE', #1041 ) ;
#802 = ADVANCED_FACE ( 'NONE', ( #2501 ), #2322, .F. ) ;
#803 = DIRECTION ( 'NONE',  ( 0.0000000000000000000, 0.0000000000000000000, -1.000000000000000000 ) ) ;
#804 = CYLINDRICAL_SURFACE ( 'NONE', #1811, 0.2000000000000000900 ) ;
#805 = LINE ( 'NONE', #167, #1837 ) ;
#806 = EDGE_CURVE ( 'NONE', #1370, #745, #742, .T. ) ;
#807 = LINE ( 'NONE', #493, #1840 ) ;
#808 = LINE ( 'NONE', #1447, #1357 ) ;
#809 = ORIENTED_EDGE ( 'NONE', *, *, #574, .T. ) ;
#810 = AXIS2_PLACEMENT_3D ( 'NONE', #491, #1118, #2536 ) ;
#811 = VECTOR ( 'NONE', #1526, 1000.000000000000000 ) ;
#812 = EDGE_CURVE ( 'NONE', #1641, #1525, #256, .T. ) ;
#813 = CARTESIAN_POINT ( 'NONE',  ( -2.965583816072031000E-030, -3.330000000000016900, -2.350621181743642900E-014 ) ) ;
#814 = VECTOR ( 'NONE', #1939, 1000.000000000000000 ) ;
#815 = ADVANCED_FACE ( 'NONE', ( #1780 ), #1718, .F. ) ;
#816 = CARTESIAN_POINT ( 'NONE',  ( 0.6250000000000005600, 9.195206533133815800E-015, 2.414999999999998700 ) ) ;
#817 = VERTEX_POINT ( 'NONE', #2482 ) ;
#818 = EDGE_LOOP ( 'NONE', ( #1242, #1910, #2251, #1074 ) ) ;
#819 = VERTEX_POINT ( 'NONE', #1264 ) ;
#820 = FACE_OUTER_BOUND ( 'NONE', #1505, .T. ) ;
#821 = VERTEX_POINT ( 'NONE', #4 ) ;
#822 = AXIS2_PLACEMENT_3D ( 'NONE', #1917, #875, #1494 ) ;
#823 = ADVANCED_FACE ( 'NONE', ( #113 ), #223, .F. ) ;
#824 = DIRECTION ( 'NONE',  ( 0.0000000000000000000, 0.0000000000000000000, 1.000000000000000000 ) ) ;
#825 = ORIENTED_EDGE ( 'NONE', *, *, #1585, .T. ) ;
#826 = CARTESIAN_POINT ( 'NONE',  ( 6.875000000000000900, -0.2000000000000000100, 2.614999999999998900 ) ) ;
#827 = ORIENTED_EDGE ( 'NONE', *, *, #2487, .F. ) ;
#828 = EDGE_CURVE ( 'NONE', #2562, #1560, #608, .T. ) ;
#829 = CARTESIAN_POINT ( 'NONE',  ( 2.160143756990166300E-016, -3.130000000000002100, 2.615000000000009100 ) ) ;
#830 = ORIENTED_EDGE ( 'NONE', *, *, #838, .F. ) ;
#831 = CARTESIAN_POINT ( 'NONE',  ( 4.189357194483987700E-016, -1.360000000000001900, 2.415000000000003600 ) ) ;
#832 = ORIENTED_EDGE ( 'NONE', *, *, #1807, .F. ) ;
#833 = DIRECTION ( 'NONE',  ( -0.0000000000000000000, -1.000000000000000000, 3.516331370223257300E-015 ) ) ;
#834 = VECTOR ( 'NONE', #1322, 1000.000000000000000 ) ;
#835 = CIRCLE ( 'NONE', #1087, 0.2000000000000000900 ) ;
#836 = ORIENTED_EDGE ( 'NONE', *, *, #1520, .F. ) ;
#837 = CIRCLE ( 'NONE', #2122, 0.2000000000000000900 ) ;
#838 = EDGE_CURVE ( 'NONE', #2617, #1538, #183, .T. ) ;
#839 = AXIS2_PLACEMENT_3D ( 'NONE', #1770, #1830, #1848 ) ;
#840 = VECTOR ( 'NONE', #264, 1000.000000000000000 ) ;
#841 = CARTESIAN_POINT ( 'NONE',  ( -6.874999999999999100, -1.626303258728256700E-016, -2.215000000000002100 ) ) ;
#842 = AXIS2_PLACEMENT_3D ( 'NONE', #946, #1060, #1113 ) ;
#843 = EDGE_CURVE ( 'NONE', #2039, #103, #2260, .T. ) ;
#844 = ORIENTED_EDGE ( 'NONE', *, *, #527, .F. ) ;
#845 = ORIENTED_EDGE ( 'NONE', *, *, #2030, .T. ) ;
#846 = DIRECTION ( 'NONE',  ( -1.000000000000000000, -0.0000000000000000000, -0.0000000000000000000 ) ) ;
#847 = VERTEX_POINT ( 'NONE', #1892 ) ;
#848 = CARTESIAN_POINT ( 'NONE',  ( 6.875000000000000900, -0.4000000000000003000, -2.215000000000001200 ) ) ;
#849 = FACE_OUTER_BOUND ( 'NONE', #496, .T. ) ;
#850 = ORIENTED_EDGE ( 'NONE', *, *, #74, .F. ) ;
#851 = DIRECTION ( 'NONE',  ( -0.0000000000000000000, 1.000000000000000000, 3.516331370223257300E-015 ) ) ;
#852 = ORIENTED_EDGE ( 'NONE', *, *, #394, .T. ) ;
#853 = ORIENTED_EDGE ( 'NONE', *, *, #2220, .T. ) ;
#854 = DIRECTION ( 'NONE',  ( 1.000000000000000000, 0.0000000000000000000, -0.0000000000000000000 ) ) ;
#855 = DIRECTION ( 'NONE',  ( -1.000000000000000000, -0.0000000000000000000, -0.0000000000000000000 ) ) ;
#856 = ORIENTED_EDGE ( 'NONE', *, *, #97, .F. ) ;
#857 = CARTESIAN_POINT ( 'NONE',  ( -6.875000000000000900, -3.530000000000002000, -2.415000000000011600 ) ) ;
#858 = PLANE ( 'NONE',  #141 ) ;
#859 = ORIENTED_EDGE ( 'NONE', *, *, #2020, .F. ) ;
#860 = VECTOR ( 'NONE', #2163, 1000.000000000000000 ) ;
#861 = VECTOR ( 'NONE', #52, 1000.000000000000000 ) ;
#862 = DIRECTION ( 'NONE',  ( 0.0000000000000000000, -2.574980159653082800E-014, -1.000000000000000000 ) ) ;
#863 = LINE ( 'NONE', #442, #318 ) ;
#864 = VECTOR ( 'NONE', #199, 1000.000000000000000 ) ;
#865 = VECTOR ( 'NONE', #1143, 1000.000000000000000 ) ;
#866 = CARTESIAN_POINT ( 'NONE',  ( -5.075000000000001100, -2.060000000000016900, -2.615000000000011300 ) ) ;
#867 = EDGE_CURVE ( 'NONE', #1376, #1053, #1170, .T. ) ;
#868 = CIRCLE ( 'NONE', #1682, 0.3999999999999997400 ) ;
#869 = CARTESIAN_POINT ( 'NONE',  ( -6.874999999999999100, -0.3999999999999995200, 2.215000000000000700 ) ) ;
#870 = DIRECTION ( 'NONE',  ( 1.000000000000000000, -0.0000000000000000000, 0.0000000000000000000 ) ) ;
#871 = AXIS2_PLACEMENT_3D ( 'NONE', #2377, #2141, #2206 ) ;
#872 = EDGE_CURVE ( 'NONE', #2305, #170, #45, .T. ) ;
#873 = CARTESIAN_POINT ( 'NONE',  ( 4.624999999999999100, -3.530000000000002900, -2.615000000000011800 ) ) ;
#874 = ORIENTED_EDGE ( 'NONE', *, *, #1292, .T. ) ;
#875 = DIRECTION ( 'NONE',  ( -1.178480622266852700E-016, 0.0000000000000000000, -1.000000000000000000 ) ) ;
#876 = ORIENTED_EDGE ( 'NONE', *, *, #1063, .T. ) ;
#877 = ORIENTED_EDGE ( 'NONE', *, *, #1534, .T. ) ;
#878 = ORIENTED_EDGE ( 'NONE', *, *, #695, .T. ) ;
#879 = CYLINDRICAL_SURFACE ( 'NONE', #681, 0.1999999999999996500 ) ;
#880 = DIRECTION ( 'NONE',  ( 0.0000000000000000000, 0.0000000000000000000, -1.000000000000000000 ) ) ;
#881 = ORIENTED_EDGE ( 'NONE', *, *, #2309, .T. ) ;
#882 = DIRECTION ( 'NONE',  ( 1.000000000000000000, 0.0000000000000000000, 0.0000000000000000000 ) ) ;
#883 = CARTESIAN_POINT ( 'NONE',  ( 1.425000000000000500, -0.2000000000000000100, -1.344999999999999800 ) ) ;
#884 = EDGE_LOOP ( 'NONE', ( #2070, #506, #1032, #1795 ) ) ;
#885 = EDGE_CURVE ( 'NONE', #2105, #1957, #1657, .T. ) ;
#886 = DIRECTION ( 'NONE',  ( -1.000000000000000000, 0.0000000000000000000, 0.0000000000000000000 ) ) ;
#887 = ORIENTED_EDGE ( 'NONE', *, *, #364, .T. ) ;
#888 = AXIS2_PLACEMENT_3D ( 'NONE', #826, #870, #880 ) ;
#889 = AXIS2_PLACEMENT_3D ( 'NONE', #67, #76, #99 ) ;
#890 = VERTEX_POINT ( 'NONE', #1903 ) ;
#891 = EDGE_CURVE ( 'NONE', #1283, #2397, #1030, .T. ) ;
#892 = CARTESIAN_POINT ( 'NONE',  ( 1.625000000000000900, -0.3999999999999990800, 2.214999999999999900 ) ) ;
#893 = CARTESIAN_POINT ( 'NONE',  ( 0.6250000000000005600, -0.2000000000000000100, 2.614999999999999300 ) ) ;
#894 = DIRECTION ( 'NONE',  ( -0.0000000000000000000, -1.000000000000000000, -0.0000000000000000000 ) ) ;
#895 = CARTESIAN_POINT ( 'NONE',  ( 1.624999999999999800, -3.130000000000002100, 2.215000000000009200 ) ) ;
#896 = VECTOR ( 'NONE', #1301, 1000.000000000000000 ) ;
#897 = FACE_OUTER_BOUND ( 'NONE', #171, .T. ) ;
#898 = CIRCLE ( 'NONE', #1165, 0.1999999999999996500 ) ;
#899 = VERTEX_POINT ( 'NONE', #657 ) ;
#900 = PLANE ( 'NONE',  #810 ) ;
#901 = LINE ( 'NONE', #525, #2480 ) ;
#902 = DIRECTION ( 'NONE',  ( 0.0000000000000000000, 0.0000000000000000000, 1.000000000000000000 ) ) ;
#903 = PLANE ( 'NONE',  #1181 ) ;
#904 = DIRECTION ( 'NONE',  ( -1.000000000000000000, 0.0000000000000000000, 0.0000000000000000000 ) ) ;
#905 = CARTESIAN_POINT ( 'NONE',  ( -6.875000000000000000, -3.530000000000007800, -1.340000000000011600 ) ) ;
#906 = ORIENTED_EDGE ( 'NONE', *, *, #867, .F. ) ;
#907 = AXIS2_PLACEMENT_3D ( 'NONE', #1353, #100, #1559 ) ;
#908 = ORIENTED_EDGE ( 'NONE', *, *, #798, .T. ) ;
#909 = PLANE ( 'NONE',  #1441 ) ;
#910 = VERTEX_POINT ( 'NONE', #1701 ) ;
#911 = EDGE_CURVE ( 'NONE', #613, #166, #1584, .T. ) ;
#912 = DIRECTION ( 'NONE',  ( 0.0000000000000000000, -0.0000000000000000000, 1.000000000000000000 ) ) ;
#913 = VERTEX_POINT ( 'NONE', #1079 ) ;
#914 = ORIENTED_EDGE ( 'NONE', *, *, #338, .T. ) ;
#915 = CIRCLE ( 'NONE', #211, 0.3999999999999993000 ) ;
#916 = DIRECTION ( 'NONE',  ( 7.325690354631788600E-017, 0.0000000000000000000, -1.000000000000000000 ) ) ;
#917 = DIRECTION ( 'NONE',  ( 0.0000000000000000000, 0.0000000000000000000, 1.000000000000000000 ) ) ;
#918 = VERTEX_POINT ( 'NONE', #2505 ) ;
#919 = ORIENTED_EDGE ( 'NONE', *, *, #911, .F. ) ;
#920 = CARTESIAN_POINT ( 'NONE',  ( -4.374999999999999100, -0.2000000000000000100, 1.175000000000000300 ) ) ;
#921 = VERTEX_POINT ( 'NONE', #457 ) ;
#922 = VERTEX_POINT ( 'NONE', #33 ) ;
#923 = EDGE_CURVE ( 'NONE', #2181, #2400, #966, .T. ) ;
#924 = PLANE ( 'NONE',  #433 ) ;
#925 = CARTESIAN_POINT ( 'NONE',  ( 4.824999999999999300, -2.260000000000002500, -2.615000000000011800 ) ) ;
#926 = AXIS2_PLACEMENT_3D ( 'NONE', #2543, #2522, #2526 ) ;
#927 = DIRECTION ( 'NONE',  ( -0.0000000000000000000, -1.000000000000000000, 0.0000000000000000000 ) ) ;
#928 = EDGE_CURVE ( 'NONE', #821, #796, #2633, .T. ) ;
#929 = DIRECTION ( 'NONE',  ( -0.0000000000000000000, -0.0000000000000000000, -1.000000000000000000 ) ) ;
#930 = DIRECTION ( 'NONE',  ( -0.0000000000000000000, -1.000000000000000000, -0.0000000000000000000 ) ) ;
#931 = FACE_OUTER_BOUND ( 'NONE', #445, .T. ) ;
#932 = FACE_OUTER_BOUND ( 'NONE', #1334, .T. ) ;
#933 = CARTESIAN_POINT ( 'NONE',  ( 2.625000000000000000, -2.260000000000002500, -2.615000000000011800 ) ) ;
#934 = FACE_OUTER_BOUND ( 'NONE', #2113, .T. ) ;
#935 = CIRCLE ( 'NONE', #996, 0.4000000000000001900 ) ;
#936 = CARTESIAN_POINT ( 'NONE',  ( 0.6250000000000005600, -0.3999999999999988000, 2.615000000000001500 ) ) ;
#937 = ORIENTED_EDGE ( 'NONE', *, *, #419, .F. ) ;
#938 = LINE ( 'NONE', #2629, #2450 ) ;
#939 = CARTESIAN_POINT ( 'NONE',  ( 0.4250000000000006600, 0.0000000000000000000, -0.3449999999999999200 ) ) ;
#940 = CARTESIAN_POINT ( 'NONE',  ( 1.624999999999998900, -3.330000000000016900, 2.353225871647511300E-014 ) ) ;
#941 = VECTOR ( 'NONE', #1983, 1000.000000000000000 ) ;
#942 = CARTESIAN_POINT ( 'NONE',  ( -4.174999999999999800, -0.2000000000000000100, -0.5449999999999992600 ) ) ;
#943 = CARTESIAN_POINT ( 'NONE',  ( -5.174999999999999800, 0.0000000000000000000, -1.544999999999999900 ) ) ;
#944 = EDGE_CURVE ( 'NONE', #2052, #2611, #2578, .T. ) ;
#945 = CARTESIAN_POINT ( 'NONE',  ( 1.943902935153772900E-030, -3.330000000000016900, 2.353225871647511300E-014 ) ) ;
#946 = CARTESIAN_POINT ( 'NONE',  ( -4.374999999999999100, -0.2000000000000000100, -0.3449999999999993600 ) ) ;
#947 = ORIENTED_EDGE ( 'NONE', *, *, #2634, .F. ) ;
#948 = EDGE_CURVE ( 'NONE', #1289, #215, #2524, .T. ) ;
#949 = VERTEX_POINT ( 'NONE', #40 ) ;
#950 = VERTEX_POINT ( 'NONE', #474 ) ;
#951 = CARTESIAN_POINT ( 'NONE',  ( 6.675000000000001600, -2.060000000000002300, -2.615000000000011800 ) ) ;
#952 = ORIENTED_EDGE ( 'NONE', *, *, #2159, .T. ) ;
#953 = FACE_OUTER_BOUND ( 'NONE', #2483, .T. ) ;
#954 = DIRECTION ( 'NONE',  ( 0.0000000000000000000, -1.246832498358332300E-014, -1.000000000000000000 ) ) ;
#955 = CARTESIAN_POINT ( 'NONE',  ( 2.625000000000000000, -2.260000000000002500, 2.614999999999998900 ) ) ;
#956 = ORIENTED_EDGE ( 'NONE', *, *, #2401, .T. ) ;
#957 = CARTESIAN_POINT ( 'NONE',  ( 2.424999999999998900, -3.530000000000002900, 2.614999999999998900 ) ) ;
#958 = EDGE_LOOP ( 'NONE', ( #1043, #1537, #1673, #206 ) ) ;
#959 = VERTEX_POINT ( 'NONE', #1711 ) ;
#960 = DIRECTION ( 'NONE',  ( 1.261617073437696200E-016, 0.0000000000000000000, 1.000000000000000000 ) ) ;
#961 = DIRECTION ( 'NONE',  ( 0.0000000000000000000, 1.000000000000000000, 0.0000000000000000000 ) ) ;
#962 = VERTEX_POINT ( 'NONE', #1924 ) ;
#963 = DIRECTION ( 'NONE',  ( -1.000000000000000000, -0.0000000000000000000, -0.0000000000000000000 ) ) ;
#964 = AXIS2_PLACEMENT_3D ( 'NONE', #603, #2044, #1466 ) ;
#965 = LINE ( 'NONE', #1180, #2523 ) ;
#966 = LINE ( 'NONE', #257, #422 ) ;
#967 = EDGE_CURVE ( 'NONE', #1849, #991, #356, .T. ) ;
#968 = ORIENTED_EDGE ( 'NONE', *, *, #1491, .T. ) ;
#969 = DIRECTION ( 'NONE',  ( 0.0000000000000000000, 0.0000000000000000000, -1.000000000000000000 ) ) ;
#970 = CARTESIAN_POINT ( 'NONE',  ( -4.675000000000003400, -1.260000000000009300, -2.615000000000011300 ) ) ;
#971 = ORIENTED_EDGE ( 'NONE', *, *, #661, .T. ) ;
#972 = DIRECTION ( 'NONE',  ( -5.665283958780279300E-031, 1.000000000000000000, -6.858209091071092500E-015 ) ) ;
#973 = ORIENTED_EDGE ( 'NONE', *, *, #1183, .F. ) ;
#974 = CARTESIAN_POINT ( 'NONE',  ( -3.142407339296265300E-030, -3.530000000000017100, -2.490777435924970600E-014 ) ) ;
#975 = VECTOR ( 'NONE', #348, 1000.000000000000000 ) ;
#976 = DIRECTION ( 'NONE',  ( -1.000000000000000000, 0.0000000000000000000, 0.0000000000000000000 ) ) ;
#977 = ORIENTED_EDGE ( 'NONE', *, *, #477, .F. ) ;
#978 = ORIENTED_EDGE ( 'NONE', *, *, #1592, .F. ) ;
#979 = EDGE_CURVE ( 'NONE', #160, #1706, #2000, .T. ) ;
#980 = CARTESIAN_POINT ( 'NONE',  ( 4.824999999999999300, -2.260000000000002500, -2.415000000000009400 ) ) ;
#981 = DIRECTION ( 'NONE',  ( 0.0000000000000000000, 6.858209091071092500E-015, 1.000000000000000000 ) ) ;
#982 = AXIS2_PLACEMENT_3D ( 'NONE', #2015, #2024, #2033 ) ;
#983 = DIRECTION ( 'NONE',  ( 8.652433682500790400E-031, 1.000000000000000000, 6.858209091071094100E-015 ) ) ;
#984 = EDGE_LOOP ( 'NONE', ( #2300, #1141, #919, #1199, #1666, #242, #209, #2589, #2042, #830, #1985, #492, #169, #1823, #19, #2542, #655, #248 ) ) ;
#985 = CIRCLE ( 'NONE', #2064, 0.1999999999999996500 ) ;
#986 = EDGE_CURVE ( 'NONE', #1189, #651, #1937, .T. ) ;
#987 = VERTEX_POINT ( 'NONE', #276 ) ;
#988 = ORIENTED_EDGE ( 'NONE', *, *, #781, .F. ) ;
#989 = ADVANCED_FACE ( 'NONE', ( #897 ), #2525, .T. ) ;
#990 = CARTESIAN_POINT ( 'NONE',  ( -6.874999999999999100, -0.2000000000000005100, -2.215000000000001600 ) ) ;
#991 = VERTEX_POINT ( 'NONE', #1111 ) ;
#992 = DIRECTION ( 'NONE',  ( 1.000000000000000000, 0.0000000000000000000, 0.0000000000000000000 ) ) ;
#993 = CARTESIAN_POINT ( 'NONE',  ( 0.6250000000000005600, 0.0000000000000000000, 2.215000000000001600 ) ) ;
#994 = CIRCLE ( 'NONE', #431, 0.3999999999999993000 ) ;
#995 = CARTESIAN_POINT ( 'NONE',  ( 4.824999999999998400, -2.460000000000002600, -2.615000000000011800 ) ) ;
#996 = AXIS2_PLACEMENT_3D ( 'NONE', #2466, #1236, #2631 ) ;
#997 = CIRCLE ( 'NONE', #197, 0.1999999999999998700 ) ;
#998 = DIRECTION ( 'NONE',  ( 0.0000000000000000000, -6.858209091071094100E-015, 1.000000000000000000 ) ) ;
#999 = ADVANCED_FACE ( 'NONE', ( #2418 ), #1872, .T. ) ;
#1000 = CARTESIAN_POINT ( 'NONE',  ( 4.624999999999999100, -3.530000000000002900, 2.614999999999998900 ) ) ;
#1001 = VERTEX_POINT ( 'NONE', #693 ) ;
#1002 = LINE ( 'NONE', #503, #2321 ) ;
#1003 = LINE ( 'NONE', #409, #453 ) ;
#1004 = ADVANCED_FACE ( 'NONE', ( #1320 ), #900, .T. ) ;
#1005 = VECTOR ( 'NONE', #963, 1000.000000000000000 ) ;
#1006 = LINE ( 'NONE', #1572, #941 ) ;
#1007 = CARTESIAN_POINT ( 'NONE',  ( 0.6250000000000007800, -0.2000000000000000100, -0.3449999999999999200 ) ) ;
#1008 = DIRECTION ( 'NONE',  ( 0.0000000000000000000, 0.0000000000000000000, 1.000000000000000000 ) ) ;
#1009 = CARTESIAN_POINT ( 'NONE',  ( 4.624999999999999100, -3.130000000000002100, 2.615000000000003800 ) ) ;
#1010 = ORIENTED_EDGE ( 'NONE', *, *, #1400, .F. ) ;
#1011 = ORIENTED_EDGE ( 'NONE', *, *, #234, .T. ) ;
#1012 = ORIENTED_EDGE ( 'NONE', *, *, #480, .T. ) ;
#1013 = ORIENTED_EDGE ( 'NONE', *, *, #1851, .F. ) ;
#1014 = EDGE_CURVE ( 'NONE', #2372, #1518, #1390, .T. ) ;
#1015 = ADVANCED_FACE ( 'NONE', ( #1515 ), #292, .F. ) ;
#1016 = CARTESIAN_POINT ( 'NONE',  ( -6.875000000000000000, -3.530000000000007800, -1.340000000000011600 ) ) ;
#1017 = ORIENTED_EDGE ( 'NONE', *, *, #1798, .T. ) ;
#1018 = LINE ( 'NONE', #1131, #408 ) ;
#1019 = CARTESIAN_POINT ( 'NONE',  ( -4.574999999999999300, -0.2000000000000000100, 1.175000000000000300 ) ) ;
#1020 = ORIENTED_EDGE ( 'NONE', *, *, #2284, .F. ) ;
#1021 = EDGE_CURVE ( 'NONE', #2241, #950, #835, .T. ) ;
#1022 = ORIENTED_EDGE ( 'NONE', *, *, #1785, .F. ) ;
#1023 = ORIENTED_EDGE ( 'NONE', *, *, #2569, .F. ) ;
#1024 = DIRECTION ( 'NONE',  ( 0.0000000000000000000, -0.0000000000000000000, 1.000000000000000000 ) ) ;
#1025 = VERTEX_POINT ( 'NONE', #2352 ) ;
#1026 = CARTESIAN_POINT ( 'NONE',  ( 1.994931997373327400E-016, -2.260000000000002500, 2.415000000000006700 ) ) ;
#1027 = ADVANCED_FACE ( 'NONE', ( #287 ), #2541, .T. ) ;
#1028 = EDGE_CURVE ( 'NONE', #745, #218, #1804, .T. ) ;
#1029 = CIRCLE ( 'NONE', #1311, 0.1999999999999996500 ) ;
#1030 = LINE ( 'NONE', #857, #482 ) ;
#1031 = DIRECTION ( 'NONE',  ( 1.000000000000000000, 0.0000000000000000000, 0.0000000000000000000 ) ) ;
#1032 = ORIENTED_EDGE ( 'NONE', *, *, #1474, .F. ) ;
#1033 = DIRECTION ( 'NONE',  ( 0.0000000000000000000, 1.000000000000000000, -0.0000000000000000000 ) ) ;
#1034 = AXIS2_PLACEMENT_3D ( 'NONE', #1738, #2255, #17 ) ;
#1035 = EDGE_CURVE ( 'NONE', #2618, #1604, #216, .T. ) ;
#1036 = DIRECTION ( 'NONE',  ( 0.0000000000000000000, 0.0000000000000000000, 1.000000000000000000 ) ) ;
#1037 = VECTOR ( 'NONE', #424, 1000.000000000000000 ) ;
#1038 = CARTESIAN_POINT ( 'NONE',  ( 3.824999999999998400, -2.460000000000002600, 2.614999999999998900 ) ) ;
#1039 = DIRECTION ( 'NONE',  ( 0.0000000000000000000, 6.858209091071092500E-015, 1.000000000000000000 ) ) ;
#1040 = DIRECTION ( 'NONE',  ( 1.000000000000000000, 0.0000000000000000000, 0.0000000000000000000 ) ) ;
#1041 = CARTESIAN_POINT ( 'NONE',  ( -6.875000000000000900, -1.160000000000001700, 2.615000000000000200 ) ) ;
#1042 = VERTEX_POINT ( 'NONE', #2160 ) ;
#1043 = ORIENTED_EDGE ( 'NONE', *, *, #509, .T. ) ;
#1044 = ORIENTED_EDGE ( 'NONE', *, *, #632, .T. ) ;
#1045 = DIRECTION ( 'NONE',  ( 0.0000000000000000000, 0.0000000000000000000, -1.000000000000000000 ) ) ;
#1046 = VECTOR ( 'NONE', #1056, 1000.000000000000000 ) ;
#1047 = ORIENTED_EDGE ( 'NONE', *, *, #661, .F. ) ;
#1048 = ORIENTED_EDGE ( 'NONE', *, *, #645, .T. ) ;
#1049 = AXIS2_PLACEMENT_3D ( 'NONE', #1978, #737, #2185 ) ;
#1050 = ORIENTED_EDGE ( 'NONE', *, *, #2641, .F. ) ;
#1051 = DIRECTION ( 'NONE',  ( 0.0000000000000000000, 0.0000000000000000000, 1.000000000000000000 ) ) ;
#1052 = CARTESIAN_POINT ( 'NONE',  ( 1.625000000000000900, -0.3999999999999990800, 2.214999999999999900 ) ) ;
#1053 = VERTEX_POINT ( 'NONE', #85 ) ;
#1054 = EDGE_CURVE ( 'NONE', #796, #2052, #145, .T. ) ;
#1055 = EDGE_LOOP ( 'NONE', ( #729, #649, #86, #852, #1587, #427, #1278, #768, #2540, #57, #1092, #336, #54, #471 ) ) ;
#1056 = DIRECTION ( 'NONE',  ( 1.000000000000000000, 0.0000000000000000000, -0.0000000000000000000 ) ) ;
#1057 = DIRECTION ( 'NONE',  ( 0.0000000000000000000, 0.0000000000000000000, 1.000000000000000000 ) ) ;
#1058 = DIRECTION ( 'NONE',  ( -1.000000000000000000, -0.0000000000000000000, -0.0000000000000000000 ) ) ;
#1059 = CIRCLE ( 'NONE', #1783, 0.3999999999999993000 ) ;
#1060 = DIRECTION ( 'NONE',  ( -1.000000000000000000, 0.0000000000000000000, 0.0000000000000000000 ) ) ;
#1061 = CARTESIAN_POINT ( 'NONE',  ( 4.624999999999999100, -3.530000000000002900, -2.615000000000011800 ) ) ;
#1062 = LINE ( 'NONE', #108, #580 ) ;
#1063 = EDGE_CURVE ( 'NONE', #103, #821, #2357, .T. ) ;
#1064 = VECTOR ( 'NONE', #378, 1000.000000000000000 ) ;
#1065 = CYLINDRICAL_SURFACE ( 'NONE', #325, 0.4000000000000001900 ) ;
#1066 = AXIS2_PLACEMENT_3D ( 'NONE', #707, #557, #612 ) ;
#1067 = EDGE_CURVE ( 'NONE', #688, #1676, #701, .T. ) ;
#1068 = CARTESIAN_POINT ( 'NONE',  ( -4.675000000000003400, -1.460000000000009500, -2.415000000000004500 ) ) ;
#1069 = LINE ( 'NONE', #1489, #1204 ) ;
#1070 = ORIENTED_EDGE ( 'NONE', *, *, #2367, .T. ) ;
#1071 = CARTESIAN_POINT ( 'NONE',  ( -5.075000000000001100, -2.260000000000017100, -2.615000000000011300 ) ) ;
#1072 = VERTEX_POINT ( 'NONE', #317 ) ;
#1073 = DIRECTION ( 'NONE',  ( -1.000000000000000000, 6.099862577239978100E-031, 1.734723475976807300E-016 ) ) ;
#1074 = ORIENTED_EDGE ( 'NONE', *, *, #198, .F. ) ;
#1075 = DIRECTION ( 'NONE',  ( 1.000000000000000000, 4.436263692538165700E-031, -1.261617073437678000E-016 ) ) ;
#1076 = CIRCLE ( 'NONE', #1606, 0.1999999999999996500 ) ;
#1077 = EDGE_LOOP ( 'NONE', ( #436, #643, #1737, #1922 ) ) ;
#1078 = ORIENTED_EDGE ( 'NONE', *, *, #1672, .F. ) ;
#1079 = CARTESIAN_POINT ( 'NONE',  ( 6.875000000000000900, -0.3999999999999986900, -2.415000000000001400 ) ) ;
#1080 = CARTESIAN_POINT ( 'NONE',  ( -6.075000000000001100, -3.530000000000017100, -2.615000000000011300 ) ) ;
#1081 = EDGE_LOOP ( 'NONE', ( #764, #1854, #1769, #653 ) ) ;
#1082 = LINE ( 'NONE', #91, #1565 ) ;
#1083 = EDGE_CURVE ( 'NONE', #1456, #2492, #1745, .T. ) ;
#1084 = CARTESIAN_POINT ( 'NONE',  ( 4.624999999999999100, -3.130000000000001700, -2.615000000000011300 ) ) ;
#1085 = ORIENTED_EDGE ( 'NONE', *, *, #1110, .F. ) ;
#1086 = ORIENTED_EDGE ( 'NONE', *, *, #1868, .T. ) ;
#1087 = AXIS2_PLACEMENT_3D ( 'NONE', #1539, #299, #1750 ) ;
#1088 = EDGE_CURVE ( 'NONE', #1593, #987, #70, .T. ) ;
#1089 = VERTEX_POINT ( 'NONE', #1974 ) ;
#1090 = CARTESIAN_POINT ( 'NONE',  ( -6.675000000000002500, -1.360000000000001400, 2.615000000000012200 ) ) ;
#1091 = CARTESIAN_POINT ( 'NONE',  ( -4.574999999999999300, 0.0000000000000000000, 1.175000000000000300 ) ) ;
#1092 = ORIENTED_EDGE ( 'NONE', *, *, #326, .T. ) ;
#1093 = DIRECTION ( 'NONE',  ( -0.0000000000000000000, -1.000000000000000000, -0.0000000000000000000 ) ) ;
#1094 = CARTESIAN_POINT ( 'NONE',  ( -4.875000000000001800, -1.260000000000009300, -2.615000000000011300 ) ) ;
#1095 = LINE ( 'NONE', #1635, #1451 ) ;
#1096 = CARTESIAN_POINT ( 'NONE',  ( 6.875000000000000900, -0.4000000000000003000, -2.415000000000000500 ) ) ;
#1097 = CARTESIAN_POINT ( 'NONE',  ( -3.046805232351991900E-016, -2.260000000000002500, -2.415000000000007600 ) ) ;
#1098 = VECTOR ( 'NONE', #1116, 1000.000000000000000 ) ;
#1099 = VECTOR ( 'NONE', #2323, 1000.000000000000000 ) ;
#1100 = DIRECTION ( 'NONE',  ( 1.261617073437696200E-016, -6.572242507464039600E-032, 1.000000000000000000 ) ) ;
#1101 = PLANE ( 'NONE',  #842 ) ;
#1102 = VECTOR ( 'NONE', #1873, 1000.000000000000000 ) ;
#1103 = DIRECTION ( 'NONE',  ( 0.0000000000000000000, 0.0000000000000000000, 1.000000000000000000 ) ) ;
#1104 = DIRECTION ( 'NONE',  ( -0.0000000000000000000, 1.000000000000000000, 3.516331370223257300E-015 ) ) ;
#1105 = AXIS2_PLACEMENT_3D ( 'NONE', #866, #180, #1487 ) ;
#1106 = LINE ( 'NONE', #134, #120 ) ;
#1107 = ORIENTED_EDGE ( 'NONE', *, *, #699, .T. ) ;
#1108 = CARTESIAN_POINT ( 'NONE',  ( -6.075000000000001100, -3.330000000000008100, -1.340000000000010300 ) ) ;
#1109 = CARTESIAN_POINT ( 'NONE',  ( 1.624999999999999800, -3.530000000000002000, 2.215000000000011800 ) ) ;
#1110 = EDGE_CURVE ( 'NONE', #307, #1593, #1197, .T. ) ;
#1111 = CARTESIAN_POINT ( 'NONE',  ( -6.675000000000002500, -1.360000000000001700, 2.614999999999998900 ) ) ;
#1112 = CARTESIAN_POINT ( 'NONE',  ( -4.374999999999999100, -0.2000000000000000100, -0.3449999999999993600 ) ) ;
#1113 = DIRECTION ( 'NONE',  ( 0.0000000000000000000, 0.0000000000000000000, 1.000000000000000000 ) ) ;
#1114 = VERTEX_POINT ( 'NONE', #1160 ) ;
#1115 = LINE ( 'NONE', #1266, #566 ) ;
#1116 = DIRECTION ( 'NONE',  ( 1.000000000000000000, -0.0000000000000000000, -0.0000000000000000000 ) ) ;
#1117 = VERTEX_POINT ( 'NONE', #943 ) ;
#1118 = DIRECTION ( 'NONE',  ( 0.0000000000000000000, 0.0000000000000000000, 1.000000000000000000 ) ) ;
#1119 = VERTEX_POINT ( 'NONE', #106 ) ;
#1120 = EDGE_CURVE ( 'NONE', #613, #2562, #1059, .T. ) ;
#1121 = CARTESIAN_POINT ( 'NONE',  ( -3.142407339296265300E-030, -3.530000000000017100, -2.490777435924970600E-014 ) ) ;
#1122 = DIRECTION ( 'NONE',  ( 0.0000000000000000000, 0.0000000000000000000, 1.000000000000000000 ) ) ;
#1123 =( GEOMETRIC_REPRESENTATION_CONTEXT ( 3 ) GLOBAL_UNCERTAINTY_ASSIGNED_CONTEXT ( ( #1470 ) ) GLOBAL_UNIT_ASSIGNED_CONTEXT ( ( #2222, #2234, #2264 ) ) REPRESENTATION_CONTEXT ( 'NONE', 'WORKASPACE' ) );
#1124 = EDGE_CURVE ( 'NONE', #2225, #369, #1615, .T. ) ;
#1125 = CARTESIAN_POINT ( 'NONE',  ( 3.124999999999998700, -2.060000000000002300, -2.615000000000006900 ) ) ;
#1126 = PLANE ( 'NONE',  #1864 ) ;
#1127 = CARTESIAN_POINT ( 'NONE',  ( 2.057528615015411300E-030, -3.530000000000017100, 2.490777435924970000E-014 ) ) ;
#1128 = CARTESIAN_POINT ( 'NONE',  ( 4.536301889679348600E-016, 9.893502800902439300E-015, 2.614999999999998900 ) ) ;
#1129 = VECTOR ( 'NONE', #723, 1000.000000000000000 ) ;
#1130 = CIRCLE ( 'NONE', #2048, 0.2000000000000000900 ) ;
#1131 = CARTESIAN_POINT ( 'NONE',  ( -6.875000000000000900, 9.195206533133820600E-015, 2.415000000000000000 ) ) ;
#1132 = VECTOR ( 'NONE', #1814, 1000.000000000000000 ) ;
#1133 = DIRECTION ( 'NONE',  ( -0.0000000000000000000, -0.0000000000000000000, -1.000000000000000000 ) ) ;
#1134 = ORIENTED_EDGE ( 'NONE', *, *, #2093, .F. ) ;
#1135 = CARTESIAN_POINT ( 'NONE',  ( 0.6250000000000005600, -0.2000000000000000100, -0.3449999999999999200 ) ) ;
#1136 = LINE ( 'NONE', #1929, #1975 ) ;
#1137 = PLANE ( 'NONE',  #1260 ) ;
#1138 = VECTOR ( 'NONE', #1285, 1000.000000000000000 ) ;
#1139 = CARTESIAN_POINT ( 'NONE',  ( 3.824999999999998400, -3.530000000000002900, -2.615000000000011800 ) ) ;
#1140 = AXIS2_PLACEMENT_3D ( 'NONE', #813, #1426, #186 ) ;
#1141 = ORIENTED_EDGE ( 'NONE', *, *, #1499, .T. ) ;
#1142 = CARTESIAN_POINT ( 'NONE',  ( -4.374999999999999100, 0.0000000000000000000, 1.175000000000000300 ) ) ;
#1143 = DIRECTION ( 'NONE',  ( -0.0000000000000000000, -1.000000000000000000, -0.0000000000000000000 ) ) ;
#1144 = CARTESIAN_POINT ( 'NONE',  ( -4.574999999999999300, -0.2000000000000000100, 1.375000000000000400 ) ) ;
#1145 = ORIENTED_EDGE ( 'NONE', *, *, #1798, .F. ) ;
#1146 = DIRECTION ( 'NONE',  ( 0.0000000000000000000, 1.000000000000000000, -0.0000000000000000000 ) ) ;
#1147 = ORIENTED_EDGE ( 'NONE', *, *, #1898, .F. ) ;
#1148 = VECTOR ( 'NONE', #2396, 1000.000000000000000 ) ;
#1149 = VERTEX_POINT ( 'NONE', #329 ) ;
#1150 = ORIENTED_EDGE ( 'NONE', *, *, #2456, .F. ) ;
#1151 = EDGE_LOOP ( 'NONE', ( #2118, #1730, #225, #2310, #2616, #1853, #2308, #2004 ) ) ;
#1152 = CIRCLE ( 'NONE', #2395, 0.1999999999999996500 ) ;
#1153 = ORIENTED_EDGE ( 'NONE', *, *, #1343, .F. ) ;
#1154 = CARTESIAN_POINT ( 'NONE',  ( -5.375000000000000000, -0.2000000000000000100, -1.344999999999999800 ) ) ;
#1155 = ADVANCED_FACE ( 'NONE', ( #579 ), #1168, .T. ) ;
#1156 = DIRECTION ( 'NONE',  ( -5.209379807738154600E-016, -1.000000000000000000, 0.0000000000000000000 ) ) ;
#1157 = DIRECTION ( 'NONE',  ( -5.665283958780279300E-031, 1.000000000000000000, -6.858209091071092500E-015 ) ) ;
#1158 = EDGE_LOOP ( 'NONE', ( #36, #1825, #2612, #1608 ) ) ;
#1159 = ORIENTED_EDGE ( 'NONE', *, *, #2331, .T. ) ;
#1160 = CARTESIAN_POINT ( 'NONE',  ( 2.424999999999998900, -2.460000000000003100, 2.614999999999998900 ) ) ;
#1161 = ORIENTED_EDGE ( 'NONE', *, *, #792, .F. ) ;
#1162 = DIRECTION ( 'NONE',  ( 0.0000000000000000000, 6.858209091071092500E-015, 1.000000000000000000 ) ) ;
#1163 = EDGE_CURVE ( 'NONE', #200, #1429, #2158, .T. ) ;
#1164 = CARTESIAN_POINT ( 'NONE',  ( -2.965583816072031000E-030, -3.330000000000016900, -2.350621181743642900E-014 ) ) ;
#1165 = AXIS2_PLACEMENT_3D ( 'NONE', #2262, #1133, #1268 ) ;
#1166 = EDGE_CURVE ( 'NONE', #1187, #487, #2601, .T. ) ;
#1167 = LINE ( 'NONE', #571, #606 ) ;
#1168 = PLANE ( 'NONE',  #2195 ) ;
#1169 = VECTOR ( 'NONE', #748, 1000.000000000000000 ) ;
#1170 = CIRCLE ( 'NONE', #2245, 0.1999999999999996500 ) ;
#1171 = CARTESIAN_POINT ( 'NONE',  ( 1.624999999999998900, -3.530000000000007800, 1.340000000000010300 ) ) ;
#1172 = ADVANCED_FACE ( 'NONE', ( #449 ), #2028, .F. ) ;
#1173 = CARTESIAN_POINT ( 'NONE',  ( 3.824999999999998400, -3.330000000000016900, -2.350621181743642900E-014 ) ) ;
#1174 = ORIENTED_EDGE ( 'NONE', *, *, #1862, .T. ) ;
#1175 = LINE ( 'NONE', #1980, #1102 ) ;
#1176 = LINE ( 'NONE', #2494, #558 ) ;
#1177 = DIRECTION ( 'NONE',  ( 0.0000000000000000000, 0.0000000000000000000, 1.000000000000000000 ) ) ;
#1178 = EDGE_CURVE ( 'NONE', #949, #796, #2549, .T. ) ;
#1179 = ORIENTED_EDGE ( 'NONE', *, *, #2076, .F. ) ;
#1180 = CARTESIAN_POINT ( 'NONE',  ( 1.624999999999998400, -3.529999999999999800, 2.615000000000000200 ) ) ;
#1181 = AXIS2_PLACEMENT_3D ( 'NONE', #893, #769, #916 ) ;
#1182 = CARTESIAN_POINT ( 'NONE',  ( -6.675000000000002500, -1.160000000000001700, 2.415000000000004000 ) ) ;
#1183 = EDGE_CURVE ( 'NONE', #369, #2039, #2087, .T. ) ;
#1184 = ORIENTED_EDGE ( 'NONE', *, *, #1205, .F. ) ;
#1185 = FACE_OUTER_BOUND ( 'NONE', #2594, .T. ) ;
#1186 = PLANE ( 'NONE',  #345 ) ;
#1187 = VERTEX_POINT ( 'NONE', #349 ) ;
#1188 = CARTESIAN_POINT ( 'NONE',  ( 2.160143756990166300E-016, -3.130000000000002100, 2.615000000000009100 ) ) ;
#1189 = VERTEX_POINT ( 'NONE', #559 ) ;
#1190 = ORIENTED_EDGE ( 'NONE', *, *, #1287, .F. ) ;
#1191 = DIRECTION ( 'NONE',  ( 1.734723475976778700E-016, 0.0000000000000000000, 1.000000000000000000 ) ) ;
#1192 = CARTESIAN_POINT ( 'NONE',  ( -6.075000000000001100, -3.530000000000017100, -1.340000000000011200 ) ) ;
#1193 = CARTESIAN_POINT ( 'NONE',  ( -5.174999999999999800, 0.0000000000000000000, 1.175000000000000300 ) ) ;
#1194 = DIRECTION ( 'NONE',  ( 1.000000000000000000, 0.0000000000000000000, 0.0000000000000000000 ) ) ;
#1195 = ADVANCED_FACE ( 'NONE', ( #1477 ), #1186, .F. ) ;
#1196 = SURFACE_STYLE_FILL_AREA ( #1637 ) ;
#1197 = LINE ( 'NONE', #2386, #1686 ) ;
#1198 = EDGE_CURVE ( 'NONE', #599, #26, #387, .T. ) ;
#1199 = ORIENTED_EDGE ( 'NONE', *, *, #1726, .T. ) ;
#1200 = FACE_OUTER_BOUND ( 'NONE', #1077, .T. ) ;
#1201 = CIRCLE ( 'NONE', #2155, 0.2000000000000000900 ) ;
#1202 = CIRCLE ( 'NONE', #2176, 0.1999999999999996500 ) ;
#1203 = DIRECTION ( 'NONE',  ( 1.000000000000000000, -8.652433682500790400E-031, -5.934019934121667100E-045 ) ) ;
#1204 = VECTOR ( 'NONE', #1492, 1000.000000000000000 ) ;
#1205 = EDGE_CURVE ( 'NONE', #98, #890, #997, .T. ) ;
#1206 = ADVANCED_FACE ( 'NONE', ( #932 ), #658, .F. ) ;
#1207 = DIRECTION ( 'NONE',  ( -7.814069711607240800E-016, -1.000000000000000000, -0.0000000000000000000 ) ) ;
#1208 = CARTESIAN_POINT ( 'NONE',  ( -6.075000000000001100, -3.530000000000014000, -1.340000000000011400 ) ) ;
#1209 = ORIENTED_EDGE ( 'NONE', *, *, #2068, .T. ) ;
#1210 = ORIENTED_EDGE ( 'NONE', *, *, #24, .T. ) ;
#1211 = AXIS2_PLACEMENT_3D ( 'NONE', #869, #1847, #2032 ) ;
#1212 = LINE ( 'NONE', #1771, #90 ) ;
#1213 = ORIENTED_EDGE ( 'NONE', *, *, #2036, .T. ) ;
#1214 = EDGE_CURVE ( 'NONE', #404, #659, #2498, .T. ) ;
#1215 = ORIENTED_EDGE ( 'NONE', *, *, #1915, .F. ) ;
#1216 = VERTEX_POINT ( 'NONE', #2202 ) ;
#1217 = ORIENTED_EDGE ( 'NONE', *, *, #614, .F. ) ;
#1218 = DIRECTION ( 'NONE',  ( 0.0000000000000000000, 0.0000000000000000000, -1.000000000000000000 ) ) ;
#1219 = ORIENTED_EDGE ( 'NONE', *, *, #2197, .F. ) ;
#1220 = ORIENTED_EDGE ( 'NONE', *, *, #1035, .F. ) ;
#1221 = ORIENTED_EDGE ( 'NONE', *, *, #632, .F. ) ;
#1222 = ADVANCED_FACE ( 'NONE', ( #316 ), #2217, .F. ) ;
#1223 = DIRECTION ( 'NONE',  ( 1.000000000000000000, 0.0000000000000000000, 0.0000000000000000000 ) ) ;
#1224 = EDGE_CURVE ( 'NONE', #1310, #1894, #1906, .T. ) ;
#1225 = CARTESIAN_POINT ( 'NONE',  ( 2.424999999999998900, -3.130000000000002100, 2.215000000000009200 ) ) ;
#1226 = AXIS2_PLACEMENT_3D ( 'NONE', #1740, #2150, #912 ) ;
#1227 = LINE ( 'NONE', #486, #670 ) ;
#1228 = EDGE_CURVE ( 'NONE', #2174, #300, #2442, .T. ) ;
#1229 = DIRECTION ( 'NONE',  ( 0.0000000000000000000, 0.0000000000000000000, 1.000000000000000000 ) ) ;
#1230 = VECTOR ( 'NONE', #709, 1000.000000000000000 ) ;
#1231 = VECTOR ( 'NONE', #2646, 1000.000000000000000 ) ;
#1232 = VECTOR ( 'NONE', #2293, 1000.000000000000000 ) ;
#1233 = CYLINDRICAL_SURFACE ( 'NONE', #2365, 0.1999999999999996500 ) ;
#1234 = ADVANCED_FACE ( 'NONE', ( #1415 ), #20, .F. ) ;
#1235 = DIRECTION ( 'NONE',  ( -1.000000000000000000, 0.0000000000000000000, 0.0000000000000000000 ) ) ;
#1236 = DIRECTION ( 'NONE',  ( -1.000000000000000000, -0.0000000000000000000, -0.0000000000000000000 ) ) ;
#1237 = EDGE_LOOP ( 'NONE', ( #1860, #1495, #664, #165 ) ) ;
#1238 = ORIENTED_EDGE ( 'NONE', *, *, #2361, .T. ) ;
#1239 = EDGE_LOOP ( 'NONE', ( #2529, #2047, #2252, #347 ) ) ;
#1240 = AXIS2_PLACEMENT_3D ( 'NONE', #672, #1252, #1678 ) ;
#1241 = DIRECTION ( 'NONE',  ( 0.0000000000000000000, 0.0000000000000000000, 1.000000000000000000 ) ) ;
#1242 = ORIENTED_EDGE ( 'NONE', *, *, #1330, .F. ) ;
#1243 = DIRECTION ( 'NONE',  ( 0.0000000000000000000, 0.0000000000000000000, 1.000000000000000000 ) ) ;
#1244 = VECTOR ( 'NONE', #420, 1000.000000000000000 ) ;
#1245 = DIRECTION ( 'NONE',  ( -5.665283958780279300E-031, 1.000000000000000000, -6.858209091071092500E-015 ) ) ;
#1246 = VERTEX_POINT ( 'NONE', #175 ) ;
#1247 = EDGE_CURVE ( 'NONE', #1298, #1312, #805, .T. ) ;
#1248 = ADVANCED_FACE ( 'NONE', ( #1355 ), #34, .F. ) ;
#1249 = CARTESIAN_POINT ( 'NONE',  ( -5.875000000000001800, -2.260000000000017100, -2.615000000000011300 ) ) ;
#1250 = ORIENTED_EDGE ( 'NONE', *, *, #2586, .F. ) ;
#1251 = DIRECTION ( 'NONE',  ( 0.0000000000000000000, 0.0000000000000000000, 1.000000000000000000 ) ) ;
#1252 = DIRECTION ( 'NONE',  ( -1.000000000000000000, 0.0000000000000000000, 0.0000000000000000000 ) ) ;
#1253 = EDGE_CURVE ( 'NONE', #441, #1519, #2385, .T. ) ;
#1254 = LINE ( 'NONE', #1547, #700 ) ;
#1255 = VECTOR ( 'NONE', #1146, 1000.000000000000000 ) ;
#1256 = AXIS2_PLACEMENT_3D ( 'NONE', #1900, #1891, #1866 ) ;
#1257 = PRODUCT_CONTEXT ( 'NONE', #2294, 'mechanical' ) ;
#1258 = ORIENTED_EDGE ( 'NONE', *, *, #1652, .F. ) ;
#1259 = CARTESIAN_POINT ( 'NONE',  ( 1.624999999999999800, -0.3999999999999987500, 2.414999999999999600 ) ) ;
#1260 = AXIS2_PLACEMENT_3D ( 'NONE', #1164, #1303, #1308 ) ;
#1261 = VECTOR ( 'NONE', #1809, 1000.000000000000000 ) ;
#1262 = LINE ( 'NONE', #2017, #1064 ) ;
#1263 = EDGE_CURVE ( 'NONE', #1600, #1508, #253, .T. ) ;
#1264 = CARTESIAN_POINT ( 'NONE',  ( 4.824999999999999300, -2.260000000000002500, 2.415000000000006300 ) ) ;
#1265 = VECTOR ( 'NONE', #1073, 1000.000000000000000 ) ;
#1266 = CARTESIAN_POINT ( 'NONE',  ( -4.574999999999999300, 0.0000000000000000000, 1.375000000000000700 ) ) ;
#1267 = VECTOR ( 'NONE', #1398, 1000.000000000000000 ) ;
#1268 = DIRECTION ( 'NONE',  ( 1.000000000000000000, 0.0000000000000000000, 0.0000000000000000000 ) ) ;
#1269 = DIRECTION ( 'NONE',  ( -0.0000000000000000000, -1.000000000000000000, -0.0000000000000000000 ) ) ;
#1270 = ORIENTED_EDGE ( 'NONE', *, *, #1163, .F. ) ;
#1271 = VECTOR ( 'NONE', #728, 1000.000000000000000 ) ;
#1272 = ORIENTED_EDGE ( 'NONE', *, *, #1253, .F. ) ;
#1273 = ORIENTED_EDGE ( 'NONE', *, *, #2135, .T. ) ;
#1274 = CARTESIAN_POINT ( 'NONE',  ( 2.424999999999998900, -3.330000000000001800, 2.215000000000010500 ) ) ;
#1275 = DIRECTION ( 'NONE',  ( -1.000000000000000000, 0.0000000000000000000, 0.0000000000000000000 ) ) ;
#1276 = DIRECTION ( 'NONE',  ( 0.0000000000000000000, 0.0000000000000000000, 1.000000000000000000 ) ) ;
#1277 = ORIENTED_EDGE ( 'NONE', *, *, #735, .T. ) ;
#1278 = ORIENTED_EDGE ( 'NONE', *, *, #2172, .T. ) ;
#1279 = VERTEX_POINT ( 'NONE', #295 ) ;
#1280 = DIRECTION ( 'NONE',  ( 1.000000000000000000, 0.0000000000000000000, 0.0000000000000000000 ) ) ;
#1281 = EDGE_LOOP ( 'NONE', ( #1153, #2580, #1928, #265 ) ) ;
#1282 = DIRECTION ( 'NONE',  ( -0.0000000000000000000, -0.0000000000000000000, 1.000000000000000000 ) ) ;
#1283 = VERTEX_POINT ( 'NONE', #238 ) ;
#1284 = CIRCLE ( 'NONE', #2002, 0.1999999999999996500 ) ;
#1285 = DIRECTION ( 'NONE',  ( 3.896343353031107300E-045, 2.213623312312675000E-075, 1.000000000000000000 ) ) ;
#1286 = VECTOR ( 'NONE', #576, 1000.000000000000000 ) ;
#1287 = EDGE_CURVE ( 'NONE', #922, #1893, #1284, .T. ) ;
#1288 = VECTOR ( 'NONE', #833, 1000.000000000000000 ) ;
#1289 = VERTEX_POINT ( 'NONE', #247 ) ;
#1290 = FACE_OUTER_BOUND ( 'NONE', #335, .T. ) ;
#1291 = AXIS2_PLACEMENT_3D ( 'NONE', #1964, #1299, #1542 ) ;
#1292 = EDGE_CURVE ( 'NONE', #2181, #25, #738, .T. ) ;
#1293 = FACE_OUTER_BOUND ( 'NONE', #2585, .T. ) ;
#1294 = DIRECTION ( 'NONE',  ( 1.000000000000000000, -0.0000000000000000000, -1.178480622266852700E-016 ) ) ;
#1295 = PLANE ( 'NONE',  #1533 ) ;
#1296 = ORIENTED_EDGE ( 'NONE', *, *, #1816, .F. ) ;
#1297 = ORIENTED_EDGE ( 'NONE', *, *, #1425, .F. ) ;
#1298 = VERTEX_POINT ( 'NONE', #353 ) ;
#1299 = DIRECTION ( 'NONE',  ( 0.0000000000000000000, 0.0000000000000000000, 1.000000000000000000 ) ) ;
#1300 = EDGE_LOOP ( 'NONE', ( #1047, #1023, #467, #2272, #1378, #2428, #1401, #1050 ) ) ;
#1301 = DIRECTION ( 'NONE',  ( -1.000000000000000000, 2.797115114783764800E-031, 8.260587980841940000E-017 ) ) ;
#1302 = ORIENTED_EDGE ( 'NONE', *, *, #2192, .F. ) ;
#1303 = DIRECTION ( 'NONE',  ( 8.652433682500790400E-031, 1.000000000000000000, 6.858209091071094100E-015 ) ) ;
#1304 = ORIENTED_EDGE ( 'NONE', *, *, #2448, .T. ) ;
#1305 = CYLINDRICAL_SURFACE ( 'NONE', #1240, 0.3999999999999997400 ) ;
#1306 = VERTEX_POINT ( 'NONE', #342 ) ;
#1307 = EDGE_CURVE ( 'NONE', #1643, #2374, #1227, .T. ) ;
#1308 = DIRECTION ( 'NONE',  ( 0.0000000000000000000, -6.858209091071094100E-015, 1.000000000000000000 ) ) ;
#1309 = ORIENTED_EDGE ( 'NONE', *, *, #944, .T. ) ;
#1310 = VERTEX_POINT ( 'NONE', #494 ) ;
#1311 = AXIS2_PLACEMENT_3D ( 'NONE', #1225, #1235, #1243 ) ;
#1312 = VERTEX_POINT ( 'NONE', #510 ) ;
#1313 = EDGE_CURVE ( 'NONE', #215, #1149, #2257, .T. ) ;
#1314 = DIRECTION ( 'NONE',  ( 0.0000000000000000000, -0.0000000000000000000, 1.000000000000000000 ) ) ;
#1315 = DIRECTION ( 'NONE',  ( 0.0000000000000000000, -0.0000000000000000000, 1.000000000000000000 ) ) ;
#1316 = ORIENTED_EDGE ( 'NONE', *, *, #928, .T. ) ;
#1317 = DIRECTION ( 'NONE',  ( -1.000000000000000000, 0.0000000000000000000, 0.0000000000000000000 ) ) ;
#1318 = CARTESIAN_POINT ( 'NONE',  ( -6.874999999999999100, -0.2000000000000000100, -0.3449999999999999200 ) ) ;
#1319 = FACE_OUTER_BOUND ( 'NONE', #1835, .T. ) ;
#1320 = FACE_OUTER_BOUND ( 'NONE', #205, .T. ) ;
#1321 = VECTOR ( 'NONE', #2312, 1000.000000000000000 ) ;
#1322 = DIRECTION ( 'NONE',  ( 0.0000000000000000000, 0.0000000000000000000, 1.000000000000000000 ) ) ;
#1323 = LINE ( 'NONE', #121, #780 ) ;
#1324 = CARTESIAN_POINT ( 'NONE',  ( 0.4250000000000006600, 0.0000000000000000000, -0.5449999999999999300 ) ) ;
#1325 = LINE ( 'NONE', #195, #840 ) ;
#1326 = DIRECTION ( 'NONE',  ( 1.000000000000000000, 8.841176161211703900E-031, -1.261617073437678000E-016 ) ) ;
#1327 = ORIENTED_EDGE ( 'NONE', *, *, #2456, .T. ) ;
#1328 = VECTOR ( 'NONE', #736, 1000.000000000000000 ) ;
#1329 = DIRECTION ( 'NONE',  ( 0.0000000000000000000, 1.000000000000000000, -0.0000000000000000000 ) ) ;
#1330 = EDGE_CURVE ( 'NONE', #71, #910, #111, .T. ) ;
#1331 = CARTESIAN_POINT ( 'NONE',  ( 0.4250000000000006600, 0.0000000000000000000, -0.3449999999999999200 ) ) ;
#1332 = EDGE_LOOP ( 'NONE', ( #2211, #2458, #1577, #1564, #977, #1861, #2484, #190 ) ) ;
#1333 = DIRECTION ( 'NONE',  ( -1.734723475976807300E-016, -3.516331370223257300E-015, -1.000000000000000000 ) ) ;
#1334 = EDGE_LOOP ( 'NONE', ( #2460, #2019, #565, #1665 ) ) ;
#1335 = FACE_OUTER_BOUND ( 'NONE', #2055, .T. ) ;
#1336 = CARTESIAN_POINT ( 'NONE',  ( 4.624999999999999100, -3.530000000000004200, -1.340000000000013000 ) ) ;
#1337 = ORIENTED_EDGE ( 'NONE', *, *, #1063, .F. ) ;
#1338 = CARTESIAN_POINT ( 'NONE',  ( -6.875000000000001800, -3.330000000000001800, -2.215000000000013200 ) ) ;
#1339 = ORIENTED_EDGE ( 'NONE', *, *, #2499, .T. ) ;
#1340 = CARTESIAN_POINT ( 'NONE',  ( 6.875000000000000000, -3.330000000000001800, -2.215000000000013200 ) ) ;
#1341 = ORIENTED_EDGE ( 'NONE', *, *, #1982, .F. ) ;
#1342 = CARTESIAN_POINT ( 'NONE',  ( 1.624999999999998700, -3.130000000000001200, 2.415000000000009400 ) ) ;
#1343 = EDGE_CURVE ( 'NONE', #2116, #1957, #1167, .T. ) ;
#1344 = CARTESIAN_POINT ( 'NONE',  ( -5.375000000000000000, -0.2000000000000000100, 1.175000000000000300 ) ) ;
#1345 = VERTEX_POINT ( 'NONE', #577 ) ;
#1346 = ORIENTED_EDGE ( 'NONE', *, *, #346, .T. ) ;
#1347 = DIRECTION ( 'NONE',  ( -0.0000000000000000000, 0.0000000000000000000, -1.000000000000000000 ) ) ;
#1348 = ORIENTED_EDGE ( 'NONE', *, *, #1965, .T. ) ;
#1349 = EDGE_CURVE ( 'NONE', #2478, #1991, #1775, .T. ) ;
#1350 = CARTESIAN_POINT ( 'NONE',  ( -6.875000000000000000, -3.530000000000007800, -1.340000000000011600 ) ) ;
#1351 = ORIENTED_EDGE ( 'NONE', *, *, #516, .F. ) ;
#1352 = ADVANCED_FACE ( 'NONE', ( #42 ), #2630, .F. ) ;
#1353 = CARTESIAN_POINT ( 'NONE',  ( 1.625000000000000900, -0.3999999999999990800, 2.214999999999999900 ) ) ;
#1354 = LINE ( 'NONE', #2170, #860 ) ;
#1355 = FACE_OUTER_BOUND ( 'NONE', #1561, .T. ) ;
#1356 = LINE ( 'NONE', #537, #255 ) ;
#1357 = VECTOR ( 'NONE', #1036, 1000.000000000000000 ) ;
#1358 = CARTESIAN_POINT ( 'NONE',  ( 1.624999999999998900, -3.330000000000008100, 1.340000000000008700 ) ) ;
#1359 = ORIENTED_EDGE ( 'NONE', *, *, #1733, .T. ) ;
#1360 = EDGE_CURVE ( 'NONE', #26, #2509, #546, .T. ) ;
#1361 = CIRCLE ( 'NONE', #464, 0.3999999999999997400 ) ;
#1362 = CARTESIAN_POINT ( 'NONE',  ( -4.875000000000001800, -2.060000000000016900, -2.615000000000011300 ) ) ;
#1363 = LINE ( 'NONE', #1934, #814 ) ;
#1364 = DIRECTION ( 'NONE',  ( 1.261617073437678000E-016, 0.0000000000000000000, 1.000000000000000000 ) ) ;
#1365 = EDGE_CURVE ( 'NONE', #910, #1298, #1878, .T. ) ;
#1366 = VERTEX_POINT ( 'NONE', #696 ) ;
#1367 = ORIENTED_EDGE ( 'NONE', *, *, #1287, .T. ) ;
#1368 = CARTESIAN_POINT ( 'NONE',  ( -3.046805232351991900E-016, 9.195206533133817400E-015, -2.414999999999999600 ) ) ;
#1369 = VERTEX_POINT ( 'NONE', #726 ) ;
#1370 = VERTEX_POINT ( 'NONE', #770 ) ;
#1371 = DIRECTION ( 'NONE',  ( 8.139655949590879900E-016, 1.000000000000000000, -0.0000000000000000000 ) ) ;
#1372 = DIRECTION ( 'NONE',  ( -1.000000000000000000, -0.0000000000000000000, 0.0000000000000000000 ) ) ;
#1373 = DIRECTION ( 'NONE',  ( -0.0000000000000000000, -1.000000000000000000, -0.0000000000000000000 ) ) ;
#1374 = VERTEX_POINT ( 'NONE', #749 ) ;
#1375 = VECTOR ( 'NONE', #219, 1000.000000000000000 ) ;
#1376 = VERTEX_POINT ( 'NONE', #777 ) ;
#1377 = DIRECTION ( 'NONE',  ( 1.000000000000000000, 0.0000000000000000000, 0.0000000000000000000 ) ) ;
#1378 = ORIENTED_EDGE ( 'NONE', *, *, #2401, .F. ) ;
#1379 = ORIENTED_EDGE ( 'NONE', *, *, #2325, .T. ) ;
#1380 = AXIS2_PLACEMENT_3D ( 'NONE', #2276, #618, #2062 ) ;
#1381 = DIRECTION ( 'NONE',  ( 1.000000000000000000, -0.0000000000000000000, 0.0000000000000000000 ) ) ;
#1382 = DIRECTION ( 'NONE',  ( 1.000000000000000000, 0.0000000000000000000, 0.0000000000000000000 ) ) ;
#1383 = VERTEX_POINT ( 'NONE', #759 ) ;
#1384 = EDGE_CURVE ( 'NONE', #2620, #128, #784, .T. ) ;
#1385 = DIRECTION ( 'NONE',  ( -8.260587980841941200E-017, -6.877578213872936600E-015, -1.000000000000000000 ) ) ;
#1386 = DIRECTION ( 'NONE',  ( -1.000000000000000000, -0.0000000000000000000, -0.0000000000000000000 ) ) ;
#1387 = DIRECTION ( 'NONE',  ( 1.000000000000000000, 0.0000000000000000000, 0.0000000000000000000 ) ) ;
#1388 = LINE ( 'NONE', #1389, #2417 ) ;
#1389 = CARTESIAN_POINT ( 'NONE',  ( 0.6250000000000005600, -0.1999999999999993400, 2.615000000000002900 ) ) ;
#1390 = CIRCLE ( 'NONE', #252, 0.1999999999999996500 ) ;
#1391 = PLANE ( 'NONE',  #155 ) ;
#1392 = CIRCLE ( 'NONE', #1850, 0.1999999999999999800 ) ;
#1393 = FACE_OUTER_BOUND ( 'NONE', #626, .T. ) ;
#1394 = EDGE_CURVE ( 'NONE', #1766, #1369, #2363, .T. ) ;
#1395 = ADVANCED_FACE ( 'NONE', ( #1655 ), #858, .F. ) ;
#1396 = PLANE ( 'NONE',  #2280 ) ;
#1397 = AXIS2_PLACEMENT_3D ( 'NONE', #1947, #1958, #1857 ) ;
#1398 = DIRECTION ( 'NONE',  ( -1.261617073437678000E-016, 0.0000000000000000000, -1.000000000000000000 ) ) ;
#1399 = DIRECTION ( 'NONE',  ( -1.000000000000000000, 0.0000000000000000000, 0.0000000000000000000 ) ) ;
#1400 = EDGE_CURVE ( 'NONE', #2241, #2181, #152, .T. ) ;
#1401 = ORIENTED_EDGE ( 'NONE', *, *, #2172, .F. ) ;
#1402 = ORIENTED_EDGE ( 'NONE', *, *, #1713, .F. ) ;
#1403 = LINE ( 'NONE', #1950, #2588 ) ;
#1404 = DIRECTION ( 'NONE',  ( 0.0000000000000000000, -1.000000000000000000, -3.516331370223257300E-015 ) ) ;
#1405 = ORIENTED_EDGE ( 'NONE', *, *, #1898, .T. ) ;
#1406 = ADVANCED_FACE ( 'NONE', ( #2295 ), #924, .F. ) ;
#1407 = PLANE ( 'NONE',  #584 ) ;
#1408 = ORIENTED_EDGE ( 'NONE', *, *, #923, .T. ) ;
#1409 = ADVANCED_FACE ( 'NONE', ( #708 ), #83, .T. ) ;
#1410 = ORIENTED_EDGE ( 'NONE', *, *, #1902, .T. ) ;
#1411 = DIRECTION ( 'NONE',  ( -0.0000000000000000000, 0.0000000000000000000, -1.000000000000000000 ) ) ;
#1412 = DIRECTION ( 'NONE',  ( 0.0000000000000000000, 0.0000000000000000000, -1.000000000000000000 ) ) ;
#1413 = LINE ( 'NONE', #2149, #251 ) ;
#1414 = DIRECTION ( 'NONE',  ( -0.0000000000000000000, 1.000000000000000000, 3.516331370223257300E-015 ) ) ;
#1415 = FACE_OUTER_BOUND ( 'NONE', #490, .T. ) ;
#1416 = LINE ( 'NONE', #463, #1908 ) ;
#1417 = LINE ( 'NONE', #1026, #864 ) ;
#1418 = ADVANCED_FACE ( 'NONE', ( #1753 ), #1101, .T. ) ;
#1419 = CARTESIAN_POINT ( 'NONE',  ( -4.875000000000001800, -1.260000000000009300, -2.615000000000011300 ) ) ;
#1420 = LINE ( 'NONE', #1535, #747 ) ;
#1421 = CARTESIAN_POINT ( 'NONE',  ( 2.624999999999998700, -2.460000000000002600, 2.415000000000006300 ) ) ;
#1422 = VECTOR ( 'NONE', #1712, 1000.000000000000000 ) ;
#1423 = DIRECTION ( 'NONE',  ( 0.0000000000000000000, 0.0000000000000000000, -1.000000000000000000 ) ) ;
#1424 = ORIENTED_EDGE ( 'NONE', *, *, #2140, .T. ) ;
#1425 = EDGE_CURVE ( 'NONE', #1216, #1298, #226, .T. ) ;
#1426 = DIRECTION ( 'NONE',  ( 8.652433682500790400E-031, 1.000000000000000000, 6.858209091071094100E-015 ) ) ;
#1427 = ORIENTED_EDGE ( 'NONE', *, *, #1733, .F. ) ;
#1428 = AXIS2_PLACEMENT_3D ( 'NONE', #1709, #1191, #1377 ) ;
#1429 = VERTEX_POINT ( 'NONE', #1112 ) ;
#1430 = EDGE_CURVE ( 'NONE', #1957, #1710, #1693, .T. ) ;
#1431 = ADVANCED_FACE ( 'NONE', ( #642 ), #1137, .T. ) ;
#1432 = ORIENTED_EDGE ( 'NONE', *, *, #1349, .F. ) ;
#1433 = FACE_OUTER_BOUND ( 'NONE', #2334, .T. ) ;
#1434 = EDGE_LOOP ( 'NONE', ( #2207, #1408, #1134, #1490, #1832, #1277, #440, #877, #2626, #878, #224, #2568, #717, #125, #1467, #968, #616, #1346, #799, #498, #2563, #2411 ) ) ;
#1435 = CARTESIAN_POINT ( 'NONE',  ( 2.924999999999999400, -1.260000000000009300, 1.825346402802561400 ) ) ;
#1436 = ORIENTED_EDGE ( 'NONE', *, *, #2284, .T. ) ;
#1437 = CARTESIAN_POINT ( 'NONE',  ( 6.875000000000000900, -0.2000000000000000100, -0.3449999999999999200 ) ) ;
#1438 = ORIENTED_EDGE ( 'NONE', *, *, #65, .T. ) ;
#1439 = ORIENTED_EDGE ( 'NONE', *, *, #234, .F. ) ;
#1440 = EDGE_CURVE ( 'NONE', #1538, #1001, #2231, .T. ) ;
#1441 = AXIS2_PLACEMENT_3D ( 'NONE', #945, #972, #981 ) ;
#1442 = DIRECTION ( 'NONE',  ( 1.000000000000000000, 0.0000000000000000000, 0.0000000000000000000 ) ) ;
#1443 = ADVANCED_FACE ( 'NONE', ( #1622 ), #1295, .T. ) ;
#1444 = DIRECTION ( 'NONE',  ( 0.0000000000000000000, 1.000000000000000000, 0.0000000000000000000 ) ) ;
#1445 = AXIS2_PLACEMENT_3D ( 'NONE', #66, #109, #119 ) ;
#1446 = EDGE_CURVE ( 'NONE', #2446, #98, #1069, .T. ) ;
#1447 = CARTESIAN_POINT ( 'NONE',  ( 4.624999999999999100, -2.460000000000004000, -2.615000000000011800 ) ) ;
#1448 = LINE ( 'NONE', #1188, #896 ) ;
#1449 = VECTOR ( 'NONE', #1100, 1000.000000000000000 ) ;
#1450 = DIRECTION ( 'NONE',  ( 1.000000000000000000, 0.0000000000000000000, 0.0000000000000000000 ) ) ;
#1451 = VECTOR ( 'NONE', #1568, 1000.000000000000000 ) ;
#1452 = CIRCLE ( 'NONE', #1066, 0.1999999999999996500 ) ;
#1453 = CARTESIAN_POINT ( 'NONE',  ( 3.324999999999998800, -2.260000000000002500, -2.615000000000011800 ) ) ;
#1454 = DIRECTION ( 'NONE',  ( 0.0000000000000000000, -0.0000000000000000000, 1.000000000000000000 ) ) ;
#1455 = CARTESIAN_POINT ( 'NONE',  ( 6.675000000000001600, -2.260000000000002000, -2.615000000000012200 ) ) ;
#1456 = VERTEX_POINT ( 'NONE', #1472 ) ;
#1457 = DIRECTION ( 'NONE',  ( 1.000000000000000000, 0.0000000000000000000, -0.0000000000000000000 ) ) ;
#1458 = ORIENTED_EDGE ( 'NONE', *, *, #2192, .T. ) ;
#1459 = AXIS2_PLACEMENT_3D ( 'NONE', #2173, #1573, #332 ) ;
#1460 = APPLICATION_PROTOCOL_DEFINITION ( 'draft international standard', 'automotive_design', 1998, #2451 ) ;
#1461 = ORIENTED_EDGE ( 'NONE', *, *, #685, .F. ) ;
#1462 = CARTESIAN_POINT ( 'NONE',  ( 6.675000000000000700, -2.260000000000002500, -2.615000000000011800 ) ) ;
#1463 = CYLINDRICAL_SURFACE ( 'NONE', #2584, 0.1999999999999998700 ) ;
#1464 = ORIENTED_EDGE ( 'NONE', *, *, #1054, .T. ) ;
#1465 = EDGE_CURVE ( 'NONE', #300, #1089, #14, .T. ) ;
#1466 = DIRECTION ( 'NONE',  ( 0.0000000000000000000, 0.0000000000000000000, 1.000000000000000000 ) ) ;
#1467 = ORIENTED_EDGE ( 'NONE', *, *, #1862, .F. ) ;
#1468 = EDGE_LOOP ( 'NONE', ( #1316, #1464, #1820, #2191 ) ) ;
#1469 = DIRECTION ( 'NONE',  ( 0.0000000000000000000, 1.000000000000000000, -6.877578213872936600E-015 ) ) ;
#1470 = UNCERTAINTY_MEASURE_WITH_UNIT (LENGTH_MEASURE( 1.000000000000000100E-005 ), #2222, 'distance_accuracy_value', 'NONE');
#1471 = CARTESIAN_POINT ( 'NONE',  ( -4.174999999999999800, 0.0000000000000000000, -0.3449999999999993600 ) ) ;
#1472 = CARTESIAN_POINT ( 'NONE',  ( 1.624999999999998900, -3.330000000000001800, 2.215000000000011400 ) ) ;
#1473 = DIRECTION ( 'NONE',  ( 0.0000000000000000000, 0.0000000000000000000, 1.000000000000000000 ) ) ;
#1474 = EDGE_CURVE ( 'NONE', #847, #1894, #521, .T. ) ;
#1475 = VERTEX_POINT ( 'NONE', #1512 ) ;
#1476 = LINE ( 'NONE', #2079, #2441 ) ;
#1477 = FACE_OUTER_BOUND ( 'NONE', #1239, .T. ) ;
#1478 = CARTESIAN_POINT ( 'NONE',  ( 3.824999999999998400, -3.530000000000002900, -2.615000000000011800 ) ) ;
#1479 = AXIS2_PLACEMENT_3D ( 'NONE', #384, #560, #635 ) ;
#1480 = CYLINDRICAL_SURFACE ( 'NONE', #192, 0.1999999999999998200 ) ;
#1481 = FACE_OUTER_BOUND ( 'NONE', #350, .T. ) ;
#1482 = EDGE_CURVE ( 'NONE', #1374, #1560, #2097, .T. ) ;
#1483 = CARTESIAN_POINT ( 'NONE',  ( 6.874999999999998200, -3.530000000000002900, 1.340000000000009800 ) ) ;
#1484 = CARTESIAN_POINT ( 'NONE',  ( 3.124999999999998700, -2.060000000000002300, -2.615000000000011800 ) ) ;
#1485 = LINE ( 'NONE', #1016, #395 ) ;
#1486 = CARTESIAN_POINT ( 'NONE',  ( 1.624999999999999800, -3.530000000000002000, 2.215000000000011800 ) ) ;
#1487 = DIRECTION ( 'NONE',  ( 1.000000000000000000, 0.0000000000000000000, 0.0000000000000000000 ) ) ;
#1488 = CIRCLE ( 'NONE', #1952, 0.1999999999999996500 ) ;
#1489 = CARTESIAN_POINT ( 'NONE',  ( -4.374999999999999100, -0.2000000000000000100, 1.175000000000000300 ) ) ;
#1490 = ORIENTED_EDGE ( 'NONE', *, *, #172, .T. ) ;
#1491 = EDGE_CURVE ( 'NONE', #1525, #441, #2608, .T. ) ;
#1492 = DIRECTION ( 'NONE',  ( 0.0000000000000000000, 1.000000000000000000, 0.0000000000000000000 ) ) ;
#1493 = ORIENTED_EDGE ( 'NONE', *, *, #928, .F. ) ;
#1494 = DIRECTION ( 'NONE',  ( -1.000000000000000000, 0.0000000000000000000, 1.178480622266852700E-016 ) ) ;
#1495 = ORIENTED_EDGE ( 'NONE', *, *, #2315, .F. ) ;
#1496 = ORIENTED_EDGE ( 'NONE', *, *, #2558, .T. ) ;
#1497 = AXIS2_PLACEMENT_3D ( 'NONE', #309, #1754, #518 ) ;
#1498 = LINE ( 'NONE', #1094, #1375 ) ;
#1499 = EDGE_CURVE ( 'NONE', #918, #166, #1006, .T. ) ;
#1500 = CARTESIAN_POINT ( 'NONE',  ( 4.624999999999999100, -3.530000000000007800, -2.615000000000011800 ) ) ;
#1501 = CARTESIAN_POINT ( 'NONE',  ( -5.174999999999999800, -0.2000000000000000100, -1.544999999999999700 ) ) ;
#1502 = ORIENTED_EDGE ( 'NONE', *, *, #1644, .T. ) ;
#1503 = CARTESIAN_POINT ( 'NONE',  ( 3.824999999999998400, -3.130000000000001700, -2.215000000000011800 ) ) ;
#1504 = DIRECTION ( 'NONE',  ( 1.000000000000000000, -0.0000000000000000000, -0.0000000000000000000 ) ) ;
#1505 = EDGE_LOOP ( 'NONE', ( #269, #2570, #794, #1696 ) ) ;
#1506 = CARTESIAN_POINT ( 'NONE',  ( 0.4250000000000006600, 0.0000000000000000000, 2.215000000000002500 ) ) ;
#1507 = PLANE ( 'NONE',  #2208 ) ;
#1508 = VERTEX_POINT ( 'NONE', #1599 ) ;
#1509 = ORIENTED_EDGE ( 'NONE', *, *, #1530, .F. ) ;
#1510 = DIRECTION ( 'NONE',  ( -0.0000000000000000000, -6.858209091071092500E-015, -1.000000000000000000 ) ) ;
#1511 = CARTESIAN_POINT ( 'NONE',  ( 4.825000000000000200, -2.260000000000002500, -2.615000000000011800 ) ) ;
#1512 = CARTESIAN_POINT ( 'NONE',  ( -5.075000000000001100, -2.260000000000017100, -2.415000000000006700 ) ) ;
#1513 = FACE_OUTER_BOUND ( 'NONE', #2593, .T. ) ;
#1514 = AXIS2_PLACEMENT_3D ( 'NONE', #2069, #1450, #1045 ) ;
#1515 = FACE_OUTER_BOUND ( 'NONE', #1081, .T. ) ;
#1516 = CARTESIAN_POINT ( 'NONE',  ( 2.924999999999999400, -1.460000000000009500, -2.615000000000005500 ) ) ;
#1517 = DIRECTION ( 'NONE',  ( 0.0000000000000000000, -0.0000000000000000000, 1.000000000000000000 ) ) ;
#1518 = VERTEX_POINT ( 'NONE', #1607 ) ;
#1519 = VERTEX_POINT ( 'NONE', #1685 ) ;
#1520 = EDGE_CURVE ( 'NONE', #1518, #1651, #1977, .T. ) ;
#1521 = CARTESIAN_POINT ( 'NONE',  ( -6.875000000000000000, -0.3999999999999995200, 2.215000000000000700 ) ) ;
#1522 = LINE ( 'NONE', #351, #2005 ) ;
#1523 = DIRECTION ( 'NONE',  ( 1.000000000000000000, 0.0000000000000000000, -0.0000000000000000000 ) ) ;
#1524 = DIRECTION ( 'NONE',  ( 0.0000000000000000000, 0.0000000000000000000, 1.000000000000000000 ) ) ;
#1525 = VERTEX_POINT ( 'NONE', #1702 ) ;
#1526 = DIRECTION ( 'NONE',  ( 1.261617073437678000E-016, 0.0000000000000000000, 1.000000000000000000 ) ) ;
#1527 = ORIENTED_EDGE ( 'NONE', *, *, #434, .T. ) ;
#1528 = VERTEX_POINT ( 'NONE', #1588 ) ;
#1529 = FACE_OUTER_BOUND ( 'NONE', #333, .T. ) ;
#1530 = EDGE_CURVE ( 'NONE', #465, #1376, #2037, .T. ) ;
#1531 = VERTEX_POINT ( 'NONE', #1752 ) ;
#1532 = ORIENTED_EDGE ( 'NONE', *, *, #2465, .T. ) ;
#1533 = AXIS2_PLACEMENT_3D ( 'NONE', #1344, #1381, #1412 ) ;
#1534 = EDGE_CURVE ( 'NONE', #279, #724, #2506, .T. ) ;
#1535 = CARTESIAN_POINT ( 'NONE',  ( -5.174999999999999800, 0.0000000000000000000, -1.544999999999999900 ) ) ;
#1536 = DIRECTION ( 'NONE',  ( 0.0000000000000000000, 1.000000000000000000, 0.0000000000000000000 ) ) ;
#1537 = ORIENTED_EDGE ( 'NONE', *, *, #2439, .F. ) ;
#1538 = VERTEX_POINT ( 'NONE', #1741 ) ;
#1539 = CARTESIAN_POINT ( 'NONE',  ( 3.324999999999998800, -2.060000000000002300, -2.415000000000008500 ) ) ;
#1540 = CARTESIAN_POINT ( 'NONE',  ( -3.046805232351991900E-016, -3.130000000000001700, -2.415000000000010200 ) ) ;
#1541 = DIRECTION ( 'NONE',  ( -1.000000000000000000, -0.0000000000000000000, -0.0000000000000000000 ) ) ;
#1542 = DIRECTION ( 'NONE',  ( 1.000000000000000000, 0.0000000000000000000, 0.0000000000000000000 ) ) ;
#1543 = FACE_OUTER_BOUND ( 'NONE', #1596, .T. ) ;
#1544 = VECTOR ( 'NONE', #2394, 1000.000000000000000 ) ;
#1545 = CARTESIAN_POINT ( 'NONE',  ( 4.624999999999999100, -3.530000000000002900, -1.340000000000013000 ) ) ;
#1546 = VECTOR ( 'NONE', #231, 1000.000000000000000 ) ;
#1547 = CARTESIAN_POINT ( 'NONE',  ( -2.965583816072031000E-030, -3.330000000000008100, -1.340000000000010100 ) ) ;
#1548 = CIRCLE ( 'NONE', #447, 0.2000000000000000900 ) ;
#1549 = DIRECTION ( 'NONE',  ( 1.000000000000000000, 0.0000000000000000000, 0.0000000000000000000 ) ) ;
#1550 = ORIENTED_EDGE ( 'NONE', *, *, #2093, .T. ) ;
#1551 = AXIS2_PLACEMENT_3D ( 'NONE', #1859, #1245, #2639 ) ;
#1552 = VECTOR ( 'NONE', #2613, 1000.000000000000000 ) ;
#1553 = DIRECTION ( 'NONE',  ( 0.0000000000000000000, 0.0000000000000000000, 1.000000000000000000 ) ) ;
#1554 = ADVANCED_FACE ( 'NONE', ( #1913 ), #1838, .T. ) ;
#1555 = CARTESIAN_POINT ( 'NONE',  ( 1.624999999999998900, -3.530000000000006500, 1.340000000000009400 ) ) ;
#1556 = VECTOR ( 'NONE', #1523, 1000.000000000000000 ) ;
#1557 = DIRECTION ( 'NONE',  ( 1.000000000000000000, -8.652433682500790400E-031, -5.934019934121667100E-045 ) ) ;
#1558 = CARTESIAN_POINT ( 'NONE',  ( 4.624999999999999100, -3.130000000000002100, 2.215000000000009200 ) ) ;
#1559 = DIRECTION ( 'NONE',  ( 0.0000000000000000000, -1.761828530288945900E-015, 1.000000000000000000 ) ) ;
#1560 = VERTEX_POINT ( 'NONE', #1883 ) ;
#1561 = EDGE_LOOP ( 'NONE', ( #1179, #2346, #1493, #1337, #597, #973, #274, #2237 ) ) ;
#1562 = ORIENTED_EDGE ( 'NONE', *, *, #2534, .F. ) ;
#1563 = DIRECTION ( 'NONE',  ( -1.000000000000000000, 0.0000000000000000000, 0.0000000000000000000 ) ) ;
#1564 = ORIENTED_EDGE ( 'NONE', *, *, #2645, .F. ) ;
#1565 = VECTOR ( 'NONE', #927, 1000.000000000000000 ) ;
#1566 = CARTESIAN_POINT ( 'NONE',  ( -3.299128647039528300E-016, -3.130000000000001700, -2.615000000000010400 ) ) ;
#1567 = EDGE_LOOP ( 'NONE', ( #1708, #2469, #850, #710 ) ) ;
#1568 = DIRECTION ( 'NONE',  ( -1.000000000000000000, -0.0000000000000000000, -0.0000000000000000000 ) ) ;
#1569 = ORIENTED_EDGE ( 'NONE', *, *, #2080, .T. ) ;
#1570 = DIRECTION ( 'NONE',  ( 0.0000000000000000000, 0.0000000000000000000, 1.000000000000000000 ) ) ;
#1571 = EDGE_CURVE ( 'NONE', #2374, #166, #868, .T. ) ;
#1572 = CARTESIAN_POINT ( 'NONE',  ( 0.4250000000000006600, 0.0000000000000000000, 2.215000000000000700 ) ) ;
#1573 = DIRECTION ( 'NONE',  ( -1.000000000000000000, 0.0000000000000000000, 0.0000000000000000000 ) ) ;
#1574 = ORIENTED_EDGE ( 'NONE', *, *, #979, .F. ) ;
#1575 = AXIS2_PLACEMENT_3D ( 'NONE', #2299, #1385, #1469 ) ;
#1576 = CARTESIAN_POINT ( 'NONE',  ( 2.424999999999998900, -3.130000000000001700, 2.415000000000009400 ) ) ;
#1577 = ORIENTED_EDGE ( 'NONE', *, *, #364, .F. ) ;
#1578 = EDGE_CURVE ( 'NONE', #2489, #1735, #1363, .T. ) ;
#1579 = DIRECTION ( 'NONE',  ( 0.0000000000000000000, -1.000000000000000000, -3.516331370223257300E-015 ) ) ;
#1580 = ORIENTED_EDGE ( 'NONE', *, *, #2367, .F. ) ;
#1581 = CARTESIAN_POINT ( 'NONE',  ( 3.824999999999998400, -3.130000000000002100, 2.615000000000003800 ) ) ;
#1582 = CARTESIAN_POINT ( 'NONE',  ( -6.875000000000000900, -1.160000000000001700, 2.415000000000004000 ) ) ;
#1583 = LINE ( 'NONE', #1109, #1098 ) ;
#1584 = LINE ( 'NONE', #2316, #2060 ) ;
#1585 = EDGE_CURVE ( 'NONE', #2311, #2399, #327, .T. ) ;
#1586 = DIRECTION ( 'NONE',  ( -1.261617073437678000E-016, -0.0000000000000000000, -1.000000000000000000 ) ) ;
#1587 = ORIENTED_EDGE ( 'NONE', *, *, #755, .T. ) ;
#1588 = CARTESIAN_POINT ( 'NONE',  ( 3.824999999999998400, -2.460000000000003100, -2.615000000000011800 ) ) ;
#1589 = CYLINDRICAL_SURFACE ( 'NONE', #926, 0.1999999999999996500 ) ;
#1590 = DIRECTION ( 'NONE',  ( 0.0000000000000000000, -0.0000000000000000000, 1.000000000000000000 ) ) ;
#1591 = AXIS2_PLACEMENT_3D ( 'NONE', #282, #285, #294 ) ;
#1592 = EDGE_CURVE ( 'NONE', #1641, #651, #1488, .T. ) ;
#1593 = VERTEX_POINT ( 'NONE', #1932 ) ;
#1594 = CARTESIAN_POINT ( 'NONE',  ( 6.675000000000000700, -2.060000000000002300, 2.615000000000006000 ) ) ;
#1595 = ORIENTED_EDGE ( 'NONE', *, *, #178, .F. ) ;
#1596 = EDGE_LOOP ( 'NONE', ( #2406, #2273, #2253, #721 ) ) ;
#1597 = ORIENTED_EDGE ( 'NONE', *, *, #460, .F. ) ;
#1598 = DIRECTION ( 'NONE',  ( 0.0000000000000000000, 0.0000000000000000000, -1.000000000000000000 ) ) ;
#1599 = CARTESIAN_POINT ( 'NONE',  ( 1.625000000000000900, 2.710505431213761100E-016, -1.344999999999999800 ) ) ;
#1600 = VERTEX_POINT ( 'NONE', #2082 ) ;
#1601 = VECTOR ( 'NONE', #227, 1000.000000000000000 ) ;
#1602 = ORIENTED_EDGE ( 'NONE', *, *, #574, .F. ) ;
#1603 = ORIENTED_EDGE ( 'NONE', *, *, #798, .F. ) ;
#1604 = VERTEX_POINT ( 'NONE', #2083 ) ;
#1605 = FILL_AREA_STYLE_COLOUR ( '', #144 ) ;
#1606 = AXIS2_PLACEMENT_3D ( 'NONE', #1182, #2579, #1382 ) ;
#1607 = CARTESIAN_POINT ( 'NONE',  ( 3.824999999999998400, -3.330000000000001800, 2.215000000000011400 ) ) ;
#1608 = ORIENTED_EDGE ( 'NONE', *, *, #1465, .T. ) ;
#1609 = DIRECTION ( 'NONE',  ( 1.261617073437678000E-016, -7.007812709066389500E-015, 1.000000000000000000 ) ) ;
#1610 = EDGE_CURVE ( 'NONE', #1645, #334, #750, .T. ) ;
#1611 = ADVANCED_FACE ( 'NONE', ( #1293 ), #1233, .T. ) ;
#1612 = ADVANCED_FACE ( 'NONE', ( #262 ), #2151, .T. ) ;
#1613 = CARTESIAN_POINT ( 'NONE',  ( 0.6250000000000005600, -0.3999999999999995200, 2.215000000000000700 ) ) ;
#1614 = DIRECTION ( 'NONE',  ( 1.000000000000000000, 0.0000000000000000000, 0.0000000000000000000 ) ) ;
#1615 = LINE ( 'NONE', #1566, #6 ) ;
#1616 = DIRECTION ( 'NONE',  ( 0.0000000000000000000, 0.0000000000000000000, -1.000000000000000000 ) ) ;
#1617 = EDGE_LOOP ( 'NONE', ( #410, #2298, #1992, #2431 ) ) ;
#1618 = VECTOR ( 'NONE', #281, 1000.000000000000000 ) ;
#1619 = LINE ( 'NONE', #389, #515 ) ;
#1620 = LINE ( 'NONE', #940, #2094 ) ;
#1621 = EDGE_CURVE ( 'NONE', #1345, #25, #678, .T. ) ;
#1622 = FACE_OUTER_BOUND ( 'NONE', #95, .T. ) ;
#1623 =( LENGTH_UNIT ( ) NAMED_UNIT ( * ) SI_UNIT ( .MILLI., .METRE. ) );
#1624 = CARTESIAN_POINT ( 'NONE',  ( 1.624999999999999800, -3.330000000000001800, 2.215000000000010500 ) ) ;
#1625 = ADVANCED_FACE ( 'NONE', ( #2269 ), #2235, .F. ) ;
#1626 = CARTESIAN_POINT ( 'NONE',  ( 2.624999999999999600, -2.260000000000002500, 2.614999999999998900 ) ) ;
#1627 = AXIS2_PLACEMENT_3D ( 'NONE', #772, #2270, #1681 ) ;
#1628 = SHAPE_DEFINITION_REPRESENTATION ( #624, #2152 ) ;
#1629 = EDGE_CURVE ( 'NONE', #170, #2620, #1724, .T. ) ;
#1630 = ADVANCED_FACE ( 'NONE', ( #611 ), #2345, .F. ) ;
#1631 = DIRECTION ( 'NONE',  ( -1.000000000000000000, 2.797115114783764800E-031, 8.260587980841940000E-017 ) ) ;
#1632 = ORIENTED_EDGE ( 'NONE', *, *, #527, .T. ) ;
#1633 = LINE ( 'NONE', #1173, #1148 ) ;
#1634 = ORIENTED_EDGE ( 'NONE', *, *, #2412, .F. ) ;
#1635 = CARTESIAN_POINT ( 'NONE',  ( 6.875000000000000000, -3.330000000000001800, -2.215000000000013200 ) ) ;
#1636 = ORIENTED_EDGE ( 'NONE', *, *, #1921, .F. ) ;
#1637 = FILL_AREA_STYLE ('',( #1605 ) ) ;
#1638 = CIRCLE ( 'NONE', #2627, 0.3999999999999997400 ) ;
#1639 = DIRECTION ( 'NONE',  ( 8.652433682500790400E-031, 1.000000000000000000, 6.858209091071094100E-015 ) ) ;
#1640 = DIRECTION ( 'NONE',  ( 1.000000000000000000, 0.0000000000000000000, 0.0000000000000000000 ) ) ;
#1641 = VERTEX_POINT ( 'NONE', #2354 ) ;
#1642 = CARTESIAN_POINT ( 'NONE',  ( -6.875000000000000900, -3.130000000000000800, -2.415000000000010700 ) ) ;
#1643 = VERTEX_POINT ( 'NONE', #2389 ) ;
#1644 = EDGE_CURVE ( 'NONE', #1117, #2560, #2203, .T. ) ;
#1645 = VERTEX_POINT ( 'NONE', #2422 ) ;
#1646 = AXIS2_PLACEMENT_3D ( 'NONE', #2168, #1387, #1218 ) ;
#1647 = ADVANCED_FACE ( 'NONE', ( #2329 ), #2426, .F. ) ;
#1648 = CARTESIAN_POINT ( 'NONE',  ( 3.824999999999998400, 9.195206533133819000E-015, -2.415000000000000000 ) ) ;
#1649 = SURFACE_SIDE_STYLE ('',( #1196 ) ) ;
#1650 = AXIS2_PLACEMENT_3D ( 'NONE', #1331, #1956, #711 ) ;
#1651 = VERTEX_POINT ( 'NONE', #2443 ) ;
#1652 = EDGE_CURVE ( 'NONE', #1531, #959, #1176, .T. ) ;
#1653 = DIRECTION ( 'NONE',  ( -0.0000000000000000000, -1.000000000000000000, 0.0000000000000000000 ) ) ;
#1654 = ORIENTED_EDGE ( 'NONE', *, *, #2259, .F. ) ;
#1655 = FACE_OUTER_BOUND ( 'NONE', #1300, .T. ) ;
#1656 = LINE ( 'NONE', #957, #2126 ) ;
#1657 = LINE ( 'NONE', #1483, #2127 ) ;
#1658 = DIRECTION ( 'NONE',  ( -1.734723475976778700E-016, -0.0000000000000000000, -1.000000000000000000 ) ) ;
#1659 = SURFACE_STYLE_USAGE ( .BOTH. , #1649 ) ;
#1660 = FACE_OUTER_BOUND ( 'NONE', #1281, .T. ) ;
#1661 = VECTOR ( 'NONE', #2327, 1000.000000000000000 ) ;
#1662 = ADVANCED_FACE ( 'NONE', ( #51 ), #1589, .F. ) ;
#1663 = ORIENTED_EDGE ( 'NONE', *, *, #2555, .T. ) ;
#1664 = ORIENTED_EDGE ( 'NONE', *, *, #394, .F. ) ;
#1665 = ORIENTED_EDGE ( 'NONE', *, *, #2046, .F. ) ;
#1666 = ORIENTED_EDGE ( 'NONE', *, *, #2380, .F. ) ;
#1667 = AXIS2_PLACEMENT_3D ( 'NONE', #2104, #663, #1907 ) ;
#1668 = DIRECTION ( 'NONE',  ( 0.0000000000000000000, 0.0000000000000000000, 1.000000000000000000 ) ) ;
#1669 = DIRECTION ( 'NONE',  ( 0.0000000000000000000, 0.0000000000000000000, 1.000000000000000000 ) ) ;
#1670 = EDGE_LOOP ( 'NONE', ( #237, #1107, #1580, #1184 ) ) ;
#1671 =( NAMED_UNIT ( * ) PLANE_ANGLE_UNIT ( ) SI_UNIT ( $, .RADIAN. ) );
#1672 = EDGE_CURVE ( 'NONE', #259, #2105, #1106, .T. ) ;
#1673 = ORIENTED_EDGE ( 'NONE', *, *, #1440, .T. ) ;
#1674 = VECTOR ( 'NONE', #451, 1000.000000000000000 ) ;
#1675 = ORIENTED_EDGE ( 'NONE', *, *, #867, .T. ) ;
#1676 = VERTEX_POINT ( 'NONE', #2604 ) ;
#1677 = DIRECTION ( 'NONE',  ( 0.0000000000000000000, 0.0000000000000000000, 1.000000000000000000 ) ) ;
#1678 = DIRECTION ( 'NONE',  ( 0.0000000000000000000, 0.0000000000000000000, 1.000000000000000000 ) ) ;
#1679 = EDGE_CURVE ( 'NONE', #819, #899, #2133, .T. ) ;
#1680 = AXIS2_PLACEMENT_3D ( 'NONE', #2057, #1993, #734 ) ;
#1681 = DIRECTION ( 'NONE',  ( 0.0000000000000000000, -0.0000000000000000000, 1.000000000000000000 ) ) ;
#1682 = AXIS2_PLACEMENT_3D ( 'NONE', #1942, #1959, #1967 ) ;
#1683 = EDGE_CURVE ( 'NONE', #1306, #1890, #2638, .T. ) ;
#1684 = CARTESIAN_POINT ( 'NONE',  ( -6.875000000000001800, -1.360000000000001900, 0.6149999999999987700 ) ) ;
#1685 = CARTESIAN_POINT ( 'NONE',  ( 4.624999999999999100, -2.460000000000003100, -2.615000000000011800 ) ) ;
#1686 = VECTOR ( 'NONE', #2559, 1000.000000000000000 ) ;
#1687 = CARTESIAN_POINT ( 'NONE',  ( 6.875000000000000000, -2.060000000000002300, 2.615000000000006000 ) ) ;
#1688 = VECTOR ( 'NONE', #1326, 1000.000000000000000 ) ;
#1689 = VECTOR ( 'NONE', #1203, 1000.000000000000000 ) ;
#1690 = CYLINDRICAL_SURFACE ( 'NONE', #2444, 0.1999999999999996500 ) ;
#1691 =( NAMED_UNIT ( * ) SI_UNIT ( $, .STERADIAN. ) SOLID_ANGLE_UNIT ( ) );
#1692 = DIRECTION ( 'NONE',  ( 0.0000000000000000000, 0.0000000000000000000, 1.000000000000000000 ) ) ;
#1693 = LINE ( 'NONE', #1171, #1138 ) ;
#1694 = DIRECTION ( 'NONE',  ( 0.0000000000000000000, -6.858209091071094100E-015, 1.000000000000000000 ) ) ;
#1695 = AXIS2_PLACEMENT_3D ( 'NONE', #1471, #235, #1692 ) ;
#1696 = ORIENTED_EDGE ( 'NONE', *, *, #2068, .F. ) ;
#1697 = DIRECTION ( 'NONE',  ( -1.000000000000000000, 0.0000000000000000000, 0.0000000000000000000 ) ) ;
#1698 = ORIENTED_EDGE ( 'NONE', *, *, #948, .T. ) ;
#1699 = VECTOR ( 'NONE', #2390, 1000.000000000000000 ) ;
#1700 = VERTEX_POINT ( 'NONE', #297 ) ;
#1701 = CARTESIAN_POINT ( 'NONE',  ( -5.375000000000000000, 0.0000000000000000000, -1.344999999999999800 ) ) ;
#1702 = CARTESIAN_POINT ( 'NONE',  ( 6.675000000000001600, -2.260000000000002500, -2.615000000000011800 ) ) ;
#1703 = EDGE_LOOP ( 'NONE', ( #308, #1963, #1048, #719, #1797, #952, #1458, #2435, #230, #1367, #1532, #2271, #2084, #1410, #2263, #2146, #2510, #2438, #2043, #1877, #627, #1675 ) ) ;
#1704 = CIRCLE ( 'NONE', #270, 0.2000000000000000900 ) ;
#1705 = DIRECTION ( 'NONE',  ( 0.0000000000000000000, 0.0000000000000000000, 1.000000000000000000 ) ) ;
#1706 = VERTEX_POINT ( 'NONE', #212 ) ;
#1707 = ORIENTED_EDGE ( 'NONE', *, *, #1124, .T. ) ;
#1708 = ORIENTED_EDGE ( 'NONE', *, *, #2135, .F. ) ;
#1709 = CARTESIAN_POINT ( 'NONE',  ( 0.4250000000000000400, -1.160000000000001700, 0.6149999999999975500 ) ) ;
#1710 = VERTEX_POINT ( 'NONE', #280 ) ;
#1711 = CARTESIAN_POINT ( 'NONE',  ( 6.875000000000000900, -0.1999999999999997100, 2.214999999999999900 ) ) ;
#1712 = DIRECTION ( 'NONE',  ( 1.000000000000000000, -0.0000000000000000000, -0.0000000000000000000 ) ) ;
#1713 = EDGE_CURVE ( 'NONE', #601, #160, #2066, .T. ) ;
#1714 = VECTOR ( 'NONE', #504, 1000.000000000000000 ) ;
#1715 = DIRECTION ( 'NONE',  ( -1.000000000000000000, -0.0000000000000000000, -0.0000000000000000000 ) ) ;
#1716 = AXIS2_PLACEMENT_3D ( 'NONE', #1516, #1586, #2405 ) ;
#1717 = LINE ( 'NONE', #704, #1169 ) ;
#1718 = CYLINDRICAL_SURFACE ( 'NONE', #1969, 0.1999999999999998700 ) ;
#1719 = EDGE_CURVE ( 'NONE', #2138, #757, #488, .T. ) ;
#1720 = DIRECTION ( 'NONE',  ( 0.0000000000000000000, 0.0000000000000000000, -1.000000000000000000 ) ) ;
#1721 = ORIENTED_EDGE ( 'NONE', *, *, #2046, .T. ) ;
#1722 = VECTOR ( 'NONE', #1314, 1000.000000000000000 ) ;
#1723 = CARTESIAN_POINT ( 'NONE',  ( 6.875000000000000900, -0.4000000000000003000, -2.215000000000001200 ) ) ;
#1724 = LINE ( 'NONE', #2347, #1846 ) ;
#1725 = CARTESIAN_POINT ( 'NONE',  ( -6.874999999999999100, -0.2000000000000000100, -2.614999999999999800 ) ) ;
#1726 = EDGE_CURVE ( 'NONE', #613, #1897, #1522, .T. ) ;
#1727 = CARTESIAN_POINT ( 'NONE',  ( -4.875000000000002700, -1.460000000000009500, -2.615000000000011300 ) ) ;
#1728 = CARTESIAN_POINT ( 'NONE',  ( -6.075000000000001100, -2.460000000000017700, -2.415000000000007600 ) ) ;
#1729 = AXIS2_PLACEMENT_3D ( 'NONE', #995, #1051, #1040 ) ;
#1730 = ORIENTED_EDGE ( 'NONE', *, *, #1384, .F. ) ;
#1731 = AXIS2_PLACEMENT_3D ( 'NONE', #53, #250, #258 ) ;
#1732 = LINE ( 'NONE', #1896, #1674 ) ;
#1733 = EDGE_CURVE ( 'NONE', #987, #2225, #428, .T. ) ;
#1734 = DIRECTION ( 'NONE',  ( 1.000000000000000000, 0.0000000000000000000, 0.0000000000000000000 ) ) ;
#1735 = VERTEX_POINT ( 'NONE', #398 ) ;
#1736 = DIRECTION ( 'NONE',  ( -1.000000000000000000, -0.0000000000000000000, -0.0000000000000000000 ) ) ;
#1737 = ORIENTED_EDGE ( 'NONE', *, *, #1726, .F. ) ;
#1738 = CARTESIAN_POINT ( 'NONE',  ( 3.124999999999999100, -2.260000000000018000, 1.825346402802561400 ) ) ;
#1739 = DIRECTION ( 'NONE',  ( -7.814069711607244800E-016, -1.000000000000000000, -0.0000000000000000000 ) ) ;
#1740 = CARTESIAN_POINT ( 'NONE',  ( 2.625000000000000000, -2.260000000000002500, -2.615000000000011800 ) ) ;
#1741 = CARTESIAN_POINT ( 'NONE',  ( -4.174999999999999800, 0.0000000000000000000, -0.5449999999999992600 ) ) ;
#1742 = CARTESIAN_POINT ( 'NONE',  ( -6.075000000000001100, -2.260000000000017100, -2.615000000000011300 ) ) ;
#1743 = FACE_OUTER_BOUND ( 'NONE', #201, .T. ) ;
#1744 = AXIS2_PLACEMENT_3D ( 'NONE', #1984, #1364, #543 ) ;
#1745 = LINE ( 'NONE', #1768, #2223 ) ;
#1746 = ORIENTED_EDGE ( 'NONE', *, *, #1400, .T. ) ;
#1747 = LINE ( 'NONE', #1800, #636 ) ;
#1748 = CYLINDRICAL_SURFACE ( 'NONE', #2425, 0.1999999999999996500 ) ;
#1749 = EDGE_CURVE ( 'NONE', #128, #1925, #1452, .T. ) ;
#1750 = DIRECTION ( 'NONE',  ( -1.000000000000000000, 0.0000000000000000000, 0.0000000000000000000 ) ) ;
#1751 = CYLINDRICAL_SURFACE ( 'NONE', #2035, 0.1999999999999996500 ) ;
#1752 = CARTESIAN_POINT ( 'NONE',  ( 1.625000000000000900, -0.1999999999999997100, 2.214999999999999900 ) ) ;
#1753 = FACE_OUTER_BOUND ( 'NONE', #233, .T. ) ;
#1754 = DIRECTION ( 'NONE',  ( -1.261617073437678000E-016, -0.0000000000000000000, -1.000000000000000000 ) ) ;
#1755 = ORIENTED_EDGE ( 'NONE', *, *, #2416, .F. ) ;
#1756 = CIRCLE ( 'NONE', #1049, 0.1999999999999992300 ) ;
#1757 = EDGE_CURVE ( 'NONE', #1369, #1531, #901, .T. ) ;
#1758 = ADVANCED_FACE ( 'NONE', ( #1393 ), #293, .F. ) ;
#1759 = ORIENTED_EDGE ( 'NONE', *, *, #944, .F. ) ;
#1760 = ORIENTED_EDGE ( 'NONE', *, *, #967, .F. ) ;
#1761 = ORIENTED_EDGE ( 'NONE', *, *, #466, .F. ) ;
#1762 = CARTESIAN_POINT ( 'NONE',  ( 1.624999999999998900, -3.130000000000002100, 2.215000000000009200 ) ) ;
#1763 = EDGE_CURVE ( 'NONE', #1374, #921, #2532, .T. ) ;
#1764 = CARTESIAN_POINT ( 'NONE',  ( 4.624999999999999100, 9.195206533133819000E-015, -2.415000000000000000 ) ) ;
#1765 = CARTESIAN_POINT ( 'NONE',  ( 6.875000000000000000, -3.130000000000001700, -2.215000000000011800 ) ) ;
#1766 = VERTEX_POINT ( 'NONE', #733 ) ;
#1767 = ORIENTED_EDGE ( 'NONE', *, *, #178, .T. ) ;
#1768 = CARTESIAN_POINT ( 'NONE',  ( 1.624999999999999800, -3.330000000000001800, 2.215000000000010500 ) ) ;
#1769 = ORIENTED_EDGE ( 'NONE', *, *, #2634, .T. ) ;
#1770 = CARTESIAN_POINT ( 'NONE',  ( 1.625000000000000900, -0.2000000000000000100, -1.344999999999999800 ) ) ;
#1771 = CARTESIAN_POINT ( 'NONE',  ( 0.4250000000000006600, -0.2000000000000000100, -0.5449999999999999300 ) ) ;
#1772 = DIRECTION ( 'NONE',  ( 1.000000000000000000, 0.0000000000000000000, 0.0000000000000000000 ) ) ;
#1773 = ADVANCED_FACE ( 'NONE', ( #2423 ), #753, .F. ) ;
#1774 = CARTESIAN_POINT ( 'NONE',  ( -5.875000000000001800, -2.260000000000017100, -2.415000000000007100 ) ) ;
#1775 = LINE ( 'NONE', #600, #2319 ) ;
#1776 = DIRECTION ( 'NONE',  ( 1.000000000000000000, 4.436263692538165700E-031, -1.261617073437678000E-016 ) ) ;
#1777 = EDGE_CURVE ( 'NONE', #1925, #1475, #1325, .T. ) ;
#1778 = DIRECTION ( 'NONE',  ( -1.000000000000000000, -0.0000000000000000000, 0.0000000000000000000 ) ) ;
#1779 = FACE_OUTER_BOUND ( 'NONE', #691, .T. ) ;
#1780 = FACE_OUTER_BOUND ( 'NONE', #818, .T. ) ;
#1781 = AXIS2_PLACEMENT_3D ( 'NONE', #30, #39, #49 ) ;
#1782 = DIRECTION ( 'NONE',  ( -0.0000000000000000000, -0.0000000000000000000, 1.000000000000000000 ) ) ;
#1783 = AXIS2_PLACEMENT_3D ( 'NONE', #746, #2190, #954 ) ;
#1784 = FACE_OUTER_BOUND ( 'NONE', #675, .T. ) ;
#1785 = EDGE_CURVE ( 'NONE', #1053, #2618, #1943, .T. ) ;
#1786 = DIRECTION ( 'NONE',  ( 0.0000000000000000000, 0.0000000000000000000, 1.000000000000000000 ) ) ;
#1787 = VECTOR ( 'NONE', #2296, 1000.000000000000000 ) ;
#1788 = PLANE ( 'NONE',  #839 ) ;
#1789 = CARTESIAN_POINT ( 'NONE',  ( -6.875000000000001800, -3.330000000000008100, -1.340000000000010300 ) ) ;
#1790 = ORIENTED_EDGE ( 'NONE', *, *, #189, .F. ) ;
#1791 = ORIENTED_EDGE ( 'NONE', *, *, #1307, .T. ) ;
#1792 = CARTESIAN_POINT ( 'NONE',  ( 6.875000000000000000, -3.530000000000002000, -2.215000000000014100 ) ) ;
#1793 = ORIENTED_EDGE ( 'NONE', *, *, #217, .F. ) ;
#1794 = LINE ( 'NONE', #1249, #1244 ) ;
#1795 = ORIENTED_EDGE ( 'NONE', *, *, #460, .T. ) ;
#1796 = AXIS2_PLACEMENT_3D ( 'NONE', #2096, #650, #1473 ) ;
#1797 = ORIENTED_EDGE ( 'NONE', *, *, #1938, .T. ) ;
#1798 = EDGE_CURVE ( 'NONE', #1370, #1383, #1876, .T. ) ;
#1799 = DIRECTION ( 'NONE',  ( -1.000000000000000000, 0.0000000000000000000, 0.0000000000000000000 ) ) ;
#1800 = CARTESIAN_POINT ( 'NONE',  ( -4.374999999999999100, -0.2000000000000000100, -0.3449999999999999200 ) ) ;
#1801 = CARTESIAN_POINT ( 'NONE',  ( 0.6250000000000005600, -0.3999999999999995200, 2.215000000000000700 ) ) ;
#1802 = DIRECTION ( 'NONE',  ( 1.000000000000000000, 0.0000000000000000000, 0.0000000000000000000 ) ) ;
#1803 = CIRCLE ( 'NONE', #2137, 0.3999999999999997400 ) ;
#1804 = LINE ( 'NONE', #1135, #776 ) ;
#1805 = ORIENTED_EDGE ( 'NONE', *, *, #2479, .T. ) ;
#1806 = LINE ( 'NONE', #2006, #1261 ) ;
#1807 = EDGE_CURVE ( 'NONE', #59, #1849, #2360, .T. ) ;
#1808 = FACE_OUTER_BOUND ( 'NONE', #2106, .T. ) ;
#1809 = DIRECTION ( 'NONE',  ( -0.0000000000000000000, -1.000000000000000000, 3.386096875029803300E-015 ) ) ;
#1810 = DIRECTION ( 'NONE',  ( 1.000000000000000000, 0.0000000000000000000, 0.0000000000000000000 ) ) ;
#1811 = AXIS2_PLACEMENT_3D ( 'NONE', #2121, #2145, #2110 ) ;
#1812 = ADVANCED_FACE ( 'NONE', ( #151 ), #1751, .F. ) ;
#1813 = FACE_OUTER_BOUND ( 'NONE', #2314, .T. ) ;
#1814 = DIRECTION ( 'NONE',  ( -0.0000000000000000000, -0.0000000000000000000, 1.000000000000000000 ) ) ;
#1815 = AXIS2_PLACEMENT_3D ( 'NONE', #1822, #1895, #1904 ) ;
#1816 = EDGE_CURVE ( 'NONE', #1114, #688, #2292, .T. ) ;
#1817 = VECTOR ( 'NONE', #851, 1000.000000000000000 ) ;
#1818 = ADVANCED_FACE ( 'NONE', ( #1813 ), #78, .T. ) ;
#1819 = DIRECTION ( 'NONE',  ( -8.260587980841668800E-017, -0.0000000000000000000, -1.000000000000000000 ) ) ;
#1820 = ORIENTED_EDGE ( 'NONE', *, *, #556, .T. ) ;
#1821 = DIRECTION ( 'NONE',  ( 0.0000000000000000000, -6.234162491791661500E-015, 1.000000000000000000 ) ) ;
#1822 = CARTESIAN_POINT ( 'NONE',  ( 6.874999999999998200, -3.530000000000007800, 1.340000000000009800 ) ) ;
#1823 = ORIENTED_EDGE ( 'NONE', *, *, #1425, .T. ) ;
#1824 = LINE ( 'NONE', #1139, #1271 ) ;
#1825 = ORIENTED_EDGE ( 'NONE', *, *, #2491, .T. ) ;
#1826 = ORIENTED_EDGE ( 'NONE', *, *, #2528, .T. ) ;
#1827 = ADVANCED_FACE ( 'NONE', ( #782 ), #1690, .T. ) ;
#1828 = CARTESIAN_POINT ( 'NONE',  ( 3.824999999999998400, -3.330000000000008100, 1.340000000000009000 ) ) ;
#1829 = ORIENTED_EDGE ( 'NONE', *, *, #466, .T. ) ;
#1830 = DIRECTION ( 'NONE',  ( -1.000000000000000000, 0.0000000000000000000, 1.095153709581317900E-016 ) ) ;
#1831 = AXIS2_PLACEMENT_3D ( 'NONE', #2067, #426, #1251 ) ;
#1832 = ORIENTED_EDGE ( 'NONE', *, *, #275, .T. ) ;
#1833 = DIRECTION ( 'NONE',  ( -1.000000000000000000, -0.0000000000000000000, 0.0000000000000000000 ) ) ;
#1834 = DIRECTION ( 'NONE',  ( 0.0000000000000000000, 1.000000000000000000, -0.0000000000000000000 ) ) ;
#1835 = EDGE_LOOP ( 'NONE', ( #874, #1213, #2109, #1746 ) ) ;
#1836 = SURFACE_STYLE_FILL_AREA ( #2332 ) ;
#1837 = VECTOR ( 'NONE', #236, 1000.000000000000000 ) ;
#1838 = PLANE ( 'NONE',  #1815 ) ;
#1839 = DIRECTION ( 'NONE',  ( -0.0000000000000000000, -1.000000000000000000, 0.0000000000000000000 ) ) ;
#1840 = VECTOR ( 'NONE', #561, 1000.000000000000000 ) ;
#1841 = LINE ( 'NONE', #816, #1288 ) ;
#1842 = ADVANCED_FACE ( 'NONE', ( #706 ), #124, .F. ) ;
#1843 = ORIENTED_EDGE ( 'NONE', *, *, #1757, .T. ) ;
#1844 = VECTOR ( 'NONE', #1156, 1000.000000000000000 ) ;
#1845 = EDGE_CURVE ( 'NONE', #1735, #959, #1202, .T. ) ;
#1846 = VECTOR ( 'NONE', #2353, 1000.000000000000000 ) ;
#1847 = DIRECTION ( 'NONE',  ( 1.000000000000000000, 0.0000000000000000000, 0.0000000000000000000 ) ) ;
#1848 = DIRECTION ( 'NONE',  ( 1.095153709581317900E-016, 0.0000000000000000000, 1.000000000000000000 ) ) ;
#1849 = VERTEX_POINT ( 'NONE', #2088 ) ;
#1850 = AXIS2_PLACEMENT_3D ( 'NONE', #2421, #1658, #1734 ) ;
#1851 = EDGE_CURVE ( 'NONE', #1114, #599, #585, .T. ) ;
#1852 = ORIENTED_EDGE ( 'NONE', *, *, #641, .F. ) ;
#1853 = ORIENTED_EDGE ( 'NONE', *, *, #1214, .F. ) ;
#1854 = ORIENTED_EDGE ( 'NONE', *, *, #1621, .F. ) ;
#1855 = ADVANCED_FACE ( 'NONE', ( #2167 ), #1065, .T. ) ;
#1856 = ORIENTED_EDGE ( 'NONE', *, *, #598, .F. ) ;
#1857 = DIRECTION ( 'NONE',  ( 0.0000000000000000000, 0.0000000000000000000, 1.000000000000000000 ) ) ;
#1858 = CIRCLE ( 'NONE', #414, 0.3999999999999993000 ) ;
#1859 = CARTESIAN_POINT ( 'NONE',  ( 1.943902935153772900E-030, -3.330000000000016900, 2.353225871647511300E-014 ) ) ;
#1860 = ORIENTED_EDGE ( 'NONE', *, *, #1088, .T. ) ;
#1861 = ORIENTED_EDGE ( 'NONE', *, *, #1228, .F. ) ;
#1862 = EDGE_CURVE ( 'NONE', #1525, #1189, #2230, .T. ) ;
#1863 = ORIENTED_EDGE ( 'NONE', *, *, #142, .T. ) ;
#1864 = AXIS2_PLACEMENT_3D ( 'NONE', #1127, #1157, #1162 ) ;
#1865 = CARTESIAN_POINT ( 'NONE',  ( 4.624999999999999100, -3.530000000000002500, -2.215000000000013200 ) ) ;
#1866 = DIRECTION ( 'NONE',  ( 0.0000000000000000000, 0.0000000000000000000, 1.000000000000000000 ) ) ;
#1867 = AXIS2_PLACEMENT_3D ( 'NONE', #310, #321, #331 ) ;
#1868 = EDGE_CURVE ( 'NONE', #688, #1289, #640, .T. ) ;
#1869 = CARTESIAN_POINT ( 'NONE',  ( 4.824999999999999300, -2.260000000000002500, 2.614999999999998900 ) ) ;
#1870 = DIRECTION ( 'NONE',  ( 1.000000000000000000, 0.0000000000000000000, 0.0000000000000000000 ) ) ;
#1871 = FACE_OUTER_BOUND ( 'NONE', #790, .T. ) ;
#1872 = CYLINDRICAL_SURFACE ( 'NONE', #665, 0.3999999999999993000 ) ;
#1873 = DIRECTION ( 'NONE',  ( 0.0000000000000000000, 1.000000000000000000, -3.386096875029803300E-015 ) ) ;
#1874 = LINE ( 'NONE', #1500, #2358 ) ;
#1875 = DIRECTION ( 'NONE',  ( 1.000000000000000000, 0.0000000000000000000, -0.0000000000000000000 ) ) ;
#1876 = CIRCLE ( 'NONE', #1211, 0.1999999999999992300 ) ;
#1877 = ORIENTED_EDGE ( 'NONE', *, *, #609, .T. ) ;
#1878 = LINE ( 'NONE', #715, #1328 ) ;
#1879 = AXIS2_PLACEMENT_3D ( 'NONE', #362, #1802, #572 ) ;
#1880 = PRODUCT_DEFINITION_CONTEXT ( 'detailed design', #2451, 'design' ) ;
#1881 = CARTESIAN_POINT ( 'NONE',  ( 0.4250000000000006600, -0.2000000000000000100, -0.5449999999999999300 ) ) ;
#1882 = DIRECTION ( 'NONE',  ( 0.0000000000000000000, -0.0000000000000000000, 1.000000000000000000 ) ) ;
#1883 = CARTESIAN_POINT ( 'NONE',  ( -6.874999999999999100, -0.3999999999999995800, -2.615000000000005500 ) ) ;
#1884 = EDGE_CURVE ( 'NONE', #2116, #1456, #1620, .T. ) ;
#1885 = ORIENTED_EDGE ( 'NONE', *, *, #290, .F. ) ;
#1886 = CARTESIAN_POINT ( 'NONE',  ( 0.4250000000000006600, -0.2000000000000000100, -1.544999999999999500 ) ) ;
#1887 = VECTOR ( 'NONE', #2544, 1000.000000000000000 ) ;
#1888 = ORIENTED_EDGE ( 'NONE', *, *, #1330, .T. ) ;
#1889 = CARTESIAN_POINT ( 'NONE',  ( 1.425000000000000500, -0.2000000000000000100, -1.544999999999999900 ) ) ;
#1890 = VERTEX_POINT ( 'NONE', #990 ) ;
#1891 = DIRECTION ( 'NONE',  ( 0.0000000000000000000, 1.000000000000000000, 0.0000000000000000000 ) ) ;
#1892 = CARTESIAN_POINT ( 'NONE',  ( -6.874999999999999100, -1.626303258728256700E-016, 2.215000000000001600 ) ) ;
#1893 = VERTEX_POINT ( 'NONE', #980 ) ;
#1894 = VERTEX_POINT ( 'NONE', #993 ) ;
#1895 = DIRECTION ( 'NONE',  ( -8.260587980841941200E-017, -6.877578213872936600E-015, -1.000000000000000000 ) ) ;
#1896 = CARTESIAN_POINT ( 'NONE',  ( 1.994931997373327400E-016, -2.260000000000002500, 2.415000000000006700 ) ) ;
#1897 = VERTEX_POINT ( 'NONE', #841 ) ;
#1898 = EDGE_CURVE ( 'NONE', #1246, #1053, #2606, .T. ) ;
#1899 = CARTESIAN_POINT ( 'NONE',  ( 2.424999999999998900, -3.330000000000016900, 2.353225871647511300E-014 ) ) ;
#1900 = CARTESIAN_POINT ( 'NONE',  ( 0.4250000000000006600, -0.2000000000000000100, -0.3449999999999999200 ) ) ;
#1901 = AXIS2_PLACEMENT_3D ( 'NONE', #16, #28, #38 ) ;
#1902 = EDGE_CURVE ( 'NONE', #913, #2305, #455, .T. ) ;
#1903 = CARTESIAN_POINT ( 'NONE',  ( -4.574999999999999300, 0.0000000000000000000, 1.375000000000000700 ) ) ;
#1904 = DIRECTION ( 'NONE',  ( 0.0000000000000000000, 1.000000000000000000, -6.877578213872936600E-015 ) ) ;
#1905 = COLOUR_RGB ( '',0.7921568627450980000, 0.8196078431372548800, 0.9333333333333333500 ) ;
#1906 = LINE ( 'NONE', #41, #861 ) ;
#1907 = DIRECTION ( 'NONE',  ( -1.000000000000000000, 0.0000000000000000000, 0.0000000000000000000 ) ) ;
#1908 = VECTOR ( 'NONE', #507, 1000.000000000000000 ) ;
#1909 = FACE_OUTER_BOUND ( 'NONE', #2564, .T. ) ;
#1910 = ORIENTED_EDGE ( 'NONE', *, *, #249, .T. ) ;
#1911 = LINE ( 'NONE', #1435, #811 ) ;
#1912 = DIRECTION ( 'NONE',  ( -4.377113509971021700E-031, 1.000000000000000000, 5.522241136554163200E-047 ) ) ;
#1913 = FACE_OUTER_BOUND ( 'NONE', #405, .T. ) ;
#1914 = CARTESIAN_POINT ( 'NONE',  ( 4.825000000000000200, -2.260000000000002500, -2.615000000000011800 ) ) ;
#1915 = EDGE_CURVE ( 'NONE', #1310, #218, #2554, .T. ) ;
#1916 = CARTESIAN_POINT ( 'NONE',  ( 4.624999999999999100, -3.530000000000007800, 1.340000000000010100 ) ) ;
#1917 = CARTESIAN_POINT ( 'NONE',  ( 0.4250000000000006600, -0.2000000000000000100, -0.5449999999999999300 ) ) ;
#1918 = ORIENTED_EDGE ( 'NONE', *, *, #986, .F. ) ;
#1919 = AXIS2_PLACEMENT_3D ( 'NONE', #2233, #2495, #2508 ) ;
#1920 = EDGE_LOOP ( 'NONE', ( #191, #1995, #2339, #2391 ) ) ;
#1921 = EDGE_CURVE ( 'NONE', #573, #2397, #1485, .T. ) ;
#1922 = ORIENTED_EDGE ( 'NONE', *, *, #1120, .T. ) ;
#1923 = ORIENTED_EDGE ( 'NONE', *, *, #2519, .T. ) ;
#1924 = CARTESIAN_POINT ( 'NONE',  ( 3.824999999999998400, -3.530000000000004200, 1.340000000000010300 ) ) ;
#1925 = VERTEX_POINT ( 'NONE', #1774 ) ;
#1926 = CYLINDRICAL_SURFACE ( 'NONE', #1105, 0.1999999999999996500 ) ;
#1927 = CARTESIAN_POINT ( 'NONE',  ( -6.875000000000002700, -3.529999999999999800, 2.615000000000001500 ) ) ;
#1928 = ORIENTED_EDGE ( 'NONE', *, *, #1672, .T. ) ;
#1929 = CARTESIAN_POINT ( 'NONE',  ( -3.046805232351991900E-016, -2.260000000000002500, -2.415000000000007600 ) ) ;
#1930 = EDGE_LOOP ( 'NONE', ( #406, #845, #241, #2369 ) ) ;
#1931 = CARTESIAN_POINT ( 'NONE',  ( 0.4250000000000003800, -1.160000000000001700, 2.615000000000002900 ) ) ;
#1932 = CARTESIAN_POINT ( 'NONE',  ( 3.824999999999998400, -3.530000000000007400, -1.340000000000012100 ) ) ;
#1933 = ORIENTED_EDGE ( 'NONE', *, *, #2117, .T. ) ;
#1934 = CARTESIAN_POINT ( 'NONE',  ( 1.625000000000000900, -0.3999999999999990800, 2.414999999999999600 ) ) ;
#1935 = CARTESIAN_POINT ( 'NONE',  ( -6.075000000000001100, -3.130000000000001700, -2.215000000000011800 ) ) ;
#1936 = LINE ( 'NONE', #1462, #2356 ) ;
#1937 = LINE ( 'NONE', #483, #1449 ) ;
#1938 = EDGE_CURVE ( 'NONE', #950, #278, #1136, .T. ) ;
#1939 = DIRECTION ( 'NONE',  ( 1.000000000000000000, 0.0000000000000000000, 0.0000000000000000000 ) ) ;
#1940 = VECTOR ( 'NONE', #2476, 1000.000000000000000 ) ;
#1941 = DIRECTION ( 'NONE',  ( -1.000000000000000000, -0.0000000000000000000, -0.0000000000000000000 ) ) ;
#1942 = CARTESIAN_POINT ( 'NONE',  ( 6.875000000000000900, -0.3999999999999990800, 2.214999999999999900 ) ) ;
#1943 = LINE ( 'NONE', #744, #222 ) ;
#1944 = CARTESIAN_POINT ( 'NONE',  ( 2.924999999999998900, -1.260000000000009300, -2.615000000000008200 ) ) ;
#1945 = DIRECTION ( 'NONE',  ( 0.0000000000000000000, 0.0000000000000000000, -1.000000000000000000 ) ) ;
#1946 = DIRECTION ( 'NONE',  ( 1.000000000000000000, -0.0000000000000000000, -0.0000000000000000000 ) ) ;
#1947 = CARTESIAN_POINT ( 'NONE',  ( 1.425000000000000500, -0.2000000000000000100, -1.344999999999999800 ) ) ;
#1948 = EDGE_CURVE ( 'NONE', #1001, #2209, #2504, .T. ) ;
#1949 = DIRECTION ( 'NONE',  ( 5.209379807738154600E-016, 1.000000000000000000, 0.0000000000000000000 ) ) ;
#1950 = CARTESIAN_POINT ( 'NONE',  ( 6.875000000000000900, 8.854643328202930700E-015, 2.414999999999998300 ) ) ;
#1951 = ORIENTED_EDGE ( 'NONE', *, *, #123, .F. ) ;
#1952 = AXIS2_PLACEMENT_3D ( 'NONE', #2102, #2114, #2590 ) ;
#1953 = CYLINDRICAL_SURFACE ( 'NONE', #63, 0.3999999999999997400 ) ;
#1954 = EDGE_CURVE ( 'NONE', #1383, #2636, #938, .T. ) ;
#1955 = ORIENTED_EDGE ( 'NONE', *, *, #1307, .F. ) ;
#1956 = DIRECTION ( 'NONE',  ( 0.0000000000000000000, 1.000000000000000000, 0.0000000000000000000 ) ) ;
#1957 = VERTEX_POINT ( 'NONE', #1555 ) ;
#1958 = DIRECTION ( 'NONE',  ( 0.0000000000000000000, 1.000000000000000000, 0.0000000000000000000 ) ) ;
#1959 = DIRECTION ( 'NONE',  ( -1.000000000000000000, -0.0000000000000000000, -0.0000000000000000000 ) ) ;
#1960 = CARTESIAN_POINT ( 'NONE',  ( 3.624999999999997800, -2.260000000000002500, -2.615000000000011800 ) ) ;
#1961 = ORIENTED_EDGE ( 'NONE', *, *, #1997, .T. ) ;
#1962 = ORIENTED_EDGE ( 'NONE', *, *, #2080, .F. ) ;
#1963 = ORIENTED_EDGE ( 'NONE', *, *, #1035, .T. ) ;
#1964 = CARTESIAN_POINT ( 'NONE',  ( 3.624999999999998700, -2.460000000000002600, -2.615000000000011800 ) ) ;
#1965 = EDGE_CURVE ( 'NONE', #334, #403, #324, .T. ) ;
#1966 = CARTESIAN_POINT ( 'NONE',  ( 2.924999999999998900, -1.260000000000009300, -2.415000000000004900 ) ) ;
#1967 = DIRECTION ( 'NONE',  ( 0.0000000000000000000, 0.0000000000000000000, 1.000000000000000000 ) ) ;
#1968 = CYLINDRICAL_SURFACE ( 'NONE', #1397, 0.2000000000000000900 ) ;
#1969 = AXIS2_PLACEMENT_3D ( 'NONE', #631, #2285, #1677 ) ;
#1970 = VECTOR ( 'NONE', #1705, 1000.000000000000000 ) ;
#1971 = VECTOR ( 'NONE', #367, 1000.000000000000000 ) ;
#1972 = CARTESIAN_POINT ( 'NONE',  ( 0.4250000000000002100, -1.360000000000001900, 2.415000000000003600 ) ) ;
#1973 = VECTOR ( 'NONE', #2058, 1000.000000000000000 ) ;
#1974 = CARTESIAN_POINT ( 'NONE',  ( 4.624999999999999100, -3.530000000000005100, 2.215000000000010500 ) ) ;
#1975 = VECTOR ( 'NONE', #2023, 1000.000000000000000 ) ;
#1976 = CARTESIAN_POINT ( 'NONE',  ( -4.374999999999999100, 0.0000000000000000000, -0.3449999999999993600 ) ) ;
#1977 = LINE ( 'NONE', #1624, #1422 ) ;
#1978 = CARTESIAN_POINT ( 'NONE',  ( -6.874999999999999100, -0.4000000000000003000, -2.215000000000001200 ) ) ;
#1979 = ORIENTED_EDGE ( 'NONE', *, *, #641, .T. ) ;
#1980 = CARTESIAN_POINT ( 'NONE',  ( 3.824999999999998400, 8.854643328202930700E-015, 2.414999999999998300 ) ) ;
#1981 = ORIENTED_EDGE ( 'NONE', *, *, #967, .T. ) ;
#1982 = EDGE_CURVE ( 'NONE', #1989, #2618, #1911, .T. ) ;
#1983 = DIRECTION ( 'NONE',  ( 1.000000000000000000, 0.0000000000000000000, -0.0000000000000000000 ) ) ;
#1984 = CARTESIAN_POINT ( 'NONE',  ( 2.924999999999999800, -1.460000000000009500, 1.825346402802561400 ) ) ;
#1985 = ORIENTED_EDGE ( 'NONE', *, *, #2361, .F. ) ;
#1986 = FACE_OUTER_BOUND ( 'NONE', #958, .T. ) ;
#1987 = STYLED_ITEM ( 'NONE', ( #157 ), #2152 ) ;
#1988 = AXIS2_PLACEMENT_3D ( 'NONE', #1996, #2180, #1241 ) ;
#1989 = VERTEX_POINT ( 'NONE', #1944 ) ;
#1990 = EDGE_CURVE ( 'NONE', #2562, #1189, #2392, .T. ) ;
#1991 = VERTEX_POINT ( 'NONE', #2204 ) ;
#1992 = ORIENTED_EDGE ( 'NONE', *, *, #2268, .F. ) ;
#1993 = DIRECTION ( 'NONE',  ( 0.0000000000000000000, 0.0000000000000000000, 1.000000000000000000 ) ) ;
#1994 = CARTESIAN_POINT ( 'NONE',  ( 0.4250000000000006600, -0.2000000000000000100, -0.3449999999999999200 ) ) ;
#1995 = ORIENTED_EDGE ( 'NONE', *, *, #1083, .T. ) ;
#1996 = CARTESIAN_POINT ( 'NONE',  ( -5.174999999999999800, -0.2000000000000000100, 1.175000000000000300 ) ) ;
#1997 = EDGE_CURVE ( 'NONE', #1042, #1366, #1361, .T. ) ;
#1998 = LINE ( 'NONE', #1318, #2577 ) ;
#1999 = CARTESIAN_POINT ( 'NONE',  ( 3.824999999999998400, -3.130000000000001200, -2.415000000000011100 ) ) ;
#2000 = CIRCLE ( 'NONE', #2614, 0.1999999999999999800 ) ;
#2001 = DIRECTION ( 'NONE',  ( 0.0000000000000000000, 0.0000000000000000000, 1.000000000000000000 ) ) ;
#2002 = AXIS2_PLACEMENT_3D ( 'NONE', #376, #388, #450 ) ;
#2003 = EDGE_CURVE ( 'NONE', #1600, #1117, #1420, .T. ) ;
#2004 = ORIENTED_EDGE ( 'NONE', *, *, #695, .F. ) ;
#2005 = VECTOR ( 'NONE', #583, 1000.000000000000000 ) ;
#2006 = CARTESIAN_POINT ( 'NONE',  ( 4.624999999999999100, 8.854643328202930700E-015, 2.414999999999998300 ) ) ;
#2007 = CARTESIAN_POINT ( 'NONE',  ( -6.075000000000001100, -3.130000000000001200, -2.415000000000010700 ) ) ;
#2008 = DIRECTION ( 'NONE',  ( -0.0000000000000000000, -1.000000000000000000, 6.877578213872936600E-015 ) ) ;
#2009 = CARTESIAN_POINT ( 'NONE',  ( 2.424999999999998900, -3.530000000000002900, -2.615000000000011800 ) ) ;
#2010 = EDGE_LOOP ( 'NONE', ( #682, #1654, #375, #836 ) ) ;
#2011 = LINE ( 'NONE', #2307, #439 ) ;
#2012 = ADVANCED_FACE ( 'NONE', ( #1290 ), #2056, .F. ) ;
#2013 = CARTESIAN_POINT ( 'NONE',  ( 2.424999999999998900, -3.530000000000003400, 1.340000000000009600 ) ) ;
#2014 = ORIENTED_EDGE ( 'NONE', *, *, #381, .F. ) ;
#2015 = CARTESIAN_POINT ( 'NONE',  ( 1.624999999999998700, -3.130000000000002100, 2.215000000000009200 ) ) ;
#2016 = AXIS2_PLACEMENT_3D ( 'NONE', #1994, #130, #1590 ) ;
#2017 = CARTESIAN_POINT ( 'NONE',  ( 3.124999999999998700, 9.195206533133819000E-015, -2.415000000000000000 ) ) ;
#2018 = ORIENTED_EDGE ( 'NONE', *, *, #284, .F. ) ;
#2019 = ORIENTED_EDGE ( 'NONE', *, *, #2212, .F. ) ;
#2020 = EDGE_CURVE ( 'NONE', #2636, #745, #260, .T. ) ;
#2021 = ORIENTED_EDGE ( 'NONE', *, *, #1482, .F. ) ;
#2022 =( NAMED_UNIT ( * ) SI_UNIT ( $, .STERADIAN. ) SOLID_ANGLE_UNIT ( ) );
#2023 = DIRECTION ( 'NONE',  ( 1.000000000000000000, 4.436263692538165700E-031, -1.261617073437678000E-016 ) ) ;
#2024 = DIRECTION ( 'NONE',  ( 1.000000000000000000, -0.0000000000000000000, -0.0000000000000000000 ) ) ;
#2025 = CARTESIAN_POINT ( 'NONE',  ( 2.424999999999998900, -3.530000000000002900, -2.615000000000011800 ) ) ;
#2026 = ADVANCED_FACE ( 'NONE', ( #1784 ), #116, .F. ) ;
#2027 = FACE_OUTER_BOUND ( 'NONE', #1567, .T. ) ;
#2028 = CYLINDRICAL_SURFACE ( 'NONE', #2573, 0.2000000000000000900 ) ;
#2029 = LINE ( 'NONE', #283, #1618 ) ;
#2030 = EDGE_CURVE ( 'NONE', #1706, #59, #185, .T. ) ;
#2031 = VECTOR ( 'NONE', #1839, 1000.000000000000000 ) ;
#2032 = DIRECTION ( 'NONE',  ( 0.0000000000000000000, 1.897353801849639900E-015, 1.000000000000000000 ) ) ;
#2033 = DIRECTION ( 'NONE',  ( 0.0000000000000000000, 0.0000000000000000000, 1.000000000000000000 ) ) ;
#2034 = VECTOR ( 'NONE', #1024, 1000.000000000000000 ) ;
#2035 = AXIS2_PLACEMENT_3D ( 'NONE', #892, #2129, #2281 ) ;
#2036 = EDGE_CURVE ( 'NONE', #25, #950, #676, .T. ) ;
#2037 = LINE ( 'NONE', #1727, #396 ) ;
#2038 = DIRECTION ( 'NONE',  ( 0.0000000000000000000, -1.000000000000000000, -7.007812709066389500E-015 ) ) ;
#2039 = VERTEX_POINT ( 'NONE', #1865 ) ;
#2040 = ADVANCED_FACE ( 'NONE', ( #2326 ), #2201, .T. ) ;
#2041 = ORIENTED_EDGE ( 'NONE', *, *, #2645, .T. ) ;
#2042 = ORIENTED_EDGE ( 'NONE', *, *, #1440, .F. ) ;
#2043 = ORIENTED_EDGE ( 'NONE', *, *, #1777, .T. ) ;
#2044 = DIRECTION ( 'NONE',  ( -0.0000000000000000000, -1.000000000000000000, -0.0000000000000000000 ) ) ;
#2045 = VECTOR ( 'NONE', #1739, 1000.000000000000000 ) ;
#2046 = EDGE_CURVE ( 'NONE', #404, #1283, #2265, .T. ) ;
#2047 = ORIENTED_EDGE ( 'NONE', *, *, #228, .F. ) ;
#2048 = AXIS2_PLACEMENT_3D ( 'NONE', #73, #84, #87 ) ;
#2049 = ORIENTED_EDGE ( 'NONE', *, *, #1610, .T. ) ;
#2050 = AXIS2_PLACEMENT_3D ( 'NONE', #2200, #961, #2404 ) ;
#2051 = EDGE_CURVE ( 'NONE', #2372, #1149, #1175, .T. ) ;
#2052 = VERTEX_POINT ( 'NONE', #2156 ) ;
#2053 = ADVANCED_FACE ( 'NONE', ( #1660 ), #2221, .T. ) ;
#2054 = CARTESIAN_POINT ( 'NONE',  ( 2.424999999999998900, -3.330000000000006300, 1.340000000000009000 ) ) ;
#2055 = EDGE_LOOP ( 'NONE', ( #1574, #2175, #2335, #2375, #392, #2566 ) ) ;
#2056 = PLANE ( 'NONE',  #871 ) ;
#2057 = CARTESIAN_POINT ( 'NONE',  ( 3.624999999999998700, -2.460000000000002600, -2.615000000000011800 ) ) ;
#2058 = DIRECTION ( 'NONE',  ( 1.000000000000000000, 0.0000000000000000000, -0.0000000000000000000 ) ) ;
#2059 = VECTOR ( 'NONE', #1075, 1000.000000000000000 ) ;
#2060 = VECTOR ( 'NONE', #1282, 1000.000000000000000 ) ;
#2061 = ORIENTED_EDGE ( 'NONE', *, *, #434, .F. ) ;
#2062 = DIRECTION ( 'NONE',  ( 0.0000000000000000000, 0.0000000000000000000, 1.000000000000000000 ) ) ;
#2063 = ORIENTED_EDGE ( 'NONE', *, *, #1343, .T. ) ;
#2064 = AXIS2_PLACEMENT_3D ( 'NONE', #2136, #680, #1524 ) ;
#2065 = EDGE_LOOP ( 'NONE', ( #2061, #625, #530, #2518 ) ) ;
#2066 = LINE ( 'NONE', #313, #975 ) ;
#2067 = CARTESIAN_POINT ( 'NONE',  ( -6.875000000000000000, -0.3999999999999995200, 2.215000000000000700 ) ) ;
#2068 = EDGE_CURVE ( 'NONE', #757, #2512, #1095, .T. ) ;
#2069 = CARTESIAN_POINT ( 'NONE',  ( 6.875000000000000000, -3.130000000000001700, -2.215000000000011800 ) ) ;
#2070 = ORIENTED_EDGE ( 'NONE', *, *, #1166, .T. ) ;
#2071 = ORIENTED_EDGE ( 'NONE', *, *, #923, .F. ) ;
#2072 = VECTOR ( 'NONE', #690, 1000.000000000000000 ) ;
#2073 = ORIENTED_EDGE ( 'NONE', *, *, #249, .F. ) ;
#2074 = DIRECTION ( 'NONE',  ( 0.0000000000000000000, 0.0000000000000000000, -1.000000000000000000 ) ) ;
#2075 = ORIENTED_EDGE ( 'NONE', *, *, #516, .T. ) ;
#2076 = EDGE_CURVE ( 'NONE', #949, #922, #2477, .T. ) ;
#2077 = ORIENTED_EDGE ( 'NONE', *, *, #2179, .F. ) ;
#2078 = DIRECTION ( 'NONE',  ( 0.0000000000000000000, -0.0000000000000000000, 1.000000000000000000 ) ) ;
#2079 = CARTESIAN_POINT ( 'NONE',  ( 3.624999999999997800, -2.260000000000002500, -2.615000000000011800 ) ) ;
#2080 = EDGE_CURVE ( 'NONE', #2625, #800, #898, .T. ) ;
#2081 = CARTESIAN_POINT ( 'NONE',  ( 6.875000000000000900, -0.4000000000000003000, -2.615000000000000700 ) ) ;
#2082 = CARTESIAN_POINT ( 'NONE',  ( 1.425000000000000500, 0.0000000000000000000, -1.544999999999999900 ) ) ;
#2083 = CARTESIAN_POINT ( 'NONE',  ( 3.124999999999999100, -1.460000000000009500, -2.415000000000004900 ) ) ;
#2084 = ORIENTED_EDGE ( 'NONE', *, *, #381, .T. ) ;
#2085 = DIRECTION ( 'NONE',  ( 1.000000000000000000, -0.0000000000000000000, 0.0000000000000000000 ) ) ;
#2086 = FACE_OUTER_BOUND ( 'NONE', #593, .T. ) ;
#2087 = CIRCLE ( 'NONE', #2330, 0.4000000000000001900 ) ;
#2088 = CARTESIAN_POINT ( 'NONE',  ( -6.675000000000002500, -1.360000000000001400, 2.415000000000004500 ) ) ;
#2089 = CARTESIAN_POINT ( 'NONE',  ( 4.624999999999999100, -2.460000000000003100, 2.614999999999998900 ) ) ;
#2090 = FACE_OUTER_BOUND ( 'NONE', #1055, .T. ) ;
#2091 = VECTOR ( 'NONE', #1834, 1000.000000000000000 ) ;
#2092 = CARTESIAN_POINT ( 'NONE',  ( -6.874999999999999100, 9.195206533133814300E-015, -2.414999999999998700 ) ) ;
#2093 = EDGE_CURVE ( 'NONE', #1989, #2400, #358, .T. ) ;
#2094 = VECTOR ( 'NONE', #1039, 1000.000000000000000 ) ;
#2095 = CARTESIAN_POINT ( 'NONE',  ( 6.875000000000000000, -2.060000000000002300, -2.615000000000011800 ) ) ;
#2096 = CARTESIAN_POINT ( 'NONE',  ( 0.4250000000000006600, -0.2000000000000000100, -0.3449999999999999200 ) ) ;
#2097 = LINE ( 'NONE', #2112, #2556 ) ;
#2098 = AXIS2_PLACEMENT_3D ( 'NONE', #1684, #443, #1882 ) ;
#2099 = CARTESIAN_POINT ( 'NONE',  ( 3.624999999999998700, -2.460000000000002600, -2.415000000000009800 ) ) ;
#2100 = EDGE_LOOP ( 'NONE', ( #35, #89, #654, #305, #937, #2111, #730, #2348, #2014, #1918, #37, #2462 ) ) ;
#2101 = DIRECTION ( 'NONE',  ( 8.068481283613052800E-016, 0.0000000000000000000, 1.000000000000000000 ) ) ;
#2102 = CARTESIAN_POINT ( 'NONE',  ( 6.675000000000001600, -2.060000000000002300, -2.415000000000008500 ) ) ;
#2103 = ORIENTED_EDGE ( 'NONE', *, *, #319, .T. ) ;
#2104 = CARTESIAN_POINT ( 'NONE',  ( -4.675000000000003400, -1.460000000000009500, -2.615000000000011300 ) ) ;
#2105 = VERTEX_POINT ( 'NONE', #2013 ) ;
#2106 = EDGE_LOOP ( 'NONE', ( #540, #595, #193, #207 ) ) ;
#2107 = VERTEX_POINT ( 'NONE', #1828 ) ;
#2108 = CIRCLE ( 'NONE', #118, 0.4000000000000001900 ) ;
#2109 = ORIENTED_EDGE ( 'NONE', *, *, #1021, .F. ) ;
#2110 = DIRECTION ( 'NONE',  ( -1.000000000000000000, 0.0000000000000000000, 0.0000000000000000000 ) ) ;
#2111 = ORIENTED_EDGE ( 'NONE', *, *, #1845, .T. ) ;
#2112 = CARTESIAN_POINT ( 'NONE',  ( -6.874999999999999100, -0.1999999999999993400, -2.615000000000010400 ) ) ;
#2113 = EDGE_LOOP ( 'NONE', ( #876, #1217, #2288, #881 ) ) ;
#2114 = DIRECTION ( 'NONE',  ( 1.261617073437696200E-016, 0.0000000000000000000, 1.000000000000000000 ) ) ;
#2115 = DIRECTION ( 'NONE',  ( 0.0000000000000000000, 0.0000000000000000000, -1.000000000000000000 ) ) ;
#2116 = VERTEX_POINT ( 'NONE', #1358 ) ;
#2117 = EDGE_CURVE ( 'NONE', #601, #59, #1392, .T. ) ;
#2118 = ORIENTED_EDGE ( 'NONE', *, *, #2268, .T. ) ;
#2119 = PRESENTATION_LAYER_ASSIGNMENT (  '', '', ( #1987 ) ) ;
#2120 = CARTESIAN_POINT ( 'NONE',  ( 0.4250000000000006600, -0.2000000000000000100, -0.5449999999999999300 ) ) ;
#2121 = CARTESIAN_POINT ( 'NONE',  ( 3.324999999999998800, -2.060000000000002300, -2.615000000000011800 ) ) ;
#2122 = AXIS2_PLACEMENT_3D ( 'NONE', #2099, #2189, #2254 ) ;
#2123 = EDGE_CURVE ( 'NONE', #1991, #1312, #2420, .T. ) ;
#2124 = DIRECTION ( 'NONE',  ( -0.0000000000000000000, -0.0000000000000000000, -1.000000000000000000 ) ) ;
#2125 = CARTESIAN_POINT ( 'NONE',  ( 4.189357194483987700E-016, 9.195206533133815800E-015, 2.414999999999998700 ) ) ;
#2126 = VECTOR ( 'NONE', #1033, 1000.000000000000000 ) ;
#2127 = VECTOR ( 'NONE', #246, 1000.000000000000000 ) ;
#2128 = EDGE_LOOP ( 'NONE', ( #713, #2471, #1856, #323 ) ) ;
#2129 = DIRECTION ( 'NONE',  ( -1.000000000000000000, -0.0000000000000000000, -0.0000000000000000000 ) ) ;
#2130 = DIRECTION ( 'NONE',  ( 0.0000000000000000000, 0.0000000000000000000, 1.000000000000000000 ) ) ;
#2131 = LINE ( 'NONE', #741, #2182 ) ;
#2132 = DIRECTION ( 'NONE',  ( 1.000000000000000000, -1.084202172485504400E-015, 0.0000000000000000000 ) ) ;
#2133 = CIRCLE ( 'NONE', #797, 0.1999999999999996500 ) ;
#2134 = DIRECTION ( 'NONE',  ( 1.261617073437696200E-016, 0.0000000000000000000, 1.000000000000000000 ) ) ;
#2135 = EDGE_CURVE ( 'NONE', #1766, #1600, #289, .T. ) ;
#2136 = CARTESIAN_POINT ( 'NONE',  ( 4.624999999999999100, -3.130000000000002100, 2.215000000000009200 ) ) ;
#2137 = AXIS2_PLACEMENT_3D ( 'NONE', #1558, #1563, #1570 ) ;
#2138 = VERTEX_POINT ( 'NONE', #1108 ) ;
#2139 = AXIS2_PLACEMENT_3D ( 'NONE', #475, #478, #484 ) ;
#2140 = EDGE_CURVE ( 'NONE', #2399, #1089, #1874, .T. ) ;
#2141 = DIRECTION ( 'NONE',  ( -5.665283958780279300E-031, 1.000000000000000000, -6.858209091071092500E-015 ) ) ;
#2142 = DIRECTION ( 'NONE',  ( -0.0000000000000000000, -0.0000000000000000000, -1.000000000000000000 ) ) ;
#2143 = ORIENTED_EDGE ( 'NONE', *, *, #477, .T. ) ;
#2144 = LINE ( 'NONE', #1061, #1601 ) ;
#2145 = DIRECTION ( 'NONE',  ( -1.261617073437678000E-016, 0.0000000000000000000, -1.000000000000000000 ) ) ;
#2146 = ORIENTED_EDGE ( 'NONE', *, *, #1629, .T. ) ;
#2147 = ORIENTED_EDGE ( 'NONE', *, *, #2380, .T. ) ;
#2148 = CARTESIAN_POINT ( 'NONE',  ( 6.874999999999999100, -3.529999999999999800, -2.615000000000002000 ) ) ;
#2149 = CARTESIAN_POINT ( 'NONE',  ( 4.624999999999999100, -2.460000000000004000, -2.615000000000011800 ) ) ;
#2150 = DIRECTION ( 'NONE',  ( 0.0000000000000000000, 1.000000000000000000, 0.0000000000000000000 ) ) ;
#2151 = PLANE ( 'NONE',  #2490 ) ;
#2152 = ADVANCED_BREP_SHAPE_REPRESENTATION ( 'PRO-OB-536', ( #2592, #122 ), #1123 ) ;
#2153 = CARTESIAN_POINT ( 'NONE',  ( 4.825000000000000200, -2.260000000000002500, -2.615000000000011800 ) ) ;
#2154 = DIRECTION ( 'NONE',  ( -0.0000000000000000000, -1.000000000000000000, 3.386096875029803300E-015 ) ) ;
#2155 = AXIS2_PLACEMENT_3D ( 'NONE', #2424, #1194, #2591 ) ;
#2156 = CARTESIAN_POINT ( 'NONE',  ( 3.824999999999998400, -3.330000000000001800, -2.215000000000013200 ) ) ;
#2157 = CARTESIAN_POINT ( 'NONE',  ( 0.6250000000000005600, -0.3999999999999988000, 2.415000000000000000 ) ) ;
#2158 = CIRCLE ( 'NONE', #2050, 0.1999999999999998200 ) ;
#2159 = EDGE_CURVE ( 'NONE', #278, #1700, #837, .T. ) ;
#2160 = CARTESIAN_POINT ( 'NONE',  ( 2.424999999999998900, -3.530000000000002500, 2.215000000000010500 ) ) ;
#2161 = ORIENTED_EDGE ( 'NONE', *, *, #885, .F. ) ;
#2162 = FACE_OUTER_BOUND ( 'NONE', #1670, .T. ) ;
#2163 = DIRECTION ( 'NONE',  ( 0.0000000000000000000, 1.000000000000000000, 0.0000000000000000000 ) ) ;
#2164 = VECTOR ( 'NONE', #795, 1000.000000000000000 ) ;
#2165 = DIRECTION ( 'NONE',  ( -1.734723475976807300E-016, -3.516331370223257300E-015, -1.000000000000000000 ) ) ;
#2166 = DIRECTION ( 'NONE',  ( -0.0000000000000000000, 0.0000000000000000000, -1.000000000000000000 ) ) ;
#2167 = FACE_OUTER_BOUND ( 'NONE', #131, .T. ) ;
#2168 = CARTESIAN_POINT ( 'NONE',  ( 6.875000000000000900, -0.4000000000000003000, -2.215000000000001200 ) ) ;
#2169 = VECTOR ( 'NONE', #1504, 1000.000000000000000 ) ;
#2170 = CARTESIAN_POINT ( 'NONE',  ( 3.824999999999998400, -3.530000000000002900, 1.340000000000010100 ) ) ;
#2171 = DIRECTION ( 'NONE',  ( -1.000000000000000000, -0.0000000000000000000, -0.0000000000000000000 ) ) ;
#2172 = EDGE_CURVE ( 'NONE', #899, #1072, #1806, .T. ) ;
#2173 = CARTESIAN_POINT ( 'NONE',  ( -6.075000000000001100, -3.530000000000017100, -2.615000000000011300 ) ) ;
#2174 = VERTEX_POINT ( 'NONE', #1581 ) ;
#2175 = ORIENTED_EDGE ( 'NONE', *, *, #2534, .T. ) ;
#2176 = AXIS2_PLACEMENT_3D ( 'NONE', #793, #846, #824 ) ;
#2177 = FACE_OUTER_BOUND ( 'NONE', #2457, .T. ) ;
#2178 = DIRECTION ( 'NONE',  ( -0.0000000000000000000, -1.000000000000000000, -0.0000000000000000000 ) ) ;
#2179 = EDGE_CURVE ( 'NONE', #2492, #259, #779, .T. ) ;
#2180 = DIRECTION ( 'NONE',  ( -0.0000000000000000000, -1.000000000000000000, -0.0000000000000000000 ) ) ;
#2181 = VERTEX_POINT ( 'NONE', #1125 ) ;
#2182 = VECTOR ( 'NONE', #102, 1000.000000000000000 ) ;
#2183 = ORIENTED_EDGE ( 'NONE', *, *, #1430, .F. ) ;
#2184 = DIRECTION ( 'NONE',  ( 0.0000000000000000000, 1.000000000000000000, -3.516331370223257300E-015 ) ) ;
#2185 = DIRECTION ( 'NONE',  ( 0.0000000000000000000, 0.0000000000000000000, -1.000000000000000000 ) ) ;
#2186 = ORIENTED_EDGE ( 'NONE', *, *, #1719, .T. ) ;
#2187 = DIRECTION ( 'NONE',  ( 0.0000000000000000000, 0.0000000000000000000, 1.000000000000000000 ) ) ;
#2188 = ORIENTED_EDGE ( 'NONE', *, *, #666, .T. ) ;
#2189 = DIRECTION ( 'NONE',  ( -0.0000000000000000000, -0.0000000000000000000, -1.000000000000000000 ) ) ;
#2190 = DIRECTION ( 'NONE',  ( -1.000000000000000000, -0.0000000000000000000, -0.0000000000000000000 ) ) ;
#2191 = ORIENTED_EDGE ( 'NONE', *, *, #614, .T. ) ;
#2192 = EDGE_CURVE ( 'NONE', #1700, #2611, #220, .T. ) ;
#2193 = AXIS2_PLACEMENT_3D ( 'NONE', #407, #415, #425 ) ;
#2194 = DIRECTION ( 'NONE',  ( -0.0000000000000000000, -0.0000000000000000000, -1.000000000000000000 ) ) ;
#2195 = AXIS2_PLACEMENT_3D ( 'NONE', #1368, #115, #1579 ) ;
#2196 = VECTOR ( 'NONE', #669, 1000.000000000000000 ) ;
#2197 = EDGE_CURVE ( 'NONE', #1429, #2446, #1747, .T. ) ;
#2198 = VECTOR ( 'NONE', #930, 1000.000000000000000 ) ;
#2199 = VECTOR ( 'NONE', #1057, 1000.000000000000000 ) ;
#2200 = CARTESIAN_POINT ( 'NONE',  ( -4.174999999999999800, -0.2000000000000000100, -0.3449999999999993600 ) ) ;
#2201 = CYLINDRICAL_SURFACE ( 'NONE', #1428, 0.1999999999999999800 ) ;
#2202 = CARTESIAN_POINT ( 'NONE',  ( -5.174999999999999800, 0.0000000000000000000, 1.375000000000000400 ) ) ;
#2203 = LINE ( 'NONE', #2414, #1661 ) ;
#2204 = CARTESIAN_POINT ( 'NONE',  ( -5.174999999999999800, -0.2000000000000000100, 1.375000000000000400 ) ) ;
#2205 = DIRECTION ( 'NONE',  ( -1.000000000000000000, -0.0000000000000000000, -0.0000000000000000000 ) ) ;
#2206 = DIRECTION ( 'NONE',  ( 0.0000000000000000000, 6.858209091071092500E-015, 1.000000000000000000 ) ) ;
#2207 = ORIENTED_EDGE ( 'NONE', *, *, #1292, .F. ) ;
#2208 = AXIS2_PLACEMENT_3D ( 'NONE', #2337, #13, #1423 ) ;
#2209 = VERTEX_POINT ( 'NONE', #1881 ) ;
#2210 = VECTOR ( 'NONE', #22, 1000.000000000000000 ) ;
#2211 = ORIENTED_EDGE ( 'NONE', *, *, #2051, .F. ) ;
#2212 = EDGE_CURVE ( 'NONE', #2397, #659, #2226, .T. ) ;
#2213 = ORIENTED_EDGE ( 'NONE', *, *, #1997, .F. ) ;
#2214 = CARTESIAN_POINT ( 'NONE',  ( 0.4250000000000000400, -1.360000000000001900, 0.6149999999999987700 ) ) ;
#2215 = ORIENTED_EDGE ( 'NONE', *, *, #1178, .F. ) ;
#2216 = CARTESIAN_POINT ( 'NONE',  ( 0.0000000000000000000, 0.0000000000000000000, 0.0000000000000000000 ) ) ;
#2217 = PLANE ( 'NONE',  #1034 ) ;
#2218 = ADVANCED_FACE ( 'NONE', ( #1200 ), #9, .T. ) ;
#2219 = ADVANCED_FACE ( 'NONE', ( #72 ), #2535, .T. ) ;
#2220 = EDGE_CURVE ( 'NONE', #991, #801, #147, .T. ) ;
#2221 = PLANE ( 'NONE',  #1575 ) ;
#2222 =( LENGTH_UNIT ( ) NAMED_UNIT ( * ) SI_UNIT ( .MILLI., .METRE. ) );
#2223 = VECTOR ( 'NONE', #526, 1000.000000000000000 ) ;
#2224 = DIRECTION ( 'NONE',  ( 0.0000000000000000000, 0.0000000000000000000, 1.000000000000000000 ) ) ;
#2225 = VERTEX_POINT ( 'NONE', #3 ) ;
#2226 = LINE ( 'NONE', #1350, #1688 ) ;
#2227 = LINE ( 'NONE', #368, #1689 ) ;
#2228 = EDGE_CURVE ( 'NONE', #1149, #1279, #1130, .T. ) ;
#2229 = DIRECTION ( 'NONE',  ( 0.0000000000000000000, 0.0000000000000000000, 1.000000000000000000 ) ) ;
#2230 = CIRCLE ( 'NONE', #177, 0.1999999999999996500 ) ;
#2231 = LINE ( 'NONE', #1324, #587 ) ;
#2232 = ADVANCED_FACE ( 'NONE', ( #2162 ), #2602, .F. ) ;
#2233 = CARTESIAN_POINT ( 'NONE',  ( -4.574999999999999300, -0.2000000000000000100, 1.375000000000000700 ) ) ;
#2234 =( NAMED_UNIT ( * ) PLANE_ANGLE_UNIT ( ) SI_UNIT ( $, .RADIAN. ) );
#2235 = PLANE ( 'NONE',  #79 ) ;
#2236 = ORIENTED_EDGE ( 'NONE', *, *, #2159, .F. ) ;
#2237 = ORIENTED_EDGE ( 'NONE', *, *, #792, .T. ) ;
#2238 = CARTESIAN_POINT ( 'NONE',  ( 6.675000000000000700, -2.260000000000002500, 2.615000000000002400 ) ) ;
#2239 = ORIENTED_EDGE ( 'NONE', *, *, #509, .F. ) ;
#2240 = EDGE_CURVE ( 'NONE', #259, #2116, #1062, .T. ) ;
#2241 = VERTEX_POINT ( 'NONE', #129 ) ;
#2242 = VECTOR ( 'NONE', #2194, 1000.000000000000000 ) ;
#2243 = DIRECTION ( 'NONE',  ( 1.000000000000000000, 0.0000000000000000000, 0.0000000000000000000 ) ) ;
#2244 = ORIENTED_EDGE ( 'NONE', *, *, #1499, .F. ) ;
#2245 = AXIS2_PLACEMENT_3D ( 'NONE', #1068, #2496, #1275 ) ;
#2246 = ORIENTED_EDGE ( 'NONE', *, *, #1028, .F. ) ;
#2247 = CARTESIAN_POINT ( 'NONE',  ( 2.625000000000000000, -2.260000000000002500, -2.615000000000011800 ) ) ;
#2248 = CARTESIAN_POINT ( 'NONE',  ( -6.075000000000001100, -3.330000000000001800, -2.215000000000013600 ) ) ;
#2249 = ORIENTED_EDGE ( 'NONE', *, *, #2439, .T. ) ;
#2250 = ADVANCED_FACE ( 'NONE', ( #2090 ), #117, .T. ) ;
#2251 = ORIENTED_EDGE ( 'NONE', *, *, #1644, .F. ) ;
#2252 = ORIENTED_EDGE ( 'NONE', *, *, #2528, .F. ) ;
#2253 = ORIENTED_EDGE ( 'NONE', *, *, #43, .T. ) ;
#2254 = DIRECTION ( 'NONE',  ( 1.000000000000000000, 4.336808689942015400E-015, 0.0000000000000000000 ) ) ;
#2255 = DIRECTION ( 'NONE',  ( 1.000000000000000000, 4.377113509971021700E-031, -1.261617073437678000E-016 ) ) ;
#2256 = PLANE ( 'NONE',  #1140 ) ;
#2257 = LINE ( 'NONE', #459, #1714 ) ;
#2258 = CIRCLE ( 'NONE', #479, 0.1999999999999992300 ) ;
#2259 = EDGE_CURVE ( 'NONE', #1072, #2372, #513, .T. ) ;
#2260 = LINE ( 'NONE', #11, #2199 ) ;
#2261 = ADVANCED_FACE ( 'NONE', ( #2550 ), #1480, .T. ) ;
#2262 = CARTESIAN_POINT ( 'NONE',  ( 4.824999999999998400, -2.460000000000002600, 2.614999999999998900 ) ) ;
#2263 = ORIENTED_EDGE ( 'NONE', *, *, #872, .T. ) ;
#2264 =( NAMED_UNIT ( * ) SI_UNIT ( $, .STERADIAN. ) SOLID_ANGLE_UNIT ( ) );
#2265 = LINE ( 'NONE', #1792, #610 ) ;
#2266 = CARTESIAN_POINT ( 'NONE',  ( 0.6250000000000005600, -0.2000000000000001500, 2.215000000000001200 ) ) ;
#2267 = MECHANICAL_DESIGN_GEOMETRIC_PRESENTATION_REPRESENTATION (  '', ( #1987 ), #2398 ) ;
#2268 = EDGE_CURVE ( 'NONE', #817, #128, #2029, .T. ) ;
#2269 = FACE_OUTER_BOUND ( 'NONE', #647, .T. ) ;
#2270 = DIRECTION ( 'NONE',  ( 0.0000000000000000000, 1.000000000000000000, 0.0000000000000000000 ) ) ;
#2271 = ORIENTED_EDGE ( 'NONE', *, *, #1592, .T. ) ;
#2272 = ORIENTED_EDGE ( 'NONE', *, *, #1585, .F. ) ;
#2273 = ORIENTED_EDGE ( 'NONE', *, *, #1948, .F. ) ;
#2274 = ADVANCED_FACE ( 'NONE', ( #934 ), #302, .T. ) ;
#2275 = ORIENTED_EDGE ( 'NONE', *, *, #2315, .T. ) ;
#2276 = CARTESIAN_POINT ( 'NONE',  ( -5.174999999999999800, 0.0000000000000000000, -1.344999999999999800 ) ) ;
#2277 = VECTOR ( 'NONE', #1631, 1000.000000000000000 ) ;
#2278 = EDGE_CURVE ( 'NONE', #724, #817, #390, .T. ) ;
#2279 = EDGE_LOOP ( 'NONE', ( #2341, #2213, #1852, #1078, #2077, #1805, #133, #1013 ) ) ;
#2280 = AXIS2_PLACEMENT_3D ( 'NONE', #1419, #1444, #1454 ) ;
#2281 = DIRECTION ( 'NONE',  ( 0.0000000000000000000, 0.0000000000000000000, 1.000000000000000000 ) ) ;
#2282 = EDGE_LOOP ( 'NONE', ( #859, #62, #1145, #2409 ) ) ;
#2283 = APPLICATION_PROTOCOL_DEFINITION ( 'draft international standard', 'automotive_design', 1998, #2294 ) ;
#2284 = EDGE_CURVE ( 'NONE', #1604, #2400, #2500, .T. ) ;
#2285 = DIRECTION ( 'NONE',  ( 0.0000000000000000000, 1.000000000000000000, 0.0000000000000000000 ) ) ;
#2286 = VECTOR ( 'NONE', #1536, 1000.000000000000000 ) ;
#2287 = VECTOR ( 'NONE', #2171, 1000.000000000000000 ) ;
#2288 = ORIENTED_EDGE ( 'NONE', *, *, #1110, .T. ) ;
#2289 = VECTOR ( 'NONE', #1510, 1000.000000000000000 ) ;
#2290 = FACE_OUTER_BOUND ( 'NONE', #2279, .T. ) ;
#2291 = AXIS2_PLACEMENT_3D ( 'NONE', #354, #2408, #343 ) ;
#2292 = CIRCLE ( 'NONE', #1901, 0.2000000000000000900 ) ;
#2293 = DIRECTION ( 'NONE',  ( -0.0000000000000000000, 0.0000000000000000000, -1.000000000000000000 ) ) ;
#2294 = APPLICATION_CONTEXT ( 'automotive_design' ) ;
#2295 = FACE_OUTER_BOUND ( 'NONE', #1237, .T. ) ;
#2296 = DIRECTION ( 'NONE',  ( -1.000000000000000000, -0.0000000000000000000, 0.0000000000000000000 ) ) ;
#2297 = CARTESIAN_POINT ( 'NONE',  ( -6.875000000000001800, -3.330000000000016900, -2.350621181743642900E-014 ) ) ;
#2298 = ORIENTED_EDGE ( 'NONE', *, *, #1749, .F. ) ;
#2299 = CARTESIAN_POINT ( 'NONE',  ( 6.874999999999998200, -3.530000000000007800, 1.340000000000009800 ) ) ;
#2300 = ORIENTED_EDGE ( 'NONE', *, *, #2351, .F. ) ;
#2301 = FILL_AREA_STYLE_COLOUR ( '', #1905 ) ;
#2302 = CIRCLE ( 'NONE', #907, 0.3999999999999997400 ) ;
#2303 = EDGE_LOOP ( 'NONE', ( #1791, #2381, #2244, #1012 ) ) ;
#2304 = CARTESIAN_POINT ( 'NONE',  ( 4.825000000000000200, -2.260000000000002500, -2.615000000000011800 ) ) ;
#2305 = VERTEX_POINT ( 'NONE', #399 ) ;
#2306 = DIRECTION ( 'NONE',  ( 0.0000000000000000000, 1.000000000000000000, 0.0000000000000000000 ) ) ;
#2307 = CARTESIAN_POINT ( 'NONE',  ( 6.875000000000000000, 9.195206533133820600E-015, -2.415000000000000500 ) ) ;
#2308 = ORIENTED_EDGE ( 'NONE', *, *, #743, .F. ) ;
#2309 = EDGE_CURVE ( 'NONE', #1593, #103, #863, .T. ) ;
#2310 = ORIENTED_EDGE ( 'NONE', *, *, #1719, .F. ) ;
#2311 = VERTEX_POINT ( 'NONE', #432 ) ;
#2312 = DIRECTION ( 'NONE',  ( 0.0000000000000000000, 1.000000000000000000, 0.0000000000000000000 ) ) ;
#2313 = AXIS2_PLACEMENT_3D ( 'NONE', #7, #2320, #2243 ) ;
#2314 = EDGE_LOOP ( 'NONE', ( #1348, #1496, #1664, #2049 ) ) ;
#2315 = EDGE_CURVE ( 'NONE', #2039, #987, #1416, .T. ) ;
#2316 = CARTESIAN_POINT ( 'NONE',  ( 6.875000000000000900, -1.084202172485504400E-015, 2.614999999999998900 ) ) ;
#2317 = DIRECTION ( 'NONE',  ( 0.0000000000000000000, -0.0000000000000000000, 1.000000000000000000 ) ) ;
#2318 = UNCERTAINTY_MEASURE_WITH_UNIT (LENGTH_MEASURE( 1.000000000000000100E-005 ), #1623, 'distance_accuracy_value', 'NONE');
#2319 = VECTOR ( 'NONE', #648, 1000.000000000000000 ) ;
#2320 = DIRECTION ( 'NONE',  ( 8.260587980841668800E-017, 0.0000000000000000000, 1.000000000000000000 ) ) ;
#2321 = VECTOR ( 'NONE', #630, 1000.000000000000000 ) ;
#2322 = CYLINDRICAL_SURFACE ( 'NONE', #1831, 0.1999999999999992300 ) ;
#2323 = DIRECTION ( 'NONE',  ( -0.0000000000000000000, 6.858209091071094100E-015, -1.000000000000000000 ) ) ;
#2324 = ORIENTED_EDGE ( 'NONE', *, *, #1816, .T. ) ;
#2325 = EDGE_CURVE ( 'NONE', #334, #2374, #2445, .T. ) ;
#2326 = FACE_OUTER_BOUND ( 'NONE', #1930, .T. ) ;
#2327 = DIRECTION ( 'NONE',  ( 0.0000000000000000000, -1.000000000000000000, -0.0000000000000000000 ) ) ;
#2328 = CARTESIAN_POINT ( 'NONE',  ( 6.875000000000000900, -2.168404344971008900E-016, 2.214999999999999900 ) ) ;
#2329 = FACE_OUTER_BOUND ( 'NONE', #1434, .T. ) ;
#2330 = AXIS2_PLACEMENT_3D ( 'NONE', #2583, #1386, #136 ) ;
#2331 = EDGE_CURVE ( 'NONE', #2311, #2107, #1356, .T. ) ;
#2332 = FILL_AREA_STYLE ('',( #2301 ) ) ;
#2333 = DIRECTION ( 'NONE',  ( 1.734723475976779700E-016, 0.0000000000000000000, 1.000000000000000000 ) ) ;
#2334 = EDGE_LOOP ( 'NONE', ( #538, #1632, #1210, #1826 ) ) ;
#2335 = ORIENTED_EDGE ( 'NONE', *, *, #1166, .F. ) ;
#2336 = VERTEX_POINT ( 'NONE', #541 ) ;
#2337 = CARTESIAN_POINT ( 'NONE',  ( 3.824999999999998400, -3.530000000000002900, -2.615000000000011800 ) ) ;
#2338 = ORIENTED_EDGE ( 'NONE', *, *, #1921, .T. ) ;
#2339 = ORIENTED_EDGE ( 'NONE', *, *, #2179, .T. ) ;
#2340 = CYLINDRICAL_SURFACE ( 'NONE', #1514, 0.2000000000000000900 ) ;
#2341 = ORIENTED_EDGE ( 'NONE', *, *, #2448, .F. ) ;
#2342 = SURFACE_SIDE_STYLE ('',( #1836 ) ) ;
#2343 = EDGE_LOOP ( 'NONE', ( #1863, #371, #908, #1933, #2402, #809 ) ) ;
#2344 = DIRECTION ( 'NONE',  ( 0.0000000000000000000, 0.0000000000000000000, 1.000000000000000000 ) ) ;
#2345 = PLANE ( 'NONE',  #379 ) ;
#2346 = ORIENTED_EDGE ( 'NONE', *, *, #1178, .T. ) ;
#2347 = CARTESIAN_POINT ( 'NONE',  ( -3.046805232351991900E-016, -3.130000000000000800, -2.415000000000010200 ) ) ;
#2348 = ORIENTED_EDGE ( 'NONE', *, *, #2416, .T. ) ;
#2349 = AXIS2_PLACEMENT_3D ( 'NONE', #402, #1819, #372 ) ;
#2350 = SURFACE_STYLE_USAGE ( .BOTH. , #2342 ) ;
#2351 = EDGE_CURVE ( 'NONE', #918, #1508, #807, .T. ) ;
#2352 = CARTESIAN_POINT ( 'NONE',  ( -4.875000000000001800, -2.060000000000016900, -2.615000000000011300 ) ) ;
#2353 = DIRECTION ( 'NONE',  ( 1.000000000000000000, 4.436263692538165700E-031, -1.261617073437678000E-016 ) ) ;
#2354 = CARTESIAN_POINT ( 'NONE',  ( 6.675000000000001600, -2.260000000000002500, -2.415000000000008500 ) ) ;
#2355 = DIRECTION ( 'NONE',  ( -1.000000000000000000, 0.0000000000000000000, 0.0000000000000000000 ) ) ;
#2356 = VECTOR ( 'NONE', #1411, 1000.000000000000000 ) ;
#2357 = LINE ( 'NONE', #1545, #1255 ) ;
#2358 = VECTOR ( 'NONE', #1669, 1000.000000000000000 ) ;
#2359 = FACE_OUTER_BOUND ( 'NONE', #454, .T. ) ;
#2360 = LINE ( 'NONE', #831, #1265 ) ;
#2361 = EDGE_CURVE ( 'NONE', #98, #2617, #2387, .T. ) ;
#2362 = DIRECTION ( 'NONE',  ( 0.0000000000000000000, 1.000000000000000000, 0.0000000000000000000 ) ) ;
#2363 = CIRCLE ( 'NONE', #2415, 0.2000000000000000900 ) ;
#2364 = ORIENTED_EDGE ( 'NONE', *, *, #1763, .T. ) ;
#2365 = AXIS2_PLACEMENT_3D ( 'NONE', #2572, #2134, #2520 ) ;
#2366 = CARTESIAN_POINT ( 'NONE',  ( 3.624999999999998700, -2.460000000000002600, -2.615000000000011800 ) ) ;
#2367 = EDGE_CURVE ( 'NONE', #890, #2478, #1002, .T. ) ;
#2368 = DIRECTION ( 'NONE',  ( -8.260587980841668800E-017, -0.0000000000000000000, -1.000000000000000000 ) ) ;
#2369 = ORIENTED_EDGE ( 'NONE', *, *, #1713, .T. ) ;
#2370 = ORIENTED_EDGE ( 'NONE', *, *, #499, .T. ) ;
#2371 = VECTOR ( 'NONE', #2166, 1000.000000000000000 ) ;
#2372 = VERTEX_POINT ( 'NONE', #683 ) ;
#2373 = CARTESIAN_POINT ( 'NONE',  ( -5.174999999999999800, -0.2000000000000000100, 1.375000000000000200 ) ) ;
#2374 = VERTEX_POINT ( 'NONE', #667 ) ;
#2375 = ORIENTED_EDGE ( 'NONE', *, *, #123, .T. ) ;
#2376 = DIRECTION ( 'NONE',  ( 0.0000000000000000000, 1.000000000000000000, -3.516331370223257300E-015 ) ) ;
#2377 = CARTESIAN_POINT ( 'NONE',  ( 2.057528615015411300E-030, -3.530000000000017100, 2.490777435924970000E-014 ) ) ;
#2378 = ORIENTED_EDGE ( 'NONE', *, *, #1394, .F. ) ;
#2379 = CARTESIAN_POINT ( 'NONE',  ( 3.824999999999998400, -3.530000000000007800, -2.615000000000011800 ) ) ;
#2380 = EDGE_CURVE ( 'NONE', #847, #1897, #182, .T. ) ;
#2381 = ORIENTED_EDGE ( 'NONE', *, *, #1571, .T. ) ;
#2382 = DIRECTION ( 'NONE',  ( 0.0000000000000000000, -0.0000000000000000000, 1.000000000000000000 ) ) ;
#2383 = AXIS2_PLACEMENT_3D ( 'NONE', #1503, #267, #1720 ) ;
#2384 = DIRECTION ( 'NONE',  ( -1.000000000000000000, -0.0000000000000000000, -0.0000000000000000000 ) ) ;
#2385 = CIRCLE ( 'NONE', #1591, 0.1999999999999996500 ) ;
#2386 = CARTESIAN_POINT ( 'NONE',  ( 3.824999999999998400, -3.530000000000002900, -1.340000000000011600 ) ) ;
#2387 = LINE ( 'NONE', #605, #740 ) ;
#2388 = VECTOR ( 'NONE', #1875, 1000.000000000000000 ) ;
#2389 = CARTESIAN_POINT ( 'NONE',  ( 1.625000000000000900, -0.3999999999999989700, 2.615000000000000200 ) ) ;
#2390 = DIRECTION ( 'NONE',  ( -0.0000000000000000000, -0.0000000000000000000, -1.000000000000000000 ) ) ;
#2391 = ORIENTED_EDGE ( 'NONE', *, *, #2240, .T. ) ;
#2392 = LINE ( 'NONE', #2148, #1844 ) ;
#2393 = VECTOR ( 'NONE', #2008, 1000.000000000000000 ) ;
#2394 = DIRECTION ( 'NONE',  ( 1.000000000000000000, 0.0000000000000000000, 0.0000000000000000000 ) ) ;
#2395 = AXIS2_PLACEMENT_3D ( 'NONE', #752, #2187, #1772 ) ;
#2396 = DIRECTION ( 'NONE',  ( 0.0000000000000000000, -6.858209091071094100E-015, 1.000000000000000000 ) ) ;
#2397 = VERTEX_POINT ( 'NONE', #720 ) ;
#2398 =( GEOMETRIC_REPRESENTATION_CONTEXT ( 3 ) GLOBAL_UNCERTAINTY_ASSIGNED_CONTEXT ( ( #437 ) ) GLOBAL_UNIT_ASSIGNED_CONTEXT ( ( #2628, #365, #2022 ) ) REPRESENTATION_CONTEXT ( 'NONE', 'WORKASPACE' ) );
#2399 = VERTEX_POINT ( 'NONE', #714 ) ;
#2400 = VERTEX_POINT ( 'NONE', #725 ) ;
#2401 = EDGE_CURVE ( 'NONE', #1651, #2311, #1717, .T. ) ;
#2402 = ORIENTED_EDGE ( 'NONE', *, *, #1807, .T. ) ;
#2403 = CIRCLE ( 'NONE', #1667, 0.1999999999999996500 ) ;
#2404 = DIRECTION ( 'NONE',  ( 0.0000000000000000000, 0.0000000000000000000, 1.000000000000000000 ) ) ;
#2405 = DIRECTION ( 'NONE',  ( 1.000000000000000000, 2.168404344971007700E-015, 0.0000000000000000000 ) ) ;
#2406 = ORIENTED_EDGE ( 'NONE', *, *, #284, .T. ) ;
#2407 = DIRECTION ( 'NONE',  ( 8.260587980841668800E-017, 0.0000000000000000000, 1.000000000000000000 ) ) ;
#2408 = DIRECTION ( 'NONE',  ( 0.0000000000000000000, 0.0000000000000000000, 1.000000000000000000 ) ) ;
#2409 = ORIENTED_EDGE ( 'NONE', *, *, #806, .T. ) ;
#2410 = EDGE_LOOP ( 'NONE', ( #620, #1327, #1961, #1011 ) ) ;
#2411 = ORIENTED_EDGE ( 'NONE', *, *, #1621, .T. ) ;
#2412 = EDGE_CURVE ( 'NONE', #2399, #962, #112, .T. ) ;
#2413 = STYLED_ITEM ( 'NONE', ( #633 ), #2592 ) ;
#2414 = CARTESIAN_POINT ( 'NONE',  ( -5.174999999999999800, -0.2000000000000000100, -1.544999999999999900 ) ) ;
#2415 = AXIS2_PLACEMENT_3D ( 'NONE', #883, #894, #902 ) ;
#2416 = EDGE_CURVE ( 'NONE', #1306, #913, #2258, .T. ) ;
#2417 = VECTOR ( 'NONE', #1371, 1000.000000000000000 ) ;
#2418 = FACE_OUTER_BOUND ( 'NONE', #884, .T. ) ;
#2419 = ORIENTED_EDGE ( 'NONE', *, *, #2123, .T. ) ;
#2420 = CIRCLE ( 'NONE', #1988, 0.1999999999999998700 ) ;
#2421 = CARTESIAN_POINT ( 'NONE',  ( 0.4250000000000003800, -1.160000000000001700, 2.415000000000003600 ) ) ;
#2422 = CARTESIAN_POINT ( 'NONE',  ( 6.875000000000000900, -2.060000000000002300, 2.415000000000005800 ) ) ;
#2423 = FACE_OUTER_BOUND ( 'NONE', #2065, .T. ) ;
#2424 = CARTESIAN_POINT ( 'NONE',  ( -6.875000000000001800, -3.130000000000001700, -2.215000000000011800 ) ) ;
#2425 = AXIS2_PLACEMENT_3D ( 'NONE', #771, #976, #2001 ) ;
#2426 = PLANE ( 'NONE',  #644 ) ;
#2427 = ADVANCED_FACE ( 'NONE', ( #607 ), #758, .T. ) ;
#2428 = ORIENTED_EDGE ( 'NONE', *, *, #374, .T. ) ;
#2429 = CYLINDRICAL_SURFACE ( 'NONE', #628, 0.1999999999999992300 ) ;
#2430 = ADVANCED_FACE ( 'NONE', ( #1779 ), #903, .T. ) ;
#2431 = ORIENTED_EDGE ( 'NONE', *, *, #2278, .F. ) ;
#2432 = CARTESIAN_POINT ( 'NONE',  ( 3.824999999999998400, -3.330000000000016900, 2.353225871647511300E-014 ) ) ;
#2433 = ORIENTED_EDGE ( 'NONE', *, *, #2491, .F. ) ;
#2434 = DIRECTION ( 'NONE',  ( 1.000000000000000000, 0.0000000000000000000, 0.0000000000000000000 ) ) ;
#2435 = ORIENTED_EDGE ( 'NONE', *, *, #430, .T. ) ;
#2436 = ORIENTED_EDGE ( 'NONE', *, *, #2519, .F. ) ;
#2437 = CARTESIAN_POINT ( 'NONE',  ( -3.299128647039528300E-016, 9.893502800902440900E-015, -2.614999999999999800 ) ) ;
#2438 = ORIENTED_EDGE ( 'NONE', *, *, #1749, .T. ) ;
#2439 = EDGE_CURVE ( 'NONE', #1538, #200, #44, .T. ) ;
#2440 = ADVANCED_FACE ( 'NONE', ( #549 ), #909, .T. ) ;
#2441 = VECTOR ( 'NONE', #2130, 1000.000000000000000 ) ;
#2442 = CIRCLE ( 'NONE', #889, 0.3999999999999997400 ) ;
#2443 = CARTESIAN_POINT ( 'NONE',  ( 4.624999999999999100, -3.330000000000001800, 2.215000000000010500 ) ) ;
#2444 = AXIS2_PLACEMENT_3D ( 'NONE', #93, #48, #82 ) ;
#2445 = LINE ( 'NONE', #508, #452 ) ;
#2446 = VERTEX_POINT ( 'NONE', #920 ) ;
#2447 = VECTOR ( 'NONE', #615, 1000.000000000000000 ) ;
#2448 = EDGE_CURVE ( 'NONE', #1366, #1114, #1656, .T. ) ;
#2449 = ORIENTED_EDGE ( 'NONE', *, *, #1982, .T. ) ;
#2450 = VECTOR ( 'NONE', #1280, 1000.000000000000000 ) ;
#2451 = APPLICATION_CONTEXT ( 'automotive_design' ) ;
#2452 = VECTOR ( 'NONE', #1833, 1000.000000000000000 ) ;
#2453 = CARTESIAN_POINT ( 'NONE',  ( 2.424999999999998900, -3.130000000000002100, 2.215000000000009200 ) ) ;
#2454 = DIRECTION ( 'NONE',  ( -0.0000000000000000000, -1.000000000000000000, -0.0000000000000000000 ) ) ;
#2455 = ADVANCED_FACE ( 'NONE', ( #673 ), #481, .F. ) ;
#2456 = EDGE_CURVE ( 'NONE', #1710, #1042, #1583, .T. ) ;
#2457 = EDGE_LOOP ( 'NONE', ( #1341, #1550, #1020, #1220 ) ) ;
#2458 = ORIENTED_EDGE ( 'NONE', *, *, #1014, .T. ) ;
#2459 = AXIS2_PLACEMENT_3D ( 'NONE', #69, #196, #94 ) ;
#2460 = ORIENTED_EDGE ( 'NONE', *, *, #1214, .T. ) ;
#2461 = DIRECTION ( 'NONE',  ( 0.0000000000000000000, 0.0000000000000000000, 1.000000000000000000 ) ) ;
#2462 = ORIENTED_EDGE ( 'NONE', *, *, #1120, .F. ) ;
#2463 = AXIS2_PLACEMENT_3D ( 'NONE', #767, #2205, #969 ) ;
#2464 = FACE_OUTER_BOUND ( 'NONE', #2410, .T. ) ;
#2465 = EDGE_CURVE ( 'NONE', #1893, #1641, #2632, .T. ) ;
#2466 = CARTESIAN_POINT ( 'NONE',  ( -6.075000000000001100, -3.130000000000001700, -2.215000000000011800 ) ) ;
#2467 = ORIENTED_EDGE ( 'NONE', *, *, #1446, .T. ) ;
#2468 = ORIENTED_EDGE ( 'NONE', *, *, #1163, .T. ) ;
#2469 = ORIENTED_EDGE ( 'NONE', *, *, #1394, .T. ) ;
#2470 = ADVANCED_FACE ( 'NONE', ( #1513 ), #1126, .F. ) ;
#2471 = ORIENTED_EDGE ( 'NONE', *, *, #1578, .F. ) ;
#2472 = PLANE ( 'NONE',  #1551 ) ;
#2473 = CARTESIAN_POINT ( 'NONE',  ( -4.174999999999999800, -0.2000000000000000100, -0.5449999999999996000 ) ) ;
#2474 = VECTOR ( 'NONE', #1329, 1000.000000000000000 ) ;
#2475 = VECTOR ( 'NONE', #2333, 1000.000000000000000 ) ;
#2476 = DIRECTION ( 'NONE',  ( -0.0000000000000000000, 1.000000000000000000, 3.516331370223257300E-015 ) ) ;
#2477 = LINE ( 'NONE', #1764, #1940 ) ;
#2478 = VERTEX_POINT ( 'NONE', #1144 ) ;
#2479 = EDGE_CURVE ( 'NONE', #2492, #26, #1029, .T. ) ;
#2480 = VECTOR ( 'NONE', #357, 1000.000000000000000 ) ;
#2481 = ORIENTED_EDGE ( 'NONE', *, *, #172, .F. ) ;
#2482 = CARTESIAN_POINT ( 'NONE',  ( -6.075000000000001100, -2.460000000000017700, -2.615000000000011300 ) ) ;
#2483 = EDGE_LOOP ( 'NONE', ( #1405, #906, #1509, #760 ) ) ;
#2484 = ORIENTED_EDGE ( 'NONE', *, *, #568, .F. ) ;
#2485 = EDGE_LOOP ( 'NONE', ( #1436, #2071, #1010, #135 ) ) ;
#2486 = CIRCLE ( 'NONE', #2349, 0.1999999999999996500 ) ;
#2487 = EDGE_CURVE ( 'NONE', #1643, #2336, #965, .T. ) ;
#2488 = ORIENTED_EDGE ( 'NONE', *, *, #480, .F. ) ;
#2489 = VERTEX_POINT ( 'NONE', #1259 ) ;
#2490 = AXIS2_PLACEMENT_3D ( 'NONE', #2125, #2165, #2184 ) ;
#2491 = EDGE_CURVE ( 'NONE', #684, #2174, #1448, .T. ) ;
#2492 = VERTEX_POINT ( 'NONE', #1274 ) ;
#2493 = EDGE_LOOP ( 'NONE', ( #2338, #413, #1339, #158 ) ) ;
#2494 = CARTESIAN_POINT ( 'NONE',  ( 0.4250000000000006600, -0.2000000000000000100, 2.215000000000000300 ) ) ;
#2495 = DIRECTION ( 'NONE',  ( 0.0000000000000000000, 0.0000000000000000000, -1.000000000000000000 ) ) ;
#2496 = DIRECTION ( 'NONE',  ( 0.0000000000000000000, 0.0000000000000000000, -1.000000000000000000 ) ) ;
#2497 = CIRCLE ( 'NONE', #982, 0.1999999999999996500 ) ;
#2498 = LINE ( 'NONE', #1080, #1970 ) ;
#2499 = EDGE_CURVE ( 'NONE', #659, #2138, #421, .T. ) ;
#2500 = LINE ( 'NONE', #314, #1971 ) ;
#2501 = FACE_OUTER_BOUND ( 'NONE', #2282, .T. ) ;
#2502 = ORIENTED_EDGE ( 'NONE', *, *, #2003, .T. ) ;
#2503 = AXIS2_PLACEMENT_3D ( 'NONE', #677, #2124, #882 ) ;
#2504 = LINE ( 'NONE', #2120, #865 ) ;
#2505 = CARTESIAN_POINT ( 'NONE',  ( 1.625000000000000900, 2.710505431213761100E-016, 2.215000000000000300 ) ) ;
#2506 = LINE ( 'NONE', #1742, #2452 ) ;
#2507 = ORIENTED_EDGE ( 'NONE', *, *, #1683, .T. ) ;
#2508 = DIRECTION ( 'NONE',  ( -1.000000000000000000, 0.0000000000000000000, -0.0000000000000000000 ) ) ;
#2509 = VERTEX_POINT ( 'NONE', #1342 ) ;
#2510 = ORIENTED_EDGE ( 'NONE', *, *, #1384, .T. ) ;
#2511 = DIRECTION ( 'NONE',  ( 1.261617073437678000E-016, -3.516331370223257300E-015, 1.000000000000000000 ) ) ;
#2512 = VERTEX_POINT ( 'NONE', #1338 ) ;
#2513 = LINE ( 'NONE', #438, #337 ) ;
#2514 = DIRECTION ( 'NONE',  ( 0.0000000000000000000, -1.000000000000000000, -3.516331370223257300E-015 ) ) ;
#2515 = ORIENTED_EDGE ( 'NONE', *, *, #1247, .F. ) ;
#2516 = AXIS2_PLACEMENT_3D ( 'NONE', #939, #2178, #731 ) ;
#2517 = ORIENTED_EDGE ( 'NONE', *, *, #2412, .T. ) ;
#2518 = ORIENTED_EDGE ( 'NONE', *, *, #326, .F. ) ;
#2519 = EDGE_CURVE ( 'NONE', #1890, #1370, #1998, .T. ) ;
#2520 = DIRECTION ( 'NONE',  ( 1.000000000000000000, 0.0000000000000000000, 0.0000000000000000000 ) ) ;
#2521 = ORIENTED_EDGE ( 'NONE', *, *, #1777, .F. ) ;
#2522 = DIRECTION ( 'NONE',  ( 0.0000000000000000000, 0.0000000000000000000, -1.000000000000000000 ) ) ;
#2523 = VECTOR ( 'NONE', #1207, 1000.000000000000000 ) ;
#2524 = CIRCLE ( 'NONE', #2503, 0.2000000000000000900 ) ;
#2525 = PLANE ( 'NONE',  #400 ) ;
#2526 = DIRECTION ( 'NONE',  ( -1.000000000000000000, 0.0000000000000000000, 0.0000000000000000000 ) ) ;
#2527 = ORIENTED_EDGE ( 'NONE', *, *, #1028, .T. ) ;
#2528 = EDGE_CURVE ( 'NONE', #1025, #1119, #355, .T. ) ;
#2529 = ORIENTED_EDGE ( 'NONE', *, *, #1530, .T. ) ;
#2530 = ORIENTED_EDGE ( 'NONE', *, *, #891, .T. ) ;
#2531 = PRESENTATION_LAYER_ASSIGNMENT (  '', '', ( #2413 ) ) ;
#2532 = LINE ( 'NONE', #588, #361 ) ;
#2533 = AXIS2_PLACEMENT_3D ( 'NONE', #639, #679, #589 ) ;
#2534 = EDGE_CURVE ( 'NONE', #160, #487, #1388, .T. ) ;
#2535 = PLANE ( 'NONE',  #1919 ) ;
#2536 = DIRECTION ( 'NONE',  ( 1.000000000000000000, 0.0000000000000000000, -0.0000000000000000000 ) ) ;
#2537 = PLANE ( 'NONE',  #360 ) ;
#2538 = EDGE_LOOP ( 'NONE', ( #1161, #1272, #1663, #1190 ) ) ;
#2539 = FACE_OUTER_BOUND ( 'NONE', #2493, .T. ) ;
#2540 = ORIENTED_EDGE ( 'NONE', *, *, #2051, .T. ) ;
#2541 = PLANE ( 'NONE',  #1650 ) ;
#2542 = ORIENTED_EDGE ( 'NONE', *, *, #198, .T. ) ;
#2543 = CARTESIAN_POINT ( 'NONE',  ( -5.875000000000001800, -2.460000000000017700, -2.615000000000011300 ) ) ;
#2544 = DIRECTION ( 'NONE',  ( 1.000000000000000000, 4.436263692538165700E-031, -1.261617073437678000E-016 ) ) ;
#2545 = ORIENTED_EDGE ( 'NONE', *, *, #2228, .F. ) ;
#2546 = DIRECTION ( 'NONE',  ( -0.0000000000000000000, 0.0000000000000000000, -1.000000000000000000 ) ) ;
#2547 = DIRECTION ( 'NONE',  ( 1.000000000000000000, 0.0000000000000000000, -0.0000000000000000000 ) ) ;
#2548 = CIRCLE ( 'NONE', #697, 0.2000000000000000900 ) ;
#2549 = CIRCLE ( 'NONE', #2463, 0.2000000000000000900 ) ;
#2550 = FACE_OUTER_BOUND ( 'NONE', #46, .T. ) ;
#2551 = LINE ( 'NONE', #2615, #2031 ) ;
#2552 = ADVANCED_FACE ( 'NONE', ( #1871 ), #1396, .F. ) ;
#2553 = DIRECTION ( 'NONE',  ( -0.0000000000000000000, -0.0000000000000000000, -1.000000000000000000 ) ) ;
#2554 = LINE ( 'NONE', #1007, #1552 ) ;
#2555 = EDGE_CURVE ( 'NONE', #441, #1893, #773, .T. ) ;
#2556 = VECTOR ( 'NONE', #1949, 1000.000000000000000 ) ;
#2557 = AXIS2_PLACEMENT_3D ( 'NONE', #107, #55, #127 ) ;
#2558 = EDGE_CURVE ( 'NONE', #403, #96, #1936, .T. ) ;
#2559 = DIRECTION ( 'NONE',  ( -0.0000000000000000000, -1.000000000000000000, -0.0000000000000000000 ) ) ;
#2560 = VERTEX_POINT ( 'NONE', #1501 ) ;
#2561 = ORIENTED_EDGE ( 'NONE', *, *, #666, .F. ) ;
#2562 = VERTEX_POINT ( 'NONE', #328 ) ;
#2563 = ORIENTED_EDGE ( 'NONE', *, *, #97, .T. ) ;
#2564 = EDGE_LOOP ( 'NONE', ( #956, #1159, #887, #304 ) ) ;
#2565 = LINE ( 'NONE', #1927, #2045 ) ;
#2566 = ORIENTED_EDGE ( 'NONE', *, *, #781, .T. ) ;
#2567 = DIRECTION ( 'NONE',  ( 0.0000000000000000000, -1.000000000000000000, -7.007812709066389500E-015 ) ) ;
#2568 = ORIENTED_EDGE ( 'NONE', *, *, #1482, .T. ) ;
#2569 = EDGE_CURVE ( 'NONE', #1089, #684, #1803, .T. ) ;
#2570 = ORIENTED_EDGE ( 'NONE', *, *, #1629, .F. ) ;
#2571 = AXIS2_PLACEMENT_3D ( 'NONE', #8, #208, #213 ) ;
#2572 = CARTESIAN_POINT ( 'NONE',  ( 6.675000000000001600, -2.060000000000002300, -2.615000000000012200 ) ) ;
#2573 = AXIS2_PLACEMENT_3D ( 'NONE', #754, #1177, #2576 ) ;
#2574 = ORIENTED_EDGE ( 'NONE', *, *, #2351, .T. ) ;
#2575 = EDGE_CURVE ( 'NONE', #573, #2138, #1254, .T. ) ;
#2576 = DIRECTION ( 'NONE',  ( 1.000000000000000000, 0.0000000000000000000, 0.0000000000000000000 ) ) ;
#2577 = VECTOR ( 'NONE', #1315, 1000.000000000000000 ) ;
#2578 = CIRCLE ( 'NONE', #2383, 0.2000000000000000900 ) ;
#2579 = DIRECTION ( 'NONE',  ( -1.734723475976779700E-016, -0.0000000000000000000, -1.000000000000000000 ) ) ;
#2580 = ORIENTED_EDGE ( 'NONE', *, *, #2240, .F. ) ;
#2581 = ORIENTED_EDGE ( 'NONE', *, *, #2575, .T. ) ;
#2582 = VECTOR ( 'NONE', #291, 1000.000000000000000 ) ;
#2583 = CARTESIAN_POINT ( 'NONE',  ( 4.624999999999999100, -3.130000000000001700, -2.215000000000011800 ) ) ;
#2584 = AXIS2_PLACEMENT_3D ( 'NONE', #2600, #383, #495 ) ;
#2585 = EDGE_LOOP ( 'NONE', ( #978, #656, #1174, #339 ) ) ;
#2586 = EDGE_CURVE ( 'NONE', #2225, #1528, #214, .T. ) ;
#2587 = EDGE_LOOP ( 'NONE', ( #783, #1829, #2103, #1070 ) ) ;
#2588 = VECTOR ( 'NONE', #2154, 1000.000000000000000 ) ;
#2589 = ORIENTED_EDGE ( 'NONE', *, *, #43, .F. ) ;
#2590 = DIRECTION ( 'NONE',  ( 1.000000000000000000, 0.0000000000000000000, 0.0000000000000000000 ) ) ;
#2591 = DIRECTION ( 'NONE',  ( 0.0000000000000000000, 0.0000000000000000000, -1.000000000000000000 ) ) ;
#2592 = MANIFOLD_SOLID_BREP ( 'Fillet3', #485 ) ;
#2593 = EDGE_LOOP ( 'NONE', ( #1979, #1150, #2183, #2161 ) ) ;
#2594 = EDGE_LOOP ( 'NONE', ( #1250, #1427, #2619, #1085, #778, #1309, #1302, #1221 ) ) ;
#2595 = ADVANCED_FACE ( 'NONE', ( #1743 ), #448, .T. ) ;
#2596 = EDGE_CURVE ( 'NONE', #1894, #487, #994, .T. ) ;
#2597 = ADVANCED_FACE ( 'NONE', ( #2086 ), #1788, .T. ) ;
#2598 = CARTESIAN_POINT ( 'NONE',  ( 3.824999999999998400, -3.530000000000002900, -2.615000000000011800 ) ) ;
#2599 = EDGE_CURVE ( 'NONE', #2620, #757, #2548, .T. ) ;
#2600 = CARTESIAN_POINT ( 'NONE',  ( -5.174999999999999800, -0.2000000000000000100, 1.175000000000000300 ) ) ;
#2601 = LINE ( 'NONE', #547, #1544 ) ;
#2602 = CYLINDRICAL_SURFACE ( 'NONE', #2459, 0.1999999999999998700 ) ;
#2603 = LINE ( 'NONE', #1000, #2091 ) ;
#2604 = CARTESIAN_POINT ( 'NONE',  ( 2.624999999999999600, -2.260000000000002500, 2.415000000000006300 ) ) ;
#2605 = ADVANCED_FACE ( 'NONE', ( #1543 ), #385, .T. ) ;
#2606 = LINE ( 'NONE', #970, #2034 ) ;
#2607 = CARTESIAN_POINT ( 'NONE',  ( 6.875000000000000000, -2.060000000000002300, -2.415000000000008500 ) ) ;
#2608 = LINE ( 'NONE', #1914, #458 ) ;
#2609 = ADVANCED_FACE ( 'NONE', ( #2027 ), #1968, .F. ) ;
#2610 = EDGE_CURVE ( 'NONE', #2509, #1456, #2497, .T. ) ;
#2611 = VERTEX_POINT ( 'NONE', #1999 ) ;
#2612 = ORIENTED_EDGE ( 'NONE', *, *, #1228, .T. ) ;
#2613 = DIRECTION ( 'NONE',  ( -0.0000000000000000000, -1.000000000000000000, -0.0000000000000000000 ) ) ;
#2614 = AXIS2_PLACEMENT_3D ( 'NONE', #1931, #686, #2132 ) ;
#2615 = CARTESIAN_POINT ( 'NONE',  ( -6.075000000000001100, -3.530000000000017100, -2.615000000000011300 ) ) ;
#2616 = ORIENTED_EDGE ( 'NONE', *, *, #2499, .F. ) ;
#2617 = VERTEX_POINT ( 'NONE', #1976 ) ;
#2618 = VERTEX_POINT ( 'NONE', #1966 ) ;
#2619 = ORIENTED_EDGE ( 'NONE', *, *, #1088, .F. ) ;
#2620 = VERTEX_POINT ( 'NONE', #2007 ) ;
#2621 = VECTOR ( 'NONE', #1347, 1000.000000000000000 ) ;
#2622 = EDGE_LOOP ( 'NONE', ( #373, #1258, #461, #2378, #766, #2073, #298, #544, #1432, #263, #1219, #1270, #2239, #2018, #2246, #105, #2436, #138 ) ) ;
#2623 = ADVANCED_FACE ( 'NONE', ( #931 ), #315, .F. ) ;
#2624 = ORIENTED_EDGE ( 'NONE', *, *, #1902, .F. ) ;
#2625 = VERTEX_POINT ( 'NONE', #2089 ) ;
#2626 = ORIENTED_EDGE ( 'NONE', *, *, #2278, .T. ) ;
#2627 = AXIS2_PLACEMENT_3D ( 'NONE', #1762, #312, #1553 ) ;
#2628 =( LENGTH_UNIT ( ) NAMED_UNIT ( * ) SI_UNIT ( .MILLI., .METRE. ) );
#2629 = CARTESIAN_POINT ( 'NONE',  ( -6.875000000000000000, -0.3999999999999995200, 2.415000000000000000 ) ) ;
#2630 = CYLINDRICAL_SURFACE ( 'NONE', #2533, 0.1999999999999996500 ) ;
#2631 = DIRECTION ( 'NONE',  ( 0.0000000000000000000, 0.0000000000000000000, -1.000000000000000000 ) ) ;
#2632 = LINE ( 'NONE', #1097, #2059 ) ;
#2633 = LINE ( 'NONE', #668, #1099 ) ;
#2634 = EDGE_CURVE ( 'NONE', #1345, #278, #1476, .T. ) ;
#2635 = ADVANCED_FACE ( 'NONE', ( #1319 ), #804, .T. ) ;
#2636 = VERTEX_POINT ( 'NONE', #2157 ) ;
#2637 = CARTESIAN_POINT ( 'NONE',  ( 0.6250000000000006700, -0.2000000000000000100, -0.3449999999999999200 ) ) ;
#2638 = LINE ( 'NONE', #164, #2582 ) ;
#2639 = DIRECTION ( 'NONE',  ( 0.0000000000000000000, 6.858209091071092500E-015, 1.000000000000000000 ) ) ;
#2640 = ORIENTED_EDGE ( 'NONE', *, *, #1054, .F. ) ;
#2641 = EDGE_CURVE ( 'NONE', #2625, #899, #1413, .T. ) ;
#2642 = MECHANICAL_DESIGN_GEOMETRIC_PRESENTATION_REPRESENTATION (  '', ( #2413 ), #139 ) ;
#2643 = ORIENTED_EDGE ( 'NONE', *, *, #430, .F. ) ;
#2644 = LINE ( 'NONE', #1886, #1046 ) ;
#2645 = EDGE_CURVE ( 'NONE', #962, #2107, #1354, .T. ) ;
#2646 = DIRECTION ( 'NONE',  ( -1.261617073437696200E-016, -0.0000000000000000000, -1.000000000000000000 ) ) ;
ENDSEC;
END-ISO-10303-21;
