ISO-10303-21;
HEADER;
FILE_DESCRIPTION (( 'STEP AP214' ),
    '1' );
FILE_NAME ('DFN4D.STEP',
    '2023-01-11T00:53:42',
    ( '' ),
    ( '' ),
    'SwSTEP 2.0',
    'SolidWorks 2015',
    '' );
FILE_SCHEMA (( 'AUTOMOTIVE_DESIGN' ));
ENDSEC;

DATA;
#1 = PLANE ( 'NONE',  #3447 ) ;
#2 = FACE_OUTER_BOUND ( 'NONE', #2751, .T. ) ;
#3 = CARTESIAN_POINT ( 'NONE',  ( -0.4000000000000000200, -0.2000000000000000700, 0.1000000000000000500 ) ) ;
#4 = ADVANCED_FACE ( 'NONE', ( #2658 ), #3331, .T. ) ;
#5 = DIRECTION ( 'NONE',  ( 1.000000000000000000, 0.0000000000000000000, 0.0000000000000000000 ) ) ;
#6 = ORIENTED_EDGE ( 'NONE', *, *, #2809, .T. ) ;
#7 = DIRECTION ( 'NONE',  ( -0.0000000000000000000, -0.0000000000000000000, 1.000000000000000000 ) ) ;
#8 = DIRECTION ( 'NONE',  ( 1.355252715606880300E-016, 0.0000000000000000000, 1.000000000000000000 ) ) ;
#9 = PLANE ( 'NONE',  #1177 ) ;
#10 = ORIENTED_EDGE ( 'NONE', *, *, #1775, .F. ) ;
#11 = CARTESIAN_POINT ( 'NONE',  ( 0.2000000000000000900, -0.4299999999999999900, 0.0000000000000000000 ) ) ;
#12 = EDGE_LOOP ( 'NONE', ( #1312, #4408, #3842, #138 ) ) ;
#13 =( NAMED_UNIT ( * ) PLANE_ANGLE_UNIT ( ) SI_UNIT ( $, .RADIAN. ) );
#14 = ORIENTED_EDGE ( 'NONE', *, *, #843, .T. ) ;
#15 = VECTOR ( 'NONE', #237, 1000.000000000000000 ) ;
#16 = FILL_AREA_STYLE_COLOUR ( '', #3305 ) ;
#17 = DIRECTION ( 'NONE',  ( 0.7071067811865580100, 0.7071067811865369100, -0.0000000000000000000 ) ) ;
#18 = ORIENTED_EDGE ( 'NONE', *, *, #2730, .F. ) ;
#19 = FACE_OUTER_BOUND ( 'NONE', #1046, .T. ) ;
#20 = DIRECTION ( 'NONE',  ( 1.000000000000000000, 1.084202172485504700E-016, -0.0000000000000000000 ) ) ;
#21 = CARTESIAN_POINT ( 'NONE',  ( 0.4500000000000001200, 0.3499999999999999200, 0.1000000000000000100 ) ) ;
#22 = DIRECTION ( 'NONE',  ( -2.168404344971009400E-016, 1.000000000000000000, 0.0000000000000000000 ) ) ;
#23 = EDGE_LOOP ( 'NONE', ( #14, #153, #85, #2592 ) ) ;
#24 = EDGE_CURVE ( 'NONE', #432, #360, #3869, .T. ) ;
#25 = CARTESIAN_POINT ( 'NONE',  ( 0.3999999999999999100, -0.07000000000000013200, 0.09999999999999990800 ) ) ;
#26 = ORIENTED_EDGE ( 'NONE', *, *, #421, .T. ) ;
#27 = DIRECTION ( 'NONE',  ( -0.0000000000000000000, -0.0000000000000000000, 1.000000000000000000 ) ) ;
#28 = ADVANCED_FACE ( 'NONE', ( #2815 ), #925, .F. ) ;
#29 = VECTOR ( 'NONE', #1756, 1000.000000000000000 ) ;
#30 = CARTESIAN_POINT ( 'NONE',  ( -0.4000000000000000200, -0.2000000000000000700, 0.05000000000000003700 ) ) ;
#31 = LINE ( 'NONE', #2558, #3998 ) ;
#32 = AXIS2_PLACEMENT_3D ( 'NONE', #2307, #3013, #957 ) ;
#33 = ORIENTED_EDGE ( 'NONE', *, *, #3781, .T. ) ;
#34 = DIRECTION ( 'NONE',  ( 0.0000000000000000000, 0.0000000000000000000, 1.000000000000000000 ) ) ;
#35 = VECTOR ( 'NONE', #2862, 1000.000000000000000 ) ;
#36 = VECTOR ( 'NONE', #3513, 1000.000000000000000 ) ;
#37 = ORIENTED_EDGE ( 'NONE', *, *, #3039, .T. ) ;
#38 = DIRECTION ( 'NONE',  ( -1.000000000000000000, -2.168404344971009400E-016, 0.0000000000000000000 ) ) ;
#39 = CARTESIAN_POINT ( 'NONE',  ( -0.4500000000000001200, 0.3499999999999999200, 0.0000000000000000000 ) ) ;
#40 = AXIS2_PLACEMENT_3D ( 'NONE', #3964, #133, #2553 ) ;
#41 = DIRECTION ( 'NONE',  ( -1.000000000000000000, 0.0000000000000000000, 0.0000000000000000000 ) ) ;
#42 = PRESENTATION_STYLE_ASSIGNMENT (( #4149 ) ) ;
#43 = DIRECTION ( 'NONE',  ( 1.000000000000000000, 0.0000000000000000000, 0.0000000000000000000 ) ) ;
#44 = FILL_AREA_STYLE ('',( #60 ) ) ;
#45 = EDGE_LOOP ( 'NONE', ( #4082, #2708, #1674, #1889 ) ) ;
#46 = AXIS2_PLACEMENT_3D ( 'NONE', #2108, #3471, #1437 ) ;
#47 =( GEOMETRIC_REPRESENTATION_CONTEXT ( 3 ) GLOBAL_UNCERTAINTY_ASSIGNED_CONTEXT ( ( #2490 ) ) GLOBAL_UNIT_ASSIGNED_CONTEXT ( ( #2010, #4406, #630 ) ) REPRESENTATION_CONTEXT ( 'NONE', 'WORKASPACE' ) );
#48 = VECTOR ( 'NONE', #3518, 1000.000000000000000 ) ;
#49 = ORIENTED_EDGE ( 'NONE', *, *, #3256, .T. ) ;
#50 = CARTESIAN_POINT ( 'NONE',  ( -0.5000000000000000000, -0.05000000000000002400, 0.04999999999999996800 ) ) ;
#51 = EDGE_CURVE ( 'NONE', #4368, #565, #4401, .T. ) ;
#52 = CARTESIAN_POINT ( 'NONE',  ( 0.3999999999999999100, -0.3000000000000001600, 0.09999999999999985300 ) ) ;
#53 = AXIS2_PLACEMENT_3D ( 'NONE', #420, #4233, #69 ) ;
#54 = ORIENTED_EDGE ( 'NONE', *, *, #24, .F. ) ;
#55 = SURFACE_STYLE_FILL_AREA ( #2067 ) ;
#56 = CARTESIAN_POINT ( 'NONE',  ( 0.3999999999999999100, 0.3029999999999998800, 0.1000000000000000500 ) ) ;
#57 = DIRECTION ( 'NONE',  ( 0.0000000000000000000, -0.0000000000000000000, 1.000000000000000000 ) ) ;
#58 = EDGE_CURVE ( 'NONE', #4077, #890, #1294, .T. ) ;
#59 = ORIENTED_EDGE ( 'NONE', *, *, #1965, .T. ) ;
#60 = FILL_AREA_STYLE_COLOUR ( '', #3586 ) ;
#61 = VERTEX_POINT ( 'NONE', #4109 ) ;
#62 = DIRECTION ( 'NONE',  ( 0.0000000000000000000, 0.0000000000000000000, 1.000000000000000000 ) ) ;
#63 = VERTEX_POINT ( 'NONE', #332 ) ;
#64 = DIRECTION ( 'NONE',  ( 0.0000000000000000000, 0.0000000000000000000, 1.000000000000000000 ) ) ;
#65 = EDGE_CURVE ( 'NONE', #2287, #4280, #2539, .T. ) ;
#66 = ORIENTED_EDGE ( 'NONE', *, *, #298, .F. ) ;
#67 = ORIENTED_EDGE ( 'NONE', *, *, #4123, .F. ) ;
#68 = FACE_OUTER_BOUND ( 'NONE', #167, .T. ) ;
#69 = DIRECTION ( 'NONE',  ( 0.0000000000000000000, -0.0000000000000000000, 1.000000000000000000 ) ) ;
#70 = CARTESIAN_POINT ( 'NONE',  ( 0.06999999999999576000, 0.4999999999999998900, 0.05000000000000000300 ) ) ;
#71 = ORIENTED_EDGE ( 'NONE', *, *, #3015, .T. ) ;
#72 = ADVANCED_FACE ( 'NONE', ( #822 ), #1706, .F. ) ;
#73 = PRESENTATION_LAYER_ASSIGNMENT (  '', '', ( #468 ) ) ;
#74 = DIRECTION ( 'NONE',  ( 0.0000000000000000000, 0.0000000000000000000, -1.000000000000000000 ) ) ;
#75 = MECHANICAL_DESIGN_GEOMETRIC_PRESENTATION_REPRESENTATION (  '', ( #2246 ), #3800 ) ;
#76 = SURFACE_SIDE_STYLE ('',( #3201 ) ) ;
#77 = UNCERTAINTY_MEASURE_WITH_UNIT (LENGTH_MEASURE( 1.000000000000000100E-005 ), #795, 'distance_accuracy_value', 'NONE');
#78 = EDGE_LOOP ( 'NONE', ( #4487, #2189, #1250, #832 ) ) ;
#79 = EDGE_CURVE ( 'NONE', #3931, #4104, #3028, .T. ) ;
#80 = ORIENTED_EDGE ( 'NONE', *, *, #621, .F. ) ;
#81 = FACE_OUTER_BOUND ( 'NONE', #3160, .T. ) ;
#82 = CARTESIAN_POINT ( 'NONE',  ( 0.06999999999999574600, 0.3999999999999999100, 0.05000000000000000300 ) ) ;
#83 = DIRECTION ( 'NONE',  ( 0.8682431421244590800, 0.4961389383568340900, -0.0000000000000000000 ) ) ;
#84 = CARTESIAN_POINT ( 'NONE',  ( -0.5000000000000001100, 0.5000000000000000000, 0.3700000000000000000 ) ) ;
#85 = ORIENTED_EDGE ( 'NONE', *, *, #2833, .F. ) ;
#86 = EDGE_CURVE ( 'NONE', #423, #603, #1182, .T. ) ;
#87 = CARTESIAN_POINT ( 'NONE',  ( 0.0000000000000000000, 0.0000000000000000000, 0.0000000000000000000 ) ) ;
#88 = FACE_OUTER_BOUND ( 'NONE', #23, .T. ) ;
#89 = LINE ( 'NONE', #965, #3841 ) ;
#90 = DIRECTION ( 'NONE',  ( 0.0000000000000000000, -1.000000000000000000, -2.710505431213760600E-016 ) ) ;
#91 = ORIENTED_EDGE ( 'NONE', *, *, #3226, .T. ) ;
#92 = CARTESIAN_POINT ( 'NONE',  ( 0.4999999999999998900, -0.2000000000000001500, 0.09999999999999988100 ) ) ;
#93 = VECTOR ( 'NONE', #567, 1000.000000000000000 ) ;
#94 = VECTOR ( 'NONE', #2306, 1000.000000000000000 ) ;
#95 = DIRECTION ( 'NONE',  ( 1.084202172485504600E-015, -1.000000000000000000, 6.776263578034403900E-017 ) ) ;
#96 = ORIENTED_EDGE ( 'NONE', *, *, #2284, .F. ) ;
#97 = EDGE_LOOP ( 'NONE', ( #1059, #3380, #3857, #1699 ) ) ;
#98 = PRESENTATION_STYLE_ASSIGNMENT (( #561 ) ) ;
#99 =( LENGTH_UNIT ( ) NAMED_UNIT ( * ) SI_UNIT ( .MILLI., .METRE. ) );
#100 = AXIS2_PLACEMENT_3D ( 'NONE', #3469, #3484, #1045 ) ;
#101 = FILL_AREA_STYLE ('',( #4292 ) ) ;
#102 = ADVANCED_FACE ( 'NONE', ( #3468, #2650, #2006, #1096 ), #4094, .F. ) ;
#103 = VERTEX_POINT ( 'NONE', #3441 ) ;
#104 = SURFACE_STYLE_FILL_AREA ( #377 ) ;
#105 = UNCERTAINTY_MEASURE_WITH_UNIT (LENGTH_MEASURE( 1.000000000000000100E-005 ), #2963, 'distance_accuracy_value', 'NONE');
#106 = ORIENTED_EDGE ( 'NONE', *, *, #3975, .T. ) ;
#107 = EDGE_CURVE ( 'NONE', #61, #2467, #2277, .T. ) ;
#108 = DIRECTION ( 'NONE',  ( 1.000000000000000000, 4.336808689942017700E-016, 0.0000000000000000000 ) ) ;
#109 = SURFACE_STYLE_USAGE ( .BOTH. , #3590 ) ;
#110 = DIRECTION ( 'NONE',  ( -1.000000000000000000, 1.084202172485504400E-016, -0.0000000000000000000 ) ) ;
#111 = CARTESIAN_POINT ( 'NONE',  ( 0.2000000000000000900, 0.5000000000000000000, 0.0000000000000000000 ) ) ;
#112 = ORIENTED_EDGE ( 'NONE', *, *, #395, .T. ) ;
#113 = COLOUR_RGB ( '',1.000000000000000000, 1.000000000000000000, 1.000000000000000000 ) ;
#114 = CARTESIAN_POINT ( 'NONE',  ( 0.4999999999999998900, 0.0000000000000000000, 0.0000000000000000000 ) ) ;
#115 = EDGE_CURVE ( 'NONE', #4381, #4304, #3170, .T. ) ;
#116 = ORIENTED_EDGE ( 'NONE', *, *, #2464, .T. ) ;
#117 = EDGE_LOOP ( 'NONE', ( #263, #2285, #2018, #59 ) ) ;
#118 = LINE ( 'NONE', #2142, #949 ) ;
#119 = ADVANCED_FACE ( 'NONE', ( #4201 ), #1020, .T. ) ;
#120 = ORIENTED_EDGE ( 'NONE', *, *, #254, .T. ) ;
#121 = LINE ( 'NONE', #2766, #2994 ) ;
#122 = AXIS2_PLACEMENT_3D ( 'NONE', #2433, #3161, #3147 ) ;
#123 = LINE ( 'NONE', #648, #1872 ) ;
#124 = VECTOR ( 'NONE', #3749, 1000.000000000000000 ) ;
#125 = CARTESIAN_POINT ( 'NONE',  ( 0.3394112549695375000, 4.971786736228057700E-015, 0.03500000000000000300 ) ) ;
#126 = ORIENTED_EDGE ( 'NONE', *, *, #1550, .F. ) ;
#127 = COLOUR_RGB ( '',1.000000000000000000, 1.000000000000000000, 1.000000000000000000 ) ;
#128 = PLANE ( 'NONE',  #3063 ) ;
#129 = ORIENTED_EDGE ( 'NONE', *, *, #4089, .T. ) ;
#130 = AXIS2_PLACEMENT_3D ( 'NONE', #4333, #2935, #3297 ) ;
#131 = DIRECTION ( 'NONE',  ( 0.0000000000000000000, -1.000000000000000000, 0.0000000000000000000 ) ) ;
#132 = ORIENTED_EDGE ( 'NONE', *, *, #107, .T. ) ;
#133 = DIRECTION ( 'NONE',  ( -1.084202172485504700E-016, 1.000000000000000000, 0.0000000000000000000 ) ) ;
#134 = VECTOR ( 'NONE', #3195, 1000.000000000000100 ) ;
#135 = EDGE_CURVE ( 'NONE', #1663, #3641, #1316, .T. ) ;
#136 = ADVANCED_FACE ( 'NONE', ( #1443 ), #1689, .T. ) ;
#137 = LINE ( 'NONE', #1345, #2298 ) ;
#138 = ORIENTED_EDGE ( 'NONE', *, *, #331, .F. ) ;
#139 = DIRECTION ( 'NONE',  ( 1.000000000000000000, 1.084202172485504700E-016, -0.0000000000000000000 ) ) ;
#140 = CARTESIAN_POINT ( 'NONE',  ( 0.3999999999999999100, 0.3029999999999998800, 0.1000000000000000500 ) ) ;
#141 = VECTOR ( 'NONE', #3919, 1000.000000000000000 ) ;
#142 = LINE ( 'NONE', #1432, #2901 ) ;
#143 = EDGE_CURVE ( 'NONE', #2701, #2805, #3883, .T. ) ;
#144 = EDGE_LOOP ( 'NONE', ( #2726, #1173, #3496, #1962, #2707 ) ) ;
#145 = CARTESIAN_POINT ( 'NONE',  ( 0.2000000000000000900, 0.4299999999999999900, 0.0000000000000000000 ) ) ;
#146 = ADVANCED_FACE ( 'NONE', ( #293 ), #2383, .T. ) ;
#147 = LINE ( 'NONE', #340, #1133 ) ;
#148 = FACE_OUTER_BOUND ( 'NONE', #178, .T. ) ;
#149 = ORIENTED_EDGE ( 'NONE', *, *, #2473, .F. ) ;
#150 = DIRECTION ( 'NONE',  ( 0.0000000000000000000, -1.000000000000000000, -2.710505431213760600E-016 ) ) ;
#151 = CARTESIAN_POINT ( 'NONE',  ( -0.4000000000000000200, -0.05000000000000007200, 0.1000000000000000200 ) ) ;
#152 = CARTESIAN_POINT ( 'NONE',  ( 0.05941125496953094500, -0.2800000000000000300, 0.03500000000000000300 ) ) ;
#153 = ORIENTED_EDGE ( 'NONE', *, *, #4430, .F. ) ;
#154 = CARTESIAN_POINT ( 'NONE',  ( 0.3999999999999999100, 0.2029999999999998700, 0.1000000000000000200 ) ) ;
#155 = PRESENTATION_LAYER_ASSIGNMENT (  '', '', ( #3970 ) ) ;
#156 = LINE ( 'NONE', #689, #1292 ) ;
#157 = SURFACE_SIDE_STYLE ('',( #2076 ) ) ;
#158 = UNCERTAINTY_MEASURE_WITH_UNIT (LENGTH_MEASURE( 1.000000000000000100E-005 ), #1471, 'distance_accuracy_value', 'NONE');
#159 = CARTESIAN_POINT ( 'NONE',  ( -0.5000000000000000000, -0.2000000000000000900, 0.1000000000000000500 ) ) ;
#160 = FACE_OUTER_BOUND ( 'NONE', #4470, .T. ) ;
#161 = EDGE_CURVE ( 'NONE', #3768, #1488, #123, .T. ) ;
#162 = ORIENTED_EDGE ( 'NONE', *, *, #3458, .F. ) ;
#163 = LINE ( 'NONE', #2151, #723 ) ;
#164 = EDGE_CURVE ( 'NONE', #1485, #1373, #3437, .T. ) ;
#165 = ORIENTED_EDGE ( 'NONE', *, *, #3604, .F. ) ;
#166 = DIRECTION ( 'NONE',  ( 1.355252715606880300E-016, 0.0000000000000000000, 1.000000000000000000 ) ) ;
#167 = EDGE_LOOP ( 'NONE', ( #3272, #1966, #2253, #1472 ) ) ;
#168 = DIRECTION ( 'NONE',  ( 0.0000000000000000000, -1.000000000000000000, -2.710505431213761600E-016 ) ) ;
#169 = DIRECTION ( 'NONE',  ( 1.000000000000000000, 1.084202172485504700E-016, -0.0000000000000000000 ) ) ;
#170 = DIRECTION ( 'NONE',  ( 0.0000000000000000000, -1.000000000000000000, 0.0000000000000000000 ) ) ;
#171 = ORIENTED_EDGE ( 'NONE', *, *, #1155, .F. ) ;
#172 = ORIENTED_EDGE ( 'NONE', *, *, #3575, .F. ) ;
#173 = FACE_OUTER_BOUND ( 'NONE', #899, .T. ) ;
#174 = DIRECTION ( 'NONE',  ( 0.0000000000000000000, 1.000000000000000000, 0.0000000000000000000 ) ) ;
#175 = EDGE_CURVE ( 'NONE', #573, #3768, #118, .T. ) ;
#176 = ORIENTED_EDGE ( 'NONE', *, *, #874, .F. ) ;
#177 = VECTOR ( 'NONE', #34, 1000.000000000000000 ) ;
#178 = EDGE_LOOP ( 'NONE', ( #3814, #656, #1413, #240, #4044 ) ) ;
#179 =( GEOMETRIC_REPRESENTATION_CONTEXT ( 3 ) GLOBAL_UNCERTAINTY_ASSIGNED_CONTEXT ( ( #4485 ) ) GLOBAL_UNIT_ASSIGNED_CONTEXT ( ( #883, #3636, #3666 ) ) REPRESENTATION_CONTEXT ( 'NONE', 'WORKASPACE' ) );
#180 = PRESENTATION_STYLE_ASSIGNMENT (( #300 ) ) ;
#181 = DIRECTION ( 'NONE',  ( 1.000000000000000000, -4.336808689942017700E-016, -0.0000000000000000000 ) ) ;
#182 = CARTESIAN_POINT ( 'NONE',  ( -0.4500000000000001200, -0.4999999999999998900, 0.1000000000000000100 ) ) ;
#183 = UNCERTAINTY_MEASURE_WITH_UNIT (LENGTH_MEASURE( 1.000000000000000100E-005 ), #4237, 'distance_accuracy_value', 'NONE');
#184 = ORIENTED_EDGE ( 'NONE', *, *, #1329, .T. ) ;
#185 = DIRECTION ( 'NONE',  ( 0.0000000000000000000, 0.0000000000000000000, -1.000000000000000000 ) ) ;
#186 = LINE ( 'NONE', #4443, #4099 ) ;
#187 = PRESENTATION_LAYER_ASSIGNMENT (  '', '', ( #3302 ) ) ;
#188 = ORIENTED_EDGE ( 'NONE', *, *, #521, .T. ) ;
#189 = FACE_OUTER_BOUND ( 'NONE', #3426, .T. ) ;
#190 = DIRECTION ( 'NONE',  ( 3.673419846319649000E-032, -1.694065894508600700E-016, -1.000000000000000000 ) ) ;
#191 = LINE ( 'NONE', #615, #2470 ) ;
#192 = LINE ( 'NONE', #1548, #2954 ) ;
#193 = ORIENTED_EDGE ( 'NONE', *, *, #1847, .T. ) ;
#194 = CARTESIAN_POINT ( 'NONE',  ( 0.4999999999999998900, 0.4999999999999998900, 0.0000000000000000000 ) ) ;
#195 = EDGE_CURVE ( 'NONE', #2447, #1715, #839, .T. ) ;
#196 = VECTOR ( 'NONE', #2104, 1000.000000000000000 ) ;
#197 = LINE ( 'NONE', #4352, #3786 ) ;
#198 = VERTEX_POINT ( 'NONE', #4208 ) ;
#199 = FILL_AREA_STYLE_COLOUR ( '', #2206 ) ;
#200 = CARTESIAN_POINT ( 'NONE',  ( -0.4000000000000000200, -0.2000000000000000700, 0.1000000000000000500 ) ) ;
#201 = LINE ( 'NONE', #2659, #4230 ) ;
#202 = EDGE_CURVE ( 'NONE', #4308, #573, #3431, .T. ) ;
#203 = ORIENTED_EDGE ( 'NONE', *, *, #1300, .F. ) ;
#204 = DIRECTION ( 'NONE',  ( 0.0000000000000000000, -1.000000000000000000, 0.0000000000000000000 ) ) ;
#205 = FACE_OUTER_BOUND ( 'NONE', #2452, .T. ) ;
#206 = ORIENTED_EDGE ( 'NONE', *, *, #879, .F. ) ;
#207 = CARTESIAN_POINT ( 'NONE',  ( -0.2000000000000000900, 0.5000000000000000000, 0.0000000000000000000 ) ) ;
#208 = SURFACE_SIDE_STYLE ('',( #242 ) ) ;
#209 = PRESENTATION_STYLE_ASSIGNMENT (( #720 ) ) ;
#210 =( GEOMETRIC_REPRESENTATION_CONTEXT ( 3 ) GLOBAL_UNCERTAINTY_ASSIGNED_CONTEXT ( ( #4001 ) ) GLOBAL_UNIT_ASSIGNED_CONTEXT ( ( #2718, #1661, #978 ) ) REPRESENTATION_CONTEXT ( 'NONE', 'WORKASPACE' ) );
#211 = CARTESIAN_POINT ( 'NONE',  ( 0.05941125496953094500, -0.2800000000000000300, -0.0000000000000000000 ) ) ;
#212 = ADVANCED_FACE ( 'NONE', ( #564 ), #3472, .F. ) ;
#213 = EDGE_LOOP ( 'NONE', ( #747, #2807, #4494, #1585 ) ) ;
#214 = COLOUR_RGB ( '',1.000000000000000000, 1.000000000000000000, 1.000000000000000000 ) ;
#215 = CARTESIAN_POINT ( 'NONE',  ( -0.3999999999999999100, -0.3000000000000001000, 0.05000000000000005100 ) ) ;
#216 = DIRECTION ( 'NONE',  ( 1.000000000000000000, 1.084202172485504700E-016, 0.0000000000000000000 ) ) ;
#217 = CARTESIAN_POINT ( 'NONE',  ( -0.4500000000000001200, -0.4999999999999998900, 0.1000000000000000100 ) ) ;
#218 = CARTESIAN_POINT ( 'NONE',  ( 0.4999999999999998900, -0.07000000000000011800, 0.09999999999999990800 ) ) ;
#219 = CARTESIAN_POINT ( 'NONE',  ( 0.4999999999999998900, -0.07000000000000011800, 0.04999999999999992000 ) ) ;
#220 = VECTOR ( 'NONE', #166, 1000.000000000000000 ) ;
#221 = CARTESIAN_POINT ( 'NONE',  ( 0.06999999999999574600, 0.3999999999999999100, 0.05000000000000000300 ) ) ;
#222 = EDGE_CURVE ( 'NONE', #1944, #636, #3485, .T. ) ;
#223 = ORIENTED_EDGE ( 'NONE', *, *, #2038, .F. ) ;
#224 = FACE_OUTER_BOUND ( 'NONE', #3730, .T. ) ;
#225 = CARTESIAN_POINT ( 'NONE',  ( 0.4999999999999998900, 0.0000000000000000000, 0.0000000000000000000 ) ) ;
#226 = AXIS2_PLACEMENT_3D ( 'NONE', #744, #4509, #729 ) ;
#227 = DIRECTION ( 'NONE',  ( -0.0000000000000000000, -0.0000000000000000000, 1.000000000000000000 ) ) ;
#228 = ORIENTED_EDGE ( 'NONE', *, *, #3386, .T. ) ;
#229 = ORIENTED_EDGE ( 'NONE', *, *, #232, .T. ) ;
#230 = DIRECTION ( 'NONE',  ( 1.000000000000000000, 2.168404344971009400E-016, 0.0000000000000000000 ) ) ;
#231 = VECTOR ( 'NONE', #4264, 1000.000000000000000 ) ;
#232 = EDGE_CURVE ( 'NONE', #770, #3456, #2649, .T. ) ;
#233 = FILL_AREA_STYLE_COLOUR ( '', #4434 ) ;
#234 = CARTESIAN_POINT ( 'NONE',  ( 0.3999999999999999100, -0.2000000000000001500, 0.09999999999999988100 ) ) ;
#235 = CARTESIAN_POINT ( 'NONE',  ( -0.05000000000000421500, 0.4999999999999998900, 0.1000000000000000100 ) ) ;
#236 = EDGE_LOOP ( 'NONE', ( #2039, #1892, #2401, #3046 ) ) ;
#237 = DIRECTION ( 'NONE',  ( 0.0000000000000000000, 0.0000000000000000000, -1.000000000000000000 ) ) ;
#238 = VECTOR ( 'NONE', #1794, 1000.000000000000000 ) ;
#239 = ADVANCED_FACE ( 'NONE', ( #4286 ), #364, .F. ) ;
#240 = ORIENTED_EDGE ( 'NONE', *, *, #2199, .T. ) ;
#241 = CARTESIAN_POINT ( 'NONE',  ( 0.4999999999999998900, 0.4999999999999998900, 0.0000000000000000000 ) ) ;
#242 = SURFACE_STYLE_FILL_AREA ( #1946 ) ;
#243 = EDGE_LOOP ( 'NONE', ( #394, #2599, #2840, #49 ) ) ;
#244 = LINE ( 'NONE', #2719, #2677 ) ;
#245 = MANIFOLD_SOLID_BREP ( 'Lead1', #2523 ) ;
#246 = ORIENTED_EDGE ( 'NONE', *, *, #3386, .F. ) ;
#247 = MECHANICAL_DESIGN_GEOMETRIC_PRESENTATION_REPRESENTATION (  '', ( #4375 ), #4048 ) ;
#248 = DIRECTION ( 'NONE',  ( -0.4961389383568340900, 0.8682431421244590800, 0.0000000000000000000 ) ) ;
#249 = CARTESIAN_POINT ( 'NONE',  ( 0.3394112549695375000, 4.971786736228057700E-015, 0.03500000000000000300 ) ) ;
#250 = CARTESIAN_POINT ( 'NONE',  ( -0.4000000000000000200, 0.06999999999999992300, 0.04999999999999999600 ) ) ;
#251 = DIRECTION ( 'NONE',  ( 0.0000000000000000000, 0.0000000000000000000, -1.000000000000000000 ) ) ;
#252 = ORIENTED_EDGE ( 'NONE', *, *, #528, .F. ) ;
#253 = SURFACE_STYLE_USAGE ( .BOTH. , #1873 ) ;
#254 = EDGE_CURVE ( 'NONE', #3940, #4150, #4393, .T. ) ;
#255 = VECTOR ( 'NONE', #486, 1000.000000000000100 ) ;
#256 = CARTESIAN_POINT ( 'NONE',  ( -0.2000000000000000900, 0.5000000000000000000, 0.1000000000000000100 ) ) ;
#257 = LINE ( 'NONE', #2406, #2749 ) ;
#258 = ORIENTED_EDGE ( 'NONE', *, *, #4028, .T. ) ;
#259 = DIRECTION ( 'NONE',  ( -1.084202172485504600E-015, 1.000000000000000000, -1.355252715606880800E-016 ) ) ;
#260 = LINE ( 'NONE', #2150, #4329 ) ;
#261 = ADVANCED_FACE ( 'NONE', ( #1415 ), #1078, .F. ) ;
#262 = EDGE_CURVE ( 'NONE', #3633, #2229, #1178, .T. ) ;
#263 = ORIENTED_EDGE ( 'NONE', *, *, #1236, .T. ) ;
#264 = COLOUR_RGB ( '',1.000000000000000000, 1.000000000000000000, 1.000000000000000000 ) ;
#265 = VECTOR ( 'NONE', #131, 1000.000000000000000 ) ;
#266 = DIRECTION ( 'NONE',  ( -0.0000000000000000000, -0.0000000000000000000, -1.000000000000000000 ) ) ;
#267 = CARTESIAN_POINT ( 'NONE',  ( -0.5000000000000000000, 0.06999999999999989600, 0.04999999999999999600 ) ) ;
#268 = CARTESIAN_POINT ( 'NONE',  ( -0.4000000000000000200, 0.06999999999999992300, 0.1000000000000000200 ) ) ;
#269 = ORIENTED_EDGE ( 'NONE', *, *, #3478, .T. ) ;
#270 = EDGE_CURVE ( 'NONE', #2092, #3976, #2861, .T. ) ;
#271 = VECTOR ( 'NONE', #4518, 1000.000000000000000 ) ;
#272 =( NAMED_UNIT ( * ) SI_UNIT ( $, .STERADIAN. ) SOLID_ANGLE_UNIT ( ) );
#273 = LINE ( 'NONE', #1672, #593 ) ;
#274 = UNCERTAINTY_MEASURE_WITH_UNIT (LENGTH_MEASURE( 1.000000000000000100E-005 ), #3581, 'distance_accuracy_value', 'NONE');
#275 =( LENGTH_UNIT ( ) NAMED_UNIT ( * ) SI_UNIT ( .MILLI., .METRE. ) );
#276 = DIRECTION ( 'NONE',  ( 0.0000000000000000000, 0.0000000000000000000, -1.000000000000000000 ) ) ;
#277 = DIRECTION ( 'NONE',  ( -1.000000000000000000, -1.084202172485504600E-016, 0.0000000000000000000 ) ) ;
#278 = FILL_AREA_STYLE_COLOUR ( '', #1299 ) ;
#279 = EDGE_LOOP ( 'NONE', ( #3310, #1441, #1598, #2193 ) ) ;
#280 = PLANE ( 'NONE',  #4495 ) ;
#281 = PRESENTATION_LAYER_ASSIGNMENT (  '', '', ( #812 ) ) ;
#282 = ADVANCED_FACE ( 'NONE', ( #3580 ), #1769, .F. ) ;
#283 = DIRECTION ( 'NONE',  ( -1.000000000000000000, 0.0000000000000000000, 0.0000000000000000000 ) ) ;
#284 = ORIENTED_EDGE ( 'NONE', *, *, #202, .F. ) ;
#285 = VERTEX_POINT ( 'NONE', #2095 ) ;
#286 = LINE ( 'NONE', #3101, #3049 ) ;
#287 = EDGE_CURVE ( 'NONE', #2879, #3552, #705, .T. ) ;
#288 = ORIENTED_EDGE ( 'NONE', *, *, #386, .F. ) ;
#289 = CARTESIAN_POINT ( 'NONE',  ( -0.4500000000000001200, -0.4999999999999998900, 0.1000000000000000100 ) ) ;
#290 = PRESENTATION_LAYER_ASSIGNMENT (  '', '', ( #4328 ) ) ;
#291 = ORIENTED_EDGE ( 'NONE', *, *, #2240, .F. ) ;
#292 = SURFACE_STYLE_FILL_AREA ( #2642 ) ;
#293 = FACE_OUTER_BOUND ( 'NONE', #4034, .T. ) ;
#294 = DIRECTION ( 'NONE',  ( -1.000000000000000000, -2.168404344971009400E-016, 0.0000000000000000000 ) ) ;
#295 = DIRECTION ( 'NONE',  ( 1.084202172485504700E-016, -1.000000000000000000, 0.0000000000000000000 ) ) ;
#296 = EDGE_LOOP ( 'NONE', ( #1731, #1726, #627, #2358 ) ) ;
#297 = PRESENTATION_STYLE_ASSIGNMENT (( #4031 ) ) ;
#298 = EDGE_CURVE ( 'NONE', #1650, #2447, #1230, .T. ) ;
#299 = SURFACE_STYLE_USAGE ( .BOTH. , #3411 ) ;
#300 = SURFACE_STYLE_USAGE ( .BOTH. , #1256 ) ;
#301 = CARTESIAN_POINT ( 'NONE',  ( -0.4500000000000001200, 0.4999999999999998900, 0.0000000000000000000 ) ) ;
#302 = ORIENTED_EDGE ( 'NONE', *, *, #4279, .T. ) ;
#303 = CARTESIAN_POINT ( 'NONE',  ( -0.2000000000000000900, -0.4299999999999999900, 0.0000000000000000000 ) ) ;
#304 = PLANE ( 'NONE',  #2322 ) ;
#305 = VERTEX_POINT ( 'NONE', #4252 ) ;
#306 = EDGE_CURVE ( 'NONE', #4339, #4368, #3347, .T. ) ;
#307 = FACE_OUTER_BOUND ( 'NONE', #3307, .T. ) ;
#308 = SURFACE_STYLE_FILL_AREA ( #3103 ) ;
#309 = MANIFOLD_SOLID_BREP ( 'Metal5', #4179 ) ;
#310 = EDGE_LOOP ( 'NONE', ( #4023, #3156, #1369, #4290, #4461 ) ) ;
#311 = CARTESIAN_POINT ( 'NONE',  ( -0.5000000000000001100, 0.2999999999999999300, 0.04999999999999998200 ) ) ;
#312 = ADVANCED_FACE ( 'NONE', ( #918 ), #4239, .F. ) ;
#313 = LINE ( 'NONE', #3122, #1781 ) ;
#314 = DIRECTION ( 'NONE',  ( 1.000000000000000000, 1.084202172485504700E-016, 0.0000000000000000000 ) ) ;
#315 = FACE_OUTER_BOUND ( 'NONE', #2740, .T. ) ;
#316 = LINE ( 'NONE', #2586, #4158 ) ;
#317 = AXIS2_PLACEMENT_3D ( 'NONE', #3672, #190, #4357 ) ;
#318 = AXIS2_PLACEMENT_3D ( 'NONE', #2610, #3668, #1187 ) ;
#319 = ORIENTED_EDGE ( 'NONE', *, *, #2061, .F. ) ;
#320 = DIRECTION ( 'NONE',  ( 0.0000000000000000000, 0.0000000000000000000, 1.000000000000000000 ) ) ;
#321 = COLOUR_RGB ( '',1.000000000000000000, 0.5019607843137254800, 0.0000000000000000000 ) ;
#322 = VECTOR ( 'NONE', #1989, 1000.000000000000000 ) ;
#323 =( LENGTH_UNIT ( ) NAMED_UNIT ( * ) SI_UNIT ( .MILLI., .METRE. ) );
#324 = ORIENTED_EDGE ( 'NONE', *, *, #579, .T. ) ;
#325 = DIRECTION ( 'NONE',  ( -2.168404344971009400E-016, 1.000000000000000000, 0.0000000000000000000 ) ) ;
#326 = PRESENTATION_STYLE_ASSIGNMENT (( #3022 ) ) ;
#327 = ORIENTED_EDGE ( 'NONE', *, *, #4186, .T. ) ;
#328 = PLANE ( 'NONE',  #2410 ) ;
#329 = LINE ( 'NONE', #1913, #3090 ) ;
#330 = DIRECTION ( 'NONE',  ( -1.000000000000000000, -2.168404344971009400E-016, 0.0000000000000000000 ) ) ;
#331 = EDGE_CURVE ( 'NONE', #3162, #782, #3572, .T. ) ;
#332 = CARTESIAN_POINT ( 'NONE',  ( -0.3999999999999999100, -0.3000000000000001000, 0.05000000000000005100 ) ) ;
#333 = ORIENTED_EDGE ( 'NONE', *, *, #3739, .T. ) ;
#334 = PLANE ( 'NONE',  #351 ) ;
#335 = CARTESIAN_POINT ( 'NONE',  ( -0.4500000000000001200, 0.4999999999999998900, 0.0000000000000000000 ) ) ;
#336 = ORIENTED_EDGE ( 'NONE', *, *, #1517, .F. ) ;
#337 = ADVANCED_FACE ( 'NONE', ( #4277 ), #3601, .T. ) ;
#338 = PLANE ( 'NONE',  #3329 ) ;
#339 = VECTOR ( 'NONE', #1008, 1000.000000000000000 ) ;
#340 = CARTESIAN_POINT ( 'NONE',  ( -0.3394112549695521000, 1.081157679374394400E-014, 0.03500000000000000300 ) ) ;
#341 = DIRECTION ( 'NONE',  ( -1.000000000000000000, -1.084202172485504700E-016, 0.0000000000000000000 ) ) ;
#342 = SURFACE_STYLE_FILL_AREA ( #1302 ) ;
#343 = PLANE ( 'NONE',  #3623 ) ;
#344 = EDGE_LOOP ( 'NONE', ( #674, #18, #2551, #862 ) ) ;
#345 = DIRECTION ( 'NONE',  ( 1.000000000000000000, 0.0000000000000000000, 0.0000000000000000000 ) ) ;
#346 = VECTOR ( 'NONE', #2168, 1000.000000000000100 ) ;
#347 = PLANE ( 'NONE',  #903 ) ;
#348 = ORIENTED_EDGE ( 'NONE', *, *, #3328, .F. ) ;
#349 = CARTESIAN_POINT ( 'NONE',  ( 0.3400000000000000800, 0.3499999999999999200, 0.0000000000000000000 ) ) ;
#350 = VERTEX_POINT ( 'NONE', #3278 ) ;
#351 = AXIS2_PLACEMENT_3D ( 'NONE', #3086, #2371, #1323 ) ;
#352 = ORIENTED_EDGE ( 'NONE', *, *, #2624, .F. ) ;
#353 = DIRECTION ( 'NONE',  ( 1.084202172485504600E-015, -1.000000000000000000, 6.776263578034403900E-017 ) ) ;
#354 = CARTESIAN_POINT ( 'NONE',  ( 0.3999999999999999100, -0.3000000000000001600, 0.04999999999999985000 ) ) ;
#355 = VECTOR ( 'NONE', #4431, 1000.000000000000000 ) ;
#356 = FACE_OUTER_BOUND ( 'NONE', #1245, .T. ) ;
#357 = DIRECTION ( 'NONE',  ( -0.0000000000000000000, 1.000000000000000000, -0.0000000000000000000 ) ) ;
#358 = EDGE_CURVE ( 'NONE', #1197, #3428, #4436, .T. ) ;
#359 = DIRECTION ( 'NONE',  ( 0.0000000000000000000, 0.0000000000000000000, -1.000000000000000000 ) ) ;
#360 = VERTEX_POINT ( 'NONE', #4313 ) ;
#361 = PRESENTATION_STYLE_ASSIGNMENT (( #4073 ) ) ;
#362 = CARTESIAN_POINT ( 'NONE',  ( 0.3400000000000000800, 0.3499999999999999200, 0.1000000000000000100 ) ) ;
#363 = ADVANCED_FACE ( 'NONE', ( #3509 ), #496, .F. ) ;
#364 = PLANE ( 'NONE',  #1819 ) ;
#365 = CLOSED_SHELL ( 'NONE', ( #3812, #337, #625, #146, #3326, #2755 ) ) ;
#366 = EDGE_CURVE ( 'NONE', #2757, #2855, #3779, .T. ) ;
#367 = FILL_AREA_STYLE ('',( #1677 ) ) ;
#368 = DIRECTION ( 'NONE',  ( 0.0000000000000000000, 0.0000000000000000000, -1.000000000000000000 ) ) ;
#369 = ORIENTED_EDGE ( 'NONE', *, *, #1623, .F. ) ;
#370 = CARTESIAN_POINT ( 'NONE',  ( 0.3999999999999999100, 0.04999999999999985700, 0.04999999999999995400 ) ) ;
#371 = PLANE ( 'NONE',  #3409 ) ;
#372 = CARTESIAN_POINT ( 'NONE',  ( -0.2000000000000000900, 0.4299999999999999900, 0.0000000000000000000 ) ) ;
#373 = ORIENTED_EDGE ( 'NONE', *, *, #534, .F. ) ;
#374 = AXIS2_PLACEMENT_3D ( 'NONE', #1694, #3087, #4128 ) ;
#375 = FACE_OUTER_BOUND ( 'NONE', #3089, .T. ) ;
#376 = LINE ( 'NONE', #1495, #1171 ) ;
#377 = FILL_AREA_STYLE ('',( #2426 ) ) ;
#378 = ORIENTED_EDGE ( 'NONE', *, *, #3055, .T. ) ;
#379 = DIRECTION ( 'NONE',  ( -2.168404344971009400E-016, 1.000000000000000000, 0.0000000000000000000 ) ) ;
#380 = LINE ( 'NONE', #763, #2211 ) ;
#381 = MECHANICAL_DESIGN_GEOMETRIC_PRESENTATION_REPRESENTATION (  '', ( #2384 ), #598 ) ;
#382 = PLANE ( 'NONE',  #2903 ) ;
#383 = VERTEX_POINT ( 'NONE', #856 ) ;
#384 = ADVANCED_FACE ( 'NONE', ( #315 ), #1144, .T. ) ;
#385 = PLANE ( 'NONE',  #3106 ) ;
#386 = EDGE_CURVE ( 'NONE', #1821, #4126, #2626, .T. ) ;
#387 = ORIENTED_EDGE ( 'NONE', *, *, #4105, .F. ) ;
#388 = DIRECTION ( 'NONE',  ( -0.0000000000000000000, -0.0000000000000000000, -1.000000000000000000 ) ) ;
#389 = DIRECTION ( 'NONE',  ( 1.000000000000000000, 1.084202172485504700E-016, 0.0000000000000000000 ) ) ;
#390 = DIRECTION ( 'NONE',  ( 0.7071067811865580100, 0.7071067811865369100, -0.0000000000000000000 ) ) ;
#391 = LINE ( 'NONE', #3125, #2112 ) ;
#392 = CARTESIAN_POINT ( 'NONE',  ( -0.2500000000000000000, -0.2500000000000000000, 0.3700000000000000000 ) ) ;
#393 = PLANE ( 'NONE',  #3759 ) ;
#394 = ORIENTED_EDGE ( 'NONE', *, *, #331, .T. ) ;
#395 = EDGE_CURVE ( 'NONE', #1871, #3104, #191, .T. ) ;
#396 = VECTOR ( 'NONE', #3096, 1000.000000000000000 ) ;
#397 = VECTOR ( 'NONE', #2712, 1000.000000000000000 ) ;
#398 = CARTESIAN_POINT ( 'NONE',  ( 0.5000000000000000000, -0.3000000000000001600, 0.09999999999999988100 ) ) ;
#399 = EDGE_CURVE ( 'NONE', #3931, #3322, #638, .T. ) ;
#400 = ORIENTED_EDGE ( 'NONE', *, *, #4510, .T. ) ;
#401 = VECTOR ( 'NONE', #3253, 1000.000000000000000 ) ;
#402 = DIRECTION ( 'NONE',  ( 0.0000000000000000000, 1.000000000000000000, 2.823443157514334800E-016 ) ) ;
#403 = CARTESIAN_POINT ( 'NONE',  ( 0.2000000000000000900, -0.5000000000000000000, 0.1000000000000000100 ) ) ;
#404 = VERTEX_POINT ( 'NONE', #1633 ) ;
#405 = EDGE_LOOP ( 'NONE', ( #3470, #2778, #3594, #1457 ) ) ;
#406 = FACE_OUTER_BOUND ( 'NONE', #3979, .T. ) ;
#407 = STYLED_ITEM ( 'NONE', ( #4244 ), #2242 ) ;
#408 = LINE ( 'NONE', #1023, #4389 ) ;
#409 = AXIS2_PLACEMENT_3D ( 'NONE', #3199, #1477, #780 ) ;
#410 = CARTESIAN_POINT ( 'NONE',  ( -0.4000000000000001300, 0.2999999999999999300, 0.09999999999999997800 ) ) ;
#411 = ORIENTED_EDGE ( 'NONE', *, *, #1058, .T. ) ;
#412 = ORIENTED_EDGE ( 'NONE', *, *, #3657, .F. ) ;
#413 = LINE ( 'NONE', #4350, #2136 ) ;
#414 = CARTESIAN_POINT ( 'NONE',  ( -0.4500000000000001200, 0.4999999999999998900, 0.0000000000000000000 ) ) ;
#415 = EDGE_CURVE ( 'NONE', #3552, #1326, #2349, .T. ) ;
#416 = ORIENTED_EDGE ( 'NONE', *, *, #1917, .F. ) ;
#417 = FILL_AREA_STYLE ('',( #3873 ) ) ;
#418 = DIRECTION ( 'NONE',  ( -1.084202172485504700E-016, 1.000000000000000000, 0.0000000000000000000 ) ) ;
#419 = ORIENTED_EDGE ( 'NONE', *, *, #1928, .T. ) ;
#420 = CARTESIAN_POINT ( 'NONE',  ( -1.084202172485504600E-017, 0.3999999999999999100, 0.0000000000000000000 ) ) ;
#421 = EDGE_CURVE ( 'NONE', #2493, #1131, #2900, .T. ) ;
#422 = PLANE ( 'NONE',  #1128 ) ;
#423 = VERTEX_POINT ( 'NONE', #3379 ) ;
#424 = CARTESIAN_POINT ( 'NONE',  ( -0.4999999999999998900, -0.5000000000000001100, 0.3700000000000000000 ) ) ;
#425 = UNCERTAINTY_MEASURE_WITH_UNIT (LENGTH_MEASURE( 1.000000000000000100E-005 ), #1740, 'distance_accuracy_value', 'NONE');
#426 = VECTOR ( 'NONE', #696, 1000.000000000000000 ) ;
#427 = EDGE_CURVE ( 'NONE', #3110, #4484, #575, .T. ) ;
#428 = VERTEX_POINT ( 'NONE', #218 ) ;
#429 = DIRECTION ( 'NONE',  ( 1.000000000000000000, 0.0000000000000000000, -0.0000000000000000000 ) ) ;
#430 = VECTOR ( 'NONE', #1281, 1000.000000000000000 ) ;
#431 = LINE ( 'NONE', #4478, #481 ) ;
#432 = VERTEX_POINT ( 'NONE', #2657 ) ;
#433 = CARTESIAN_POINT ( 'NONE',  ( 0.3999999999999999100, -0.3000000000000001600, 0.04999999999999985000 ) ) ;
#434 = PLANE ( 'NONE',  #3408 ) ;
#435 = LINE ( 'NONE', #1284, #2845 ) ;
#436 = DIRECTION ( 'NONE',  ( -1.000000000000000000, 0.0000000000000000000, 0.0000000000000000000 ) ) ;
#437 = AXIS2_PLACEMENT_3D ( 'NONE', #217, #1270, #3832 ) ;
#438 = ORIENTED_EDGE ( 'NONE', *, *, #2596, .T. ) ;
#439 = SURFACE_STYLE_FILL_AREA ( #2672 ) ;
#440 = FILL_AREA_STYLE_COLOUR ( '', #4177 ) ;
#441 = FILL_AREA_STYLE ('',( #2161 ) ) ;
#442 = ORIENTED_EDGE ( 'NONE', *, *, #4105, .T. ) ;
#443 = DIRECTION ( 'NONE',  ( 1.084202172485504700E-016, 1.000000000000000000, 0.0000000000000000000 ) ) ;
#444 = VERTEX_POINT ( 'NONE', #596 ) ;
#445 = DIRECTION ( 'NONE',  ( 1.000000000000000000, 0.0000000000000000000, 0.0000000000000000000 ) ) ;
#446 = EDGE_CURVE ( 'NONE', #875, #4247, #1217, .T. ) ;
#447 = DIRECTION ( 'NONE',  ( -0.0000000000000000000, -0.0000000000000000000, -1.000000000000000000 ) ) ;
#448 = CARTESIAN_POINT ( 'NONE',  ( -0.2000000000000000900, 0.4299999999999999900, 0.0000000000000000000 ) ) ;
#449 = ORIENTED_EDGE ( 'NONE', *, *, #2017, .F. ) ;
#450 = CARTESIAN_POINT ( 'NONE',  ( -0.05000000000000421500, 0.4999999999999998900, 0.1000000000000000100 ) ) ;
#451 = DIRECTION ( 'NONE',  ( 1.000000000000000000, 1.084202172485504700E-016, -0.0000000000000000000 ) ) ;
#452 = ADVANCED_FACE ( 'NONE', ( #2520 ), #3035, .T. ) ;
#453 = DIRECTION ( 'NONE',  ( -0.8682431421244590800, 0.4961389383568340900, 0.0000000000000000000 ) ) ;
#454 = EDGE_CURVE ( 'NONE', #2721, #844, #480, .T. ) ;
#455 = VECTOR ( 'NONE', #4347, 1000.000000000000000 ) ;
#456 = DIRECTION ( 'NONE',  ( -0.0000000000000000000, 1.000000000000000000, 1.355252715606880300E-016 ) ) ;
#457 = ORIENTED_EDGE ( 'NONE', *, *, #4242, .F. ) ;
#458 = FACE_OUTER_BOUND ( 'NONE', #4285, .T. ) ;
#459 = AXIS2_PLACEMENT_3D ( 'NONE', #1632, #3707, #4079 ) ;
#460 = EDGE_LOOP ( 'NONE', ( #1314, #284, #3402, #2368, #1903 ) ) ;
#461 = CARTESIAN_POINT ( 'NONE',  ( -0.2000000000000000900, 0.4299999999999999900, 0.0000000000000000000 ) ) ;
#462 = ORIENTED_EDGE ( 'NONE', *, *, #2538, .F. ) ;
#463 = DIRECTION ( 'NONE',  ( -1.000000000000000000, -0.0000000000000000000, 0.0000000000000000000 ) ) ;
#464 = VECTOR ( 'NONE', #4051, 1000.000000000000000 ) ;
#465 = CARTESIAN_POINT ( 'NONE',  ( 0.4500000000000001200, 0.4999999999999998900, 0.0000000000000000000 ) ) ;
#466 = ORIENTED_EDGE ( 'NONE', *, *, #2736, .F. ) ;
#467 = FACE_OUTER_BOUND ( 'NONE', #460, .T. ) ;
#468 = STYLED_ITEM ( 'NONE', ( #4072 ), #1922 ) ;
#469 = CARTESIAN_POINT ( 'NONE',  ( 0.3999999999999999100, 0.04999999999999985700, 0.04999999999999995400 ) ) ;
#470 = AXIS2_PLACEMENT_3D ( 'NONE', #4070, #2704, #3698 ) ;
#471 = VERTEX_POINT ( 'NONE', #3336 ) ;
#472 = EDGE_CURVE ( 'NONE', #4236, #4150, #840, .T. ) ;
#473 = PRESENTATION_LAYER_ASSIGNMENT (  '', '', ( #2541 ) ) ;
#474 = VERTEX_POINT ( 'NONE', #1305 ) ;
#475 =( LENGTH_UNIT ( ) NAMED_UNIT ( * ) SI_UNIT ( .MILLI., .METRE. ) );
#476 = CARTESIAN_POINT ( 'NONE',  ( -4.255397017025833700E-015, 0.3394112549695485500, 0.03500000000000000300 ) ) ;
#477 = CARTESIAN_POINT ( 'NONE',  ( -0.2000000000000000900, -0.5000000000000000000, 0.0000000000000000000 ) ) ;
#478 = ORIENTED_EDGE ( 'NONE', *, *, #503, .T. ) ;
#479 = EDGE_CURVE ( 'NONE', #1275, #2581, #956, .T. ) ;
#480 = LINE ( 'NONE', #2986, #1403 ) ;
#481 = VECTOR ( 'NONE', #3415, 1000.000000000000000 ) ;
#482 = CLOSED_SHELL ( 'NONE', ( #3218, #1948, #1990, #4, #4338, #119 ) ) ;
#483 = ORIENTED_EDGE ( 'NONE', *, *, #2213, .T. ) ;
#484 = PRESENTATION_STYLE_ASSIGNMENT (( #2891 ) ) ;
#485 = FACE_OUTER_BOUND ( 'NONE', #1349, .T. ) ;
#486 = DIRECTION ( 'NONE',  ( 0.7071067811865456900, -0.7071067811865493500, -0.0000000000000000000 ) ) ;
#487 = DIRECTION ( 'NONE',  ( 0.0000000000000000000, -1.000000000000000000, 0.0000000000000000000 ) ) ;
#488 = PLANE ( 'NONE',  #2916 ) ;
#489 = AXIS2_PLACEMENT_3D ( 'NONE', #4153, #41, #1100 ) ;
#490 = DIRECTION ( 'NONE',  ( 0.0000000000000000000, 0.0000000000000000000, 1.000000000000000000 ) ) ;
#491 = ORIENTED_EDGE ( 'NONE', *, *, #849, .F. ) ;
#492 = ADVANCED_FACE ( 'NONE', ( #2882 ), #280, .T. ) ;
#493 = ORIENTED_EDGE ( 'NONE', *, *, #761, .T. ) ;
#494 = AXIS2_PLACEMENT_3D ( 'NONE', #4133, #734, #1383 ) ;
#495 = LINE ( 'NONE', #2063, #4180 ) ;
#496 = PLANE ( 'NONE',  #3317 ) ;
#497 = EDGE_CURVE ( 'NONE', #1827, #2344, #1379, .T. ) ;
#498 = PLANE ( 'NONE',  #1101 ) ;
#499 = DIRECTION ( 'NONE',  ( -0.0000000000000000000, 0.0000000000000000000, 1.000000000000000000 ) ) ;
#500 = VERTEX_POINT ( 'NONE', #4022 ) ;
#501 = LINE ( 'NONE', #699, #2548 ) ;
#502 = CARTESIAN_POINT ( 'NONE',  ( -0.5000000000000002200, -5.421010862427525100E-016, 0.0000000000000000000 ) ) ;
#503 = EDGE_CURVE ( 'NONE', #2876, #3110, #1063, .T. ) ;
#504 = VERTEX_POINT ( 'NONE', #3365 ) ;
#505 = ORIENTED_EDGE ( 'NONE', *, *, #2514, .F. ) ;
#506 = COLOUR_RGB ( '',1.000000000000000000, 1.000000000000000000, 1.000000000000000000 ) ;
#507 = VECTOR ( 'NONE', #3767, 1000.000000000000000 ) ;
#508 = CARTESIAN_POINT ( 'NONE',  ( 0.0000000000000000000, 0.0000000000000000000, 0.1000000000000000100 ) ) ;
#509 = ORIENTED_EDGE ( 'NONE', *, *, #3544, .T. ) ;
#510 = ORIENTED_EDGE ( 'NONE', *, *, #1293, .T. ) ;
#511 = AXIS2_PLACEMENT_3D ( 'NONE', #3852, #2804, #2844 ) ;
#512 = FILL_AREA_STYLE ('',( #233 ) ) ;
#513 = DIRECTION ( 'NONE',  ( 0.0000000000000000000, -1.000000000000000000, 0.0000000000000000000 ) ) ;
#514 = ORIENTED_EDGE ( 'NONE', *, *, #2696, .T. ) ;
#515 = FILL_AREA_STYLE ('',( #4335 ) ) ;
#516 = CARTESIAN_POINT ( 'NONE',  ( -0.3394112549695521000, 1.081157679374394400E-014, 0.03500000000000000300 ) ) ;
#517 = EDGE_LOOP ( 'NONE', ( #3803, #3216, #2898, #793 ) ) ;
#518 = AXIS2_PLACEMENT_3D ( 'NONE', #3233, #1862, #90 ) ;
#519 = DIRECTION ( 'NONE',  ( -1.000000000000000000, -2.168404344971009400E-016, -0.0000000000000000000 ) ) ;
#520 = ORIENTED_EDGE ( 'NONE', *, *, #2842, .T. ) ;
#521 = EDGE_CURVE ( 'NONE', #875, #1981, #2775, .T. ) ;
#522 = MECHANICAL_DESIGN_GEOMETRIC_PRESENTATION_REPRESENTATION (  '', ( #1686 ), #2178 ) ;
#523 = VECTOR ( 'NONE', #20, 1000.000000000000000 ) ;
#524 = VERTEX_POINT ( 'NONE', #569 ) ;
#525 = CARTESIAN_POINT ( 'NONE',  ( -0.4000000000000000200, 0.06999999999999992300, 0.04999999999999999600 ) ) ;
#526 = VECTOR ( 'NONE', #586, 1000.000000000000000 ) ;
#527 = CARTESIAN_POINT ( 'NONE',  ( 0.3999999999999999100, 0.3029999999999998800, 0.05000000000000003700 ) ) ;
#528 = EDGE_CURVE ( 'NONE', #4339, #623, #2445, .T. ) ;
#529 = EDGE_LOOP ( 'NONE', ( #3273, #3407, #588, #703 ) ) ;
#530 = CARTESIAN_POINT ( 'NONE',  ( -0.4000000000000002400, -5.204170427930424200E-016, 0.0000000000000000000 ) ) ;
#531 = SURFACE_STYLE_FILL_AREA ( #3616 ) ;
#532 = CARTESIAN_POINT ( 'NONE',  ( 0.06999999999999574600, 0.3999999999999999100, 0.05000000000000000300 ) ) ;
#533 = VERTEX_POINT ( 'NONE', #4410 ) ;
#534 = EDGE_CURVE ( 'NONE', #1964, #4269, #1438, .T. ) ;
#535 = VERTEX_POINT ( 'NONE', #1069 ) ;
#536 = VECTOR ( 'NONE', #4157, 1000.000000000000000 ) ;
#537 = PLANE ( 'NONE',  #2450 ) ;
#538 = PLANE ( 'NONE',  #4503 ) ;
#539 = PLANE ( 'NONE',  #437 ) ;
#540 = DIRECTION ( 'NONE',  ( 0.0000000000000000000, 0.0000000000000000000, 1.000000000000000000 ) ) ;
#541 = VERTEX_POINT ( 'NONE', #3427 ) ;
#542 = AXIS2_PLACEMENT_3D ( 'NONE', #1728, #745, #1087 ) ;
#543 = FACE_BOUND ( 'NONE', #344, .T. ) ;
#544 = AXIS2_PLACEMENT_3D ( 'NONE', #1565, #204, #2563 ) ;
#545 = VECTOR ( 'NONE', #4093, 1000.000000000000000 ) ;
#546 = PLANE ( 'NONE',  #3295 ) ;
#547 = EDGE_CURVE ( 'NONE', #474, #1485, #3270, .T. ) ;
#548 = DIRECTION ( 'NONE',  ( 1.000000000000000000, 0.0000000000000000000, 0.0000000000000000000 ) ) ;
#549 = AXIS2_PLACEMENT_3D ( 'NONE', #954, #4045, #1235 ) ;
#550 = EDGE_LOOP ( 'NONE', ( #1640, #1646, #3972, #4358 ) ) ;
#551 = VECTOR ( 'NONE', #3266, 1000.000000000000000 ) ;
#552 = EDGE_CURVE ( 'NONE', #2812, #3479, #286, .T. ) ;
#553 = DIRECTION ( 'NONE',  ( -0.0000000000000000000, -0.0000000000000000000, -1.000000000000000000 ) ) ;
#554 = DIRECTION ( 'NONE',  ( 0.7071067811865493500, 0.7071067811865456900, 0.0000000000000000000 ) ) ;
#555 = ORIENTED_EDGE ( 'NONE', *, *, #1211, .T. ) ;
#556 = VECTOR ( 'NONE', #1242, 1000.000000000000000 ) ;
#557 = FILL_AREA_STYLE ('',( #3648 ) ) ;
#558 = CARTESIAN_POINT ( 'NONE',  ( -0.4500000000000001200, -0.3499999999999999200, 0.1000000000000000100 ) ) ;
#559 = ORIENTED_EDGE ( 'NONE', *, *, #4423, .T. ) ;
#560 = ORIENTED_EDGE ( 'NONE', *, *, #222, .T. ) ;
#561 = SURFACE_STYLE_USAGE ( .BOTH. , #2622 ) ;
#562 = ORIENTED_EDGE ( 'NONE', *, *, #4415, .F. ) ;
#563 = DIRECTION ( 'NONE',  ( 0.0000000000000000000, 0.0000000000000000000, 1.000000000000000000 ) ) ;
#564 = FACE_OUTER_BOUND ( 'NONE', #2407, .T. ) ;
#565 = VERTEX_POINT ( 'NONE', #3476 ) ;
#566 = MECHANICAL_DESIGN_GEOMETRIC_PRESENTATION_REPRESENTATION (  '', ( #2052 ), #1047 ) ;
#567 = DIRECTION ( 'NONE',  ( -1.000000000000000000, -0.0000000000000000000, 0.0000000000000000000 ) ) ;
#568 = PLANE ( 'NONE',  #3539 ) ;
#569 = CARTESIAN_POINT ( 'NONE',  ( 0.2000000000000000900, 0.4299999999999999900, 0.0000000000000000000 ) ) ;
#570 = EDGE_LOOP ( 'NONE', ( #3461, #1894, #3918, #171, #820 ) ) ;
#571 = VECTOR ( 'NONE', #2068, 1000.000000000000000 ) ;
#572 = DIRECTION ( 'NONE',  ( 1.000000000000000000, -1.084202172485504700E-016, 0.0000000000000000000 ) ) ;
#573 = VERTEX_POINT ( 'NONE', #301 ) ;
#574 = DIRECTION ( 'NONE',  ( -0.0000000000000000000, 1.000000000000000000, -0.0000000000000000000 ) ) ;
#575 = LINE ( 'NONE', #1662, #1398 ) ;
#576 = VERTEX_POINT ( 'NONE', #4475 ) ;
#577 = CARTESIAN_POINT ( 'NONE',  ( -4.255397017025833700E-015, 0.3394112549695485500, 0.03500000000000000300 ) ) ;
#578 = ADVANCED_FACE ( 'NONE', ( #1260 ), #1722, .F. ) ;
#579 = EDGE_CURVE ( 'NONE', #790, #3665, #3704, .T. ) ;
#580 = CARTESIAN_POINT ( 'NONE',  ( 0.3999999999999999100, 0.04999999999999985700, 0.04999999999999995400 ) ) ;
#581 = VECTOR ( 'NONE', #2107, 1000.000000000000000 ) ;
#582 = FACE_OUTER_BOUND ( 'NONE', #1308, .T. ) ;
#583 = ORIENTED_EDGE ( 'NONE', *, *, #3627, .F. ) ;
#584 =( LENGTH_UNIT ( ) NAMED_UNIT ( * ) SI_UNIT ( .MILLI., .METRE. ) );
#585 = CARTESIAN_POINT ( 'NONE',  ( -0.4999999999999998900, -0.3000000000000001000, 0.1000000000000000500 ) ) ;
#586 = DIRECTION ( 'NONE',  ( 0.0000000000000000000, 0.0000000000000000000, -1.000000000000000000 ) ) ;
#587 = EDGE_CURVE ( 'NONE', #590, #3148, #408, .T. ) ;
#588 = ORIENTED_EDGE ( 'NONE', *, *, #1874, .T. ) ;
#589 = CARTESIAN_POINT ( 'NONE',  ( 0.4999999999999998900, 0.0000000000000000000, 0.0000000000000000000 ) ) ;
#590 = VERTEX_POINT ( 'NONE', #2387 ) ;
#591 = SURFACE_STYLE_USAGE ( .BOTH. , #968 ) ;
#592 = CARTESIAN_POINT ( 'NONE',  ( -0.4000000000000000200, -0.05000000000000007200, 0.05000000000000001700 ) ) ;
#593 = VECTOR ( 'NONE', #330, 1000.000000000000000 ) ;
#594 = CARTESIAN_POINT ( 'NONE',  ( -0.3394112549695521000, 1.081157679374394400E-014, 0.03500000000000000300 ) ) ;
#595 = DIRECTION ( 'NONE',  ( -0.0000000000000000000, -0.0000000000000000000, -1.000000000000000000 ) ) ;
#596 = CARTESIAN_POINT ( 'NONE',  ( 0.3394112549695375000, 4.971786736228057700E-015, 0.03500000000000000300 ) ) ;
#597 = VECTOR ( 'NONE', #2651, 1000.000000000000000 ) ;
#598 =( GEOMETRIC_REPRESENTATION_CONTEXT ( 3 ) GLOBAL_UNCERTAINTY_ASSIGNED_CONTEXT ( ( #105 ) ) GLOBAL_UNIT_ASSIGNED_CONTEXT ( ( #2963, #1247, #1958 ) ) REPRESENTATION_CONTEXT ( 'NONE', 'WORKASPACE' ) );
#599 = ADVANCED_FACE ( 'NONE', ( #485 ), #2772, .T. ) ;
#600 = DIRECTION ( 'NONE',  ( -1.000000000000000000, 0.0000000000000000000, 0.0000000000000000000 ) ) ;
#601 = DIRECTION ( 'NONE',  ( -0.8682431421244590800, 0.4961389383568340900, 0.0000000000000000000 ) ) ;
#602 = EDGE_CURVE ( 'NONE', #3428, #1288, #1067, .T. ) ;
#603 = VERTEX_POINT ( 'NONE', #4129 ) ;
#604 = SURFACE_STYLE_FILL_AREA ( #2492 ) ;
#605 = PLANE ( 'NONE',  #317 ) ;
#606 = CARTESIAN_POINT ( 'NONE',  ( 0.3999999999999999100, 0.3029999999999998800, 0.1000000000000000500 ) ) ;
#607 = ORIENTED_EDGE ( 'NONE', *, *, #4361, .T. ) ;
#608 = EDGE_LOOP ( 'NONE', ( #3670, #3058, #184, #2413 ) ) ;
#609 = FACE_OUTER_BOUND ( 'NONE', #797, .T. ) ;
#610 = EDGE_CURVE ( 'NONE', #1497, #920, #2290, .T. ) ;
#611 = DIRECTION ( 'NONE',  ( -0.8682431421244590800, -0.4961389383568340900, 0.0000000000000000000 ) ) ;
#612 = DIRECTION ( 'NONE',  ( 0.0000000000000000000, -1.000000000000000000, 1.694065894508600700E-016 ) ) ;
#613 = DIRECTION ( 'NONE',  ( 0.0000000000000000000, 1.000000000000000000, 1.355252715606880300E-016 ) ) ;
#614 = VERTEX_POINT ( 'NONE', #4162 ) ;
#615 = CARTESIAN_POINT ( 'NONE',  ( -0.05000000000000422900, 0.3999999999999999100, 0.1000000000000000100 ) ) ;
#616 = ORIENTED_EDGE ( 'NONE', *, *, #2897, .T. ) ;
#617 = LINE ( 'NONE', #3403, #3434 ) ;
#618 = DIRECTION ( 'NONE',  ( 1.000000000000000000, 0.0000000000000000000, 0.0000000000000000000 ) ) ;
#619 = ORIENTED_EDGE ( 'NONE', *, *, #936, .F. ) ;
#620 = VECTOR ( 'NONE', #2999, 1000.000000000000000 ) ;
#621 = EDGE_CURVE ( 'NONE', #770, #4007, #4210, .T. ) ;
#622 = DIRECTION ( 'NONE',  ( -1.000000000000000000, -2.168404344971009400E-016, -0.0000000000000000000 ) ) ;
#623 = VERTEX_POINT ( 'NONE', #4506 ) ;
#624 = CARTESIAN_POINT ( 'NONE',  ( -0.05000000000000422200, 0.4999999999999998900, 0.04999999999999999600 ) ) ;
#625 = ADVANCED_FACE ( 'NONE', ( #3382 ), #1392, .T. ) ;
#626 = DIRECTION ( 'NONE',  ( -0.0000000000000000000, 1.000000000000000000, 1.355252715606880300E-016 ) ) ;
#627 = ORIENTED_EDGE ( 'NONE', *, *, #2369, .F. ) ;
#628 = AXIS2_PLACEMENT_3D ( 'NONE', #3808, #22, #2764 ) ;
#629 = AXIS2_PLACEMENT_3D ( 'NONE', #221, #572, #3741 ) ;
#630 =( NAMED_UNIT ( * ) SI_UNIT ( $, .STERADIAN. ) SOLID_ANGLE_UNIT ( ) );
#631 = LINE ( 'NONE', #1424, #2620 ) ;
#632 = CARTESIAN_POINT ( 'NONE',  ( -0.4000000000000000200, 0.1999999999999999600, 0.09999999999999999200 ) ) ;
#633 = CARTESIAN_POINT ( 'NONE',  ( 0.3999999999999999100, 0.3029999999999998800, 0.05000000000000003700 ) ) ;
#634 = CARTESIAN_POINT ( 'NONE',  ( -0.05000000000000423600, 0.3999999999999999100, 0.04999999999999999600 ) ) ;
#635 = COLOUR_RGB ( '',1.000000000000000000, 1.000000000000000000, 1.000000000000000000 ) ;
#636 = VERTEX_POINT ( 'NONE', #2399 ) ;
#637 = LINE ( 'NONE', #525, #3242 ) ;
#638 = LINE ( 'NONE', #4081, #3292 ) ;
#639 = PLANE ( 'NONE',  #3031 ) ;
#640 = VECTOR ( 'NONE', #110, 1000.000000000000000 ) ;
#641 = EDGE_LOOP ( 'NONE', ( #2250, #4273, #1972, #510 ) ) ;
#642 = VECTOR ( 'NONE', #3839, 1000.000000000000000 ) ;
#643 = UNCERTAINTY_MEASURE_WITH_UNIT (LENGTH_MEASURE( 1.000000000000000100E-005 ), #3127, 'distance_accuracy_value', 'NONE');
#644 = VECTOR ( 'NONE', #1416, 1000.000000000000100 ) ;
#645 = DIRECTION ( 'NONE',  ( 0.0000000000000000000, 0.0000000000000000000, -1.000000000000000000 ) ) ;
#646 = EDGE_CURVE ( 'NONE', #2904, #2126, #964, .T. ) ;
#647 = ORIENTED_EDGE ( 'NONE', *, *, #1470, .T. ) ;
#648 = CARTESIAN_POINT ( 'NONE',  ( -0.4500000000000001200, 0.3499999999999999200, 0.0000000000000000000 ) ) ;
#649 = VECTOR ( 'NONE', #4414, 1000.000000000000000 ) ;
#650 = CARTESIAN_POINT ( 'NONE',  ( -0.2000000000000000900, -0.4299999999999999900, 0.1000000000000000100 ) ) ;
#651 = DIRECTION ( 'NONE',  ( -1.000000000000000000, 0.0000000000000000000, 0.0000000000000000000 ) ) ;
#652 = ORIENTED_EDGE ( 'NONE', *, *, #479, .T. ) ;
#653 = LINE ( 'NONE', #3922, #2907 ) ;
#654 = ADVANCED_FACE ( 'NONE', ( #4151 ), #1011, .F. ) ;
#655 = CARTESIAN_POINT ( 'NONE',  ( 0.4500000000000001200, 0.4999999999999998900, 0.1000000000000000100 ) ) ;
#656 = ORIENTED_EDGE ( 'NONE', *, *, #798, .T. ) ;
#657 = CARTESIAN_POINT ( 'NONE',  ( -0.4000000000000001300, 0.2999999999999999300, 0.04999999999999998200 ) ) ;
#658 = VECTOR ( 'NONE', #3146, 1000.000000000000000 ) ;
#659 = DIRECTION ( 'NONE',  ( -0.0000000000000000000, 1.000000000000000000, -0.0000000000000000000 ) ) ;
#660 = EDGE_LOOP ( 'NONE', ( #2902, #4224, #725, #2716 ) ) ;
#661 = CARTESIAN_POINT ( 'NONE',  ( -0.4500000000000001200, -0.3499999999999999200, 0.0000000000000000000 ) ) ;
#662 = VECTOR ( 'NONE', #4161, 1000.000000000000000 ) ;
#663 = CARTESIAN_POINT ( 'NONE',  ( 0.3999999999999999100, -0.2000000000000001500, 0.09999999999999988100 ) ) ;
#664 = VERTEX_POINT ( 'NONE', #666 ) ;
#665 = LINE ( 'NONE', #2310, #2873 ) ;
#666 = CARTESIAN_POINT ( 'NONE',  ( -0.4000000000000000200, -0.05000000000000007200, 0.05000000000000001700 ) ) ;
#667 = CARTESIAN_POINT ( 'NONE',  ( 0.3999999999999999100, 0.3029999999999998800, 0.1000000000000000500 ) ) ;
#668 = ORIENTED_EDGE ( 'NONE', *, *, #1718, .F. ) ;
#669 = ORIENTED_EDGE ( 'NONE', *, *, #2987, .T. ) ;
#670 = UNCERTAINTY_MEASURE_WITH_UNIT (LENGTH_MEASURE( 1.000000000000000100E-005 ), #475, 'distance_accuracy_value', 'NONE');
#671 = EDGE_CURVE ( 'NONE', #4236, #103, #244, .T. ) ;
#672 = VERTEX_POINT ( 'NONE', #349 ) ;
#673 = DIRECTION ( 'NONE',  ( 0.0000000000000000000, -0.0000000000000000000, -1.000000000000000000 ) ) ;
#674 = ORIENTED_EDGE ( 'NONE', *, *, #1803, .F. ) ;
#675 = FACE_OUTER_BOUND ( 'NONE', #279, .T. ) ;
#676 = ADVANCED_FACE ( 'NONE', ( #3942 ), #1695, .T. ) ;
#677 =( NAMED_UNIT ( * ) PLANE_ANGLE_UNIT ( ) SI_UNIT ( $, .RADIAN. ) );
#678 = EDGE_LOOP ( 'NONE', ( #4140, #2184, #2671, #3314 ) ) ;
#679 = LINE ( 'NONE', #3231, #1877 ) ;
#680 = EDGE_CURVE ( 'NONE', #614, #1552, #2567, .T. ) ;
#681 = ORIENTED_EDGE ( 'NONE', *, *, #777, .F. ) ;
#682 = CARTESIAN_POINT ( 'NONE',  ( 0.4999999999999998900, 0.4999999999999998900, 0.3700000000000000000 ) ) ;
#683 = CARTESIAN_POINT ( 'NONE',  ( 0.0000000000000000000, 0.0000000000000000000, 0.1000000000000000100 ) ) ;
#684 = VERTEX_POINT ( 'NONE', #1820 ) ;
#685 = CARTESIAN_POINT ( 'NONE',  ( -0.2000000000000000900, 0.4299999999999999900, 0.0000000000000000000 ) ) ;
#686 = AXIS2_PLACEMENT_3D ( 'NONE', #1995, #2681, #4409 ) ;
#687 =( NAMED_UNIT ( * ) SI_UNIT ( $, .STERADIAN. ) SOLID_ANGLE_UNIT ( ) );
#688 = ORIENTED_EDGE ( 'NONE', *, *, #2303, .F. ) ;
#689 = CARTESIAN_POINT ( 'NONE',  ( 0.2000000000000000900, -0.4299999999999999900, 0.1000000000000000100 ) ) ;
#690 = CARTESIAN_POINT ( 'NONE',  ( -0.4999999999999998900, -0.5000000000000001100, 0.0000000000000000000 ) ) ;
#691 = AXIS2_PLACEMENT_3D ( 'NONE', #1994, #4064, #4078 ) ;
#692 = ORIENTED_EDGE ( 'NONE', *, *, #4035, .T. ) ;
#693 = LINE ( 'NONE', #2615, #973 ) ;
#694 = LINE ( 'NONE', #1777, #3845 ) ;
#695 = ADVANCED_FACE ( 'NONE', ( #307 ), #2484, .T. ) ;
#696 = DIRECTION ( 'NONE',  ( -0.0000000000000000000, -0.0000000000000000000, 1.000000000000000000 ) ) ;
#697 = ORIENTED_EDGE ( 'NONE', *, *, #79, .T. ) ;
#698 = EDGE_CURVE ( 'NONE', #3332, #350, #631, .T. ) ;
#699 = CARTESIAN_POINT ( 'NONE',  ( 0.4999999999999998900, -0.07000000000000011800, 0.09999999999999990800 ) ) ;
#700 = MECHANICAL_DESIGN_GEOMETRIC_PRESENTATION_REPRESENTATION (  '', ( #1205 ), #1296 ) ;
#701 = LINE ( 'NONE', #4480, #2360 ) ;
#702 = PLANE ( 'NONE',  #3978 ) ;
#703 = ORIENTED_EDGE ( 'NONE', *, *, #2545, .T. ) ;
#704 = DIRECTION ( 'NONE',  ( 1.084202172485504700E-016, 1.000000000000000000, 0.0000000000000000000 ) ) ;
#705 = LINE ( 'NONE', #92, #1849 ) ;
#706 = VECTOR ( 'NONE', #3259, 1000.000000000000000 ) ;
#707 = DIRECTION ( 'NONE',  ( -1.000000000000000000, 4.336808689942017700E-016, -0.0000000000000000000 ) ) ;
#708 = EDGE_CURVE ( 'NONE', #2467, #2644, #3898, .T. ) ;
#709 = FILL_AREA_STYLE ('',( #2802 ) ) ;
#710 = ORIENTED_EDGE ( 'NONE', *, *, #3982, .T. ) ;
#711 = PLANE ( 'NONE',  #374 ) ;
#712 = ORIENTED_EDGE ( 'NONE', *, *, #940, .F. ) ;
#713 = CARTESIAN_POINT ( 'NONE',  ( 0.4500000000000001200, 0.4999999999999998900, 0.0000000000000000000 ) ) ;
#714 = LINE ( 'NONE', #661, #3743 ) ;
#715 = DIRECTION ( 'NONE',  ( 0.0000000000000000000, -1.000000000000000000, -0.0000000000000000000 ) ) ;
#716 = DIRECTION ( 'NONE',  ( -1.084202172485504700E-016, 1.000000000000000000, 0.0000000000000000000 ) ) ;
#717 = FACE_OUTER_BOUND ( 'NONE', #3609, .T. ) ;
#718 = DIRECTION ( 'NONE',  ( 0.0000000000000000000, 0.0000000000000000000, 1.000000000000000000 ) ) ;
#719 =( GEOMETRIC_REPRESENTATION_CONTEXT ( 3 ) GLOBAL_UNCERTAINTY_ASSIGNED_CONTEXT ( ( #2000 ) ) GLOBAL_UNIT_ASSIGNED_CONTEXT ( ( #2210, #3245, #2546 ) ) REPRESENTATION_CONTEXT ( 'NONE', 'WORKASPACE' ) );
#720 = SURFACE_STYLE_USAGE ( .BOTH. , #2787 ) ;
#721 = ADVANCED_FACE ( 'NONE', ( #81 ), #382, .F. ) ;
#722 = ORIENTED_EDGE ( 'NONE', *, *, #1790, .F. ) ;
#723 = VECTOR ( 'NONE', #1857, 1000.000000000000000 ) ;
#724 = CARTESIAN_POINT ( 'NONE',  ( 0.3999999999999999100, 0.04999999999999985700, 0.09999999999999996400 ) ) ;
#725 = ORIENTED_EDGE ( 'NONE', *, *, #2788, .T. ) ;
#726 = CARTESIAN_POINT ( 'NONE',  ( -0.4000000000000000200, -0.05000000000000007200, 0.05000000000000001700 ) ) ;
#727 = EDGE_CURVE ( 'NONE', #360, #4500, #1933, .T. ) ;
#728 = ORIENTED_EDGE ( 'NONE', *, *, #115, .F. ) ;
#729 = DIRECTION ( 'NONE',  ( 0.0000000000000000000, -0.0000000000000000000, 1.000000000000000000 ) ) ;
#730 = ORIENTED_EDGE ( 'NONE', *, *, #1397, .F. ) ;
#731 = DIRECTION ( 'NONE',  ( -1.084202172485504600E-016, -1.000000000000000000, 0.0000000000000000000 ) ) ;
#732 = CARTESIAN_POINT ( 'NONE',  ( -0.05000000000000422900, 0.3999999999999999100, 0.1000000000000000100 ) ) ;
#733 = VECTOR ( 'NONE', #2425, 1000.000000000000000 ) ;
#734 = DIRECTION ( 'NONE',  ( -3.061183205266374600E-032, 2.823443157514334800E-016, -1.000000000000000000 ) ) ;
#735 = EDGE_CURVE ( 'NONE', #3173, #1466, #1985, .T. ) ;
#736 = DIRECTION ( 'NONE',  ( 1.000000000000000000, 0.0000000000000000000, 0.0000000000000000000 ) ) ;
#737 = EDGE_LOOP ( 'NONE', ( #4444, #3751, #2281, #801 ) ) ;
#738 = VECTOR ( 'NONE', #3734, 1000.000000000000000 ) ;
#739 = DIRECTION ( 'NONE',  ( -2.938735877055719900E-032, 1.355252715606880800E-016, 1.000000000000000000 ) ) ;
#740 = ORIENTED_EDGE ( 'NONE', *, *, #4060, .F. ) ;
#741 = MECHANICAL_DESIGN_GEOMETRIC_PRESENTATION_REPRESENTATION (  '', ( #4311 ), #981 ) ;
#742 = PRODUCT_DEFINITION_SHAPE ( 'NONE', 'NONE',  #2152 ) ;
#743 = ORIENTED_EDGE ( 'NONE', *, *, #2225, .T. ) ;
#744 = CARTESIAN_POINT ( 'NONE',  ( 0.0000000000000000000, 0.4999999999999998900, 0.0000000000000000000 ) ) ;
#745 = DIRECTION ( 'NONE',  ( 0.7071067811865493500, 0.7071067811865456900, -0.0000000000000000000 ) ) ;
#746 = LINE ( 'NONE', #3464, #2947 ) ;
#747 = ORIENTED_EDGE ( 'NONE', *, *, #2758, .F. ) ;
#748 = AXIS2_PLACEMENT_3D ( 'NONE', #4175, #788, #3556 ) ;
#749 = CARTESIAN_POINT ( 'NONE',  ( -0.4500000000000001200, 0.4999999999999998900, 0.1000000000000000100 ) ) ;
#750 = VECTOR ( 'NONE', #2865, 1000.000000000000000 ) ;
#751 = VECTOR ( 'NONE', #251, 1000.000000000000000 ) ;
#752 = FACE_OUTER_BOUND ( 'NONE', #2664, .T. ) ;
#753 = ORIENTED_EDGE ( 'NONE', *, *, #2235, .T. ) ;
#754 = DIRECTION ( 'NONE',  ( 1.000000000000000000, 0.0000000000000000000, 0.0000000000000000000 ) ) ;
#755 = FACE_OUTER_BOUND ( 'NONE', #570, .T. ) ;
#756 = AXIS2_PLACEMENT_3D ( 'NONE', #1268, #960, #2339 ) ;
#757 = VECTOR ( 'NONE', #1947, 1000.000000000000000 ) ;
#758 = DIRECTION ( 'NONE',  ( 0.0000000000000000000, 1.000000000000000000, 2.710505431213761600E-016 ) ) ;
#759 = ORIENTED_EDGE ( 'NONE', *, *, #3713, .T. ) ;
#760 = VECTOR ( 'NONE', #948, 1000.000000000000000 ) ;
#761 = EDGE_CURVE ( 'NONE', #504, #4243, #3613, .T. ) ;
#762 = EDGE_LOOP ( 'NONE', ( #4086, #2665, #4254, #4214, #1161 ) ) ;
#763 = CARTESIAN_POINT ( 'NONE',  ( -0.5000000000000001100, 0.2999999999999999300, 0.04999999999999998200 ) ) ;
#764 = FILL_AREA_STYLE ('',( #4513 ) ) ;
#765 =( GEOMETRIC_REPRESENTATION_CONTEXT ( 3 ) GLOBAL_UNCERTAINTY_ASSIGNED_CONTEXT ( ( #4448 ) ) GLOBAL_UNIT_ASSIGNED_CONTEXT ( ( #3820, #3164, #1097 ) ) REPRESENTATION_CONTEXT ( 'NONE', 'WORKASPACE' ) );
#766 = CARTESIAN_POINT ( 'NONE',  ( 0.4500000000000001200, -0.5000000000000001100, 0.09999999999999999200 ) ) ;
#767 = VECTOR ( 'NONE', #2549, 1000.000000000000000 ) ;
#768 = CARTESIAN_POINT ( 'NONE',  ( -0.3999999999999999100, -0.3000000000000001000, 0.05000000000000005100 ) ) ;
#769 = DIRECTION ( 'NONE',  ( 1.000000000000000000, 0.0000000000000000000, 0.0000000000000000000 ) ) ;
#770 = VERTEX_POINT ( 'NONE', #414 ) ;
#771 = DIRECTION ( 'NONE',  ( 1.084202172485504600E-015, -1.000000000000000000, 1.355252715606880800E-016 ) ) ;
#772 = EDGE_CURVE ( 'NONE', #1153, #1964, #3280, .T. ) ;
#773 = LINE ( 'NONE', #1048, #2489 ) ;
#774 = SURFACE_SIDE_STYLE ('',( #3861 ) ) ;
#775 = CARTESIAN_POINT ( 'NONE',  ( -0.4000000000000000200, -0.2000000000000000700, 0.1000000000000000500 ) ) ;
#776 =( NAMED_UNIT ( * ) PLANE_ANGLE_UNIT ( ) SI_UNIT ( $, .RADIAN. ) );
#777 = EDGE_CURVE ( 'NONE', #3727, #1755, #3888, .T. ) ;
#778 = ORIENTED_EDGE ( 'NONE', *, *, #2203, .T. ) ;
#779 = VECTOR ( 'NONE', #4363, 1000.000000000000000 ) ;
#780 = DIRECTION ( 'NONE',  ( 0.0000000000000000000, 0.0000000000000000000, -1.000000000000000000 ) ) ;
#781 = CARTESIAN_POINT ( 'NONE',  ( -0.4000000000000001300, 0.2999999999999999300, 0.09999999999999997800 ) ) ;
#782 = VERTEX_POINT ( 'NONE', #1410 ) ;
#783 = CARTESIAN_POINT ( 'NONE',  ( 0.3999999999999999100, 0.04999999999999985700, 0.09999999999999996400 ) ) ;
#784 = CLOSED_SHELL ( 'NONE', ( #599, #3965, #3971, #2589, #28, #3081 ) ) ;
#785 = LINE ( 'NONE', #1973, #2444 ) ;
#786 = MECHANICAL_DESIGN_GEOMETRIC_PRESENTATION_REPRESENTATION (  '', ( #468 ), #868 ) ;
#787 = DIRECTION ( 'NONE',  ( 2.168404344971008900E-016, -1.000000000000000000, 0.0000000000000000000 ) ) ;
#788 = DIRECTION ( 'NONE',  ( 0.0000000000000000000, -1.000000000000000000, 0.0000000000000000000 ) ) ;
#789 = VERTEX_POINT ( 'NONE', #2099 ) ;
#790 = VERTEX_POINT ( 'NONE', #775 ) ;
#791 = VECTOR ( 'NONE', #1149, 1000.000000000000000 ) ;
#792 = DIRECTION ( 'NONE',  ( -1.000000000000000000, 0.0000000000000000000, 0.0000000000000000000 ) ) ;
#793 = ORIENTED_EDGE ( 'NONE', *, *, #2123, .T. ) ;
#794 = LINE ( 'NONE', #4171, #3824 ) ;
#795 =( LENGTH_UNIT ( ) NAMED_UNIT ( * ) SI_UNIT ( .MILLI., .METRE. ) );
#796 = CARTESIAN_POINT ( 'NONE',  ( -0.4000000000000000200, -0.05000000000000007200, 0.1000000000000000200 ) ) ;
#797 = EDGE_LOOP ( 'NONE', ( #1036, #3928, #3254, #4355 ) ) ;
#798 = EDGE_CURVE ( 'NONE', #3747, #2092, #3435, .T. ) ;
#799 = CLOSED_SHELL ( 'NONE', ( #4033, #2078, #676, #4075, #1963, #2925 ) ) ;
#800 = DIRECTION ( 'NONE',  ( 0.0000000000000000000, 1.000000000000000000, 0.0000000000000000000 ) ) ;
#801 = ORIENTED_EDGE ( 'NONE', *, *, #2303, .T. ) ;
#802 = LINE ( 'NONE', #527, #2252 ) ;
#803 = ORIENTED_EDGE ( 'NONE', *, *, #3182, .F. ) ;
#804 = DIRECTION ( 'NONE',  ( 4.336808689942017700E-016, -1.000000000000000000, 0.0000000000000000000 ) ) ;
#805 = CARTESIAN_POINT ( 'NONE',  ( -0.4500000000000001200, 0.4999999999999998900, 0.1000000000000000100 ) ) ;
#806 = COLOUR_RGB ( '',1.000000000000000000, 1.000000000000000000, 1.000000000000000000 ) ;
#807 = SURFACE_STYLE_USAGE ( .BOTH. , #4263 ) ;
#808 = ORIENTED_EDGE ( 'NONE', *, *, #1753, .F. ) ;
#809 = DIRECTION ( 'NONE',  ( 4.897893128426199400E-032, -4.517509052022935500E-016, 1.000000000000000000 ) ) ;
#810 = UNCERTAINTY_MEASURE_WITH_UNIT (LENGTH_MEASURE( 1.000000000000000100E-005 ), #2680, 'distance_accuracy_value', 'NONE');
#811 = CARTESIAN_POINT ( 'NONE',  ( -4.255397017025833700E-015, 0.3394112549695485500, 0.0000000000000000000 ) ) ;
#812 = STYLED_ITEM ( 'NONE', ( #4345 ), #2427 ) ;
#813 = FACE_OUTER_BOUND ( 'NONE', #906, .T. ) ;
#814 = VERTEX_POINT ( 'NONE', #2114 ) ;
#815 = PRODUCT_CONTEXT ( 'NONE', #3225, 'mechanical' ) ;
#816 = VECTOR ( 'NONE', #4521, 1000.000000000000000 ) ;
#817 = EDGE_CURVE ( 'NONE', #1992, #2035, #4088, .T. ) ;
#818 = CARTESIAN_POINT ( 'NONE',  ( -0.4000000000000001300, 0.2999999999999999300, 0.04999999999999998200 ) ) ;
#819 = DIRECTION ( 'NONE',  ( 0.0000000000000000000, 1.000000000000000000, 0.0000000000000000000 ) ) ;
#820 = ORIENTED_EDGE ( 'NONE', *, *, #3112, .F. ) ;
#821 = CARTESIAN_POINT ( 'NONE',  ( -0.4500000000000001200, -0.3499999999999999200, 0.1000000000000000100 ) ) ;
#822 = FACE_OUTER_BOUND ( 'NONE', #1169, .T. ) ;
#823 = DIRECTION ( 'NONE',  ( 1.000000000000000000, 0.0000000000000000000, 0.0000000000000000000 ) ) ;
#824 = EDGE_CURVE ( 'NONE', #535, #1554, #4207, .T. ) ;
#825 = LINE ( 'NONE', #1208, #1423 ) ;
#826 = ORIENTED_EDGE ( 'NONE', *, *, #1809, .T. ) ;
#827 = LINE ( 'NONE', #805, #3263 ) ;
#828 = ADVANCED_FACE ( 'NONE', ( #356 ), #3522, .T. ) ;
#829 = ORIENTED_EDGE ( 'NONE', *, *, #3975, .F. ) ;
#830 =( NAMED_UNIT ( * ) PLANE_ANGLE_UNIT ( ) SI_UNIT ( $, .RADIAN. ) );
#831 = CARTESIAN_POINT ( 'NONE',  ( -0.4000000000000000200, 0.06999999999999992300, 0.04999999999999999600 ) ) ;
#832 = ORIENTED_EDGE ( 'NONE', *, *, #4270, .T. ) ;
#833 = VECTOR ( 'NONE', #1216, 1000.000000000000000 ) ;
#834 = CARTESIAN_POINT ( 'NONE',  ( 0.3999999999999999100, -0.2000000000000001500, 0.09999999999999988100 ) ) ;
#835 = ORIENTED_EDGE ( 'NONE', *, *, #936, .T. ) ;
#836 = LINE ( 'NONE', #1018, #4418 ) ;
#837 = MECHANICAL_DESIGN_GEOMETRIC_PRESENTATION_REPRESENTATION (  '', ( #2911 ), #1535 ) ;
#838 =( NAMED_UNIT ( * ) PLANE_ANGLE_UNIT ( ) SI_UNIT ( $, .RADIAN. ) );
#839 = LINE ( 'NONE', #4188, #2973 ) ;
#840 = LINE ( 'NONE', #945, #3938 ) ;
#841 = ORIENTED_EDGE ( 'NONE', *, *, #454, .T. ) ;
#842 = LINE ( 'NONE', #2656, #620 ) ;
#843 = EDGE_CURVE ( 'NONE', #4462, #1267, #3660, .T. ) ;
#844 = VERTEX_POINT ( 'NONE', #1786 ) ;
#845 = DIRECTION ( 'NONE',  ( -0.0000000000000000000, -0.0000000000000000000, -1.000000000000000000 ) ) ;
#846 = CARTESIAN_POINT ( 'NONE',  ( 0.4999999999999998900, 0.04999999999999987100, 0.09999999999999996400 ) ) ;
#847 = CARTESIAN_POINT ( 'NONE',  ( 0.4500000000000001200, -0.4999999999999998900, 0.0000000000000000000 ) ) ;
#848 = ORIENTED_EDGE ( 'NONE', *, *, #1236, .F. ) ;
#849 = EDGE_CURVE ( 'NONE', #2805, #1827, #1414, .T. ) ;
#850 = CARTESIAN_POINT ( 'NONE',  ( 0.0000000000000000000, 0.0000000000000000000, 0.3700000000000000000 ) ) ;
#851 = ADVANCED_FACE ( 'NONE', ( #4118, #543, #2532, #2169 ), #711, .F. ) ;
#852 = DIRECTION ( 'NONE',  ( 0.0000000000000000000, 0.0000000000000000000, 1.000000000000000000 ) ) ;
#853 = EDGE_LOOP ( 'NONE', ( #411, #893, #387, #2236 ) ) ;
#854 = LINE ( 'NONE', #4332, #3391 ) ;
#855 = VECTOR ( 'NONE', #2312, 1000.000000000000000 ) ;
#856 = CARTESIAN_POINT ( 'NONE',  ( 0.4500000000000001200, 0.3499999999999999200, 0.0000000000000000000 ) ) ;
#857 = EDGE_LOOP ( 'NONE', ( #1931, #176, #885, #106 ) ) ;
#858 = EDGE_CURVE ( 'NONE', #3715, #3673, #2321, .T. ) ;
#859 = VECTOR ( 'NONE', #1447, 1000.000000000000000 ) ;
#860 = CARTESIAN_POINT ( 'NONE',  ( -0.4000000000000000200, 0.06999999999999992300, 0.1000000000000000200 ) ) ;
#861 = LINE ( 'NONE', #2394, #644 ) ;
#862 = ORIENTED_EDGE ( 'NONE', *, *, #2987, .F. ) ;
#863 =( NAMED_UNIT ( * ) PLANE_ANGLE_UNIT ( ) SI_UNIT ( $, .RADIAN. ) );
#864 = DIRECTION ( 'NONE',  ( 1.000000000000000000, 0.0000000000000000000, 0.0000000000000000000 ) ) ;
#865 = CARTESIAN_POINT ( 'NONE',  ( 0.3999999999999999100, -1.084202172485504600E-017, 0.0000000000000000000 ) ) ;
#866 = UNCERTAINTY_MEASURE_WITH_UNIT (LENGTH_MEASURE( 1.000000000000000100E-005 ), #275, 'distance_accuracy_value', 'NONE');
#867 = CARTESIAN_POINT ( 'NONE',  ( 0.3999999999999999100, 0.2029999999999998700, 0.05000000000000002400 ) ) ;
#868 =( GEOMETRIC_REPRESENTATION_CONTEXT ( 3 ) GLOBAL_UNCERTAINTY_ASSIGNED_CONTEXT ( ( #2194 ) ) GLOBAL_UNIT_ASSIGNED_CONTEXT ( ( #1776, #1430, #2121 ) ) REPRESENTATION_CONTEXT ( 'NONE', 'WORKASPACE' ) );
#869 = AXIS2_PLACEMENT_3D ( 'NONE', #21, #715, #2437 ) ;
#870 = FILL_AREA_STYLE_COLOUR ( '', #3429 ) ;
#871 = ORIENTED_EDGE ( 'NONE', *, *, #1951, .T. ) ;
#872 =( LENGTH_UNIT ( ) NAMED_UNIT ( * ) SI_UNIT ( .MILLI., .METRE. ) );
#873 = LINE ( 'NONE', #3877, #4515 ) ;
#874 = EDGE_CURVE ( 'NONE', #3506, #1866, #2170, .T. ) ;
#875 = VERTEX_POINT ( 'NONE', #766 ) ;
#876 = AXIS2_PLACEMENT_3D ( 'NONE', #577, #4419, #4390 ) ;
#877 = LINE ( 'NONE', #3389, #4457 ) ;
#878 = ORIENTED_EDGE ( 'NONE', *, *, #1017, .F. ) ;
#879 = EDGE_CURVE ( 'NONE', #3673, #3362, #2412, .T. ) ;
#880 = CARTESIAN_POINT ( 'NONE',  ( -0.4000000000000000200, -0.05000000000000007200, 0.1000000000000000200 ) ) ;
#881 = CARTESIAN_POINT ( 'NONE',  ( -0.2000000000000000900, 0.4299999999999999900, 0.1000000000000000100 ) ) ;
#882 = DIRECTION ( 'NONE',  ( 1.000000000000000000, 1.084202172485504700E-016, 0.0000000000000000000 ) ) ;
#883 =( LENGTH_UNIT ( ) NAMED_UNIT ( * ) SI_UNIT ( .MILLI., .METRE. ) );
#884 = ADVANCED_FACE ( 'NONE', ( #2953 ), #1587, .F. ) ;
#885 = ORIENTED_EDGE ( 'NONE', *, *, #4296, .F. ) ;
#886 = LINE ( 'NONE', #831, #4467 ) ;
#887 = DIRECTION ( 'NONE',  ( -0.0000000000000000000, -0.0000000000000000000, -1.000000000000000000 ) ) ;
#888 = AXIS2_PLACEMENT_3D ( 'NONE', #2337, #4501, #1355 ) ;
#889 = ORIENTED_EDGE ( 'NONE', *, *, #1965, .F. ) ;
#890 = VERTEX_POINT ( 'NONE', #3530 ) ;
#891 = ORIENTED_EDGE ( 'NONE', *, *, #2915, .T. ) ;
#892 = UNCERTAINTY_MEASURE_WITH_UNIT (LENGTH_MEASURE( 1.000000000000000100E-005 ), #872, 'distance_accuracy_value', 'NONE');
#893 = ORIENTED_EDGE ( 'NONE', *, *, #2455, .F. ) ;
#894 = VECTOR ( 'NONE', #901, 1000.000000000000000 ) ;
#895 = AXIS2_PLACEMENT_3D ( 'NONE', #2408, #2811, #704 ) ;
#896 = CARTESIAN_POINT ( 'NONE',  ( 0.3999999999999999100, -0.07000000000000013200, 0.09999999999999990800 ) ) ;
#897 = CARTESIAN_POINT ( 'NONE',  ( 0.2000000000000000900, -0.5000000000000000000, 0.1000000000000000100 ) ) ;
#898 = DIRECTION ( 'NONE',  ( -0.8682431421244590800, -0.4961389383568340900, 0.0000000000000000000 ) ) ;
#899 = EDGE_LOOP ( 'NONE', ( #3011, #3826, #871, #1070 ) ) ;
#900 = LINE ( 'NONE', #749, #2080 ) ;
#901 = DIRECTION ( 'NONE',  ( -0.0000000000000000000, -0.0000000000000000000, 1.000000000000000000 ) ) ;
#902 = ORIENTED_EDGE ( 'NONE', *, *, #479, .F. ) ;
#903 = AXIS2_PLACEMENT_3D ( 'NONE', #1691, #2715, #3783 ) ;
#904 =( LENGTH_UNIT ( ) NAMED_UNIT ( * ) SI_UNIT ( .MILLI., .METRE. ) );
#905 = PLANE ( 'NONE',  #1389 ) ;
#906 = EDGE_LOOP ( 'NONE', ( #4298, #1804, #91, #1261 ) ) ;
#907 = LINE ( 'NONE', #3997, #2930 ) ;
#908 = EDGE_CURVE ( 'NONE', #1019, #4381, #1612, .T. ) ;
#909 = LINE ( 'NONE', #1380, #426 ) ;
#910 = ORIENTED_EDGE ( 'NONE', *, *, #2361, .T. ) ;
#911 = CARTESIAN_POINT ( 'NONE',  ( 0.3999999999999999100, -0.3000000000000001600, 0.04999999999999985000 ) ) ;
#912 = LINE ( 'NONE', #211, #1464 ) ;
#913 = VECTOR ( 'NONE', #1898, 1000.000000000000000 ) ;
#914 = EDGE_CURVE ( 'NONE', #3524, #3999, #3630, .T. ) ;
#915 = ORIENTED_EDGE ( 'NONE', *, *, #3544, .F. ) ;
#916 =( NAMED_UNIT ( * ) PLANE_ANGLE_UNIT ( ) SI_UNIT ( $, .RADIAN. ) );
#917 = LINE ( 'NONE', #896, #1723 ) ;
#918 = FACE_OUTER_BOUND ( 'NONE', #4144, .T. ) ;
#919 = PLANE ( 'NONE',  #3003 ) ;
#920 = VERTEX_POINT ( 'NONE', #1572 ) ;
#921 = DIRECTION ( 'NONE',  ( -0.0000000000000000000, 0.0000000000000000000, -1.000000000000000000 ) ) ;
#922 =( GEOMETRIC_REPRESENTATION_CONTEXT ( 3 ) GLOBAL_UNCERTAINTY_ASSIGNED_CONTEXT ( ( #3531 ) ) GLOBAL_UNIT_ASSIGNED_CONTEXT ( ( #2500, #1516, #1868 ) ) REPRESENTATION_CONTEXT ( 'NONE', 'WORKASPACE' ) );
#923 = DIRECTION ( 'NONE',  ( -1.000000000000000000, 0.0000000000000000000, -5.646886315028669300E-017 ) ) ;
#924 = ORIENTED_EDGE ( 'NONE', *, *, #4152, .T. ) ;
#925 = PLANE ( 'NONE',  #32 ) ;
#926 = LINE ( 'NONE', #1846, #4114 ) ;
#927 = CARTESIAN_POINT ( 'NONE',  ( 0.4500000000000001200, 0.4999999999999998900, 0.1000000000000000100 ) ) ;
#928 = CARTESIAN_POINT ( 'NONE',  ( 0.3999999999999999100, 0.3029999999999998800, 0.05000000000000003700 ) ) ;
#929 = DIRECTION ( 'NONE',  ( 1.084202172485504700E-016, 1.000000000000000000, 0.0000000000000000000 ) ) ;
#930 = CLOSED_SHELL ( 'NONE', ( #4147, #1249, #3716, #1378, #3463, #1673, #1426 ) ) ;
#931 = COLOUR_RGB ( '',1.000000000000000000, 1.000000000000000000, 1.000000000000000000 ) ;
#932 = FILL_AREA_STYLE_COLOUR ( '', #4083 ) ;
#933 = ADVANCED_FACE ( 'NONE', ( #1710 ), #3283, .T. ) ;
#934 = ORIENTED_EDGE ( 'NONE', *, *, #3078, .T. ) ;
#935 = CARTESIAN_POINT ( 'NONE',  ( 0.05941125496953094500, -0.2800000000000000300, 0.03500000000000000300 ) ) ;
#936 = EDGE_CURVE ( 'NONE', #2275, #285, #4163, .T. ) ;
#937 = VERTEX_POINT ( 'NONE', #928 ) ;
#938 = PLANE ( 'NONE',  #1796 ) ;
#939 = CARTESIAN_POINT ( 'NONE',  ( -0.4500000000000001200, -0.3499999999999999200, 0.0000000000000000000 ) ) ;
#940 = EDGE_CURVE ( 'NONE', #1554, #590, #1499, .T. ) ;
#941 = DIRECTION ( 'NONE',  ( 1.084202172485504700E-016, 1.000000000000000000, 0.0000000000000000000 ) ) ;
#942 = ORIENTED_EDGE ( 'NONE', *, *, #727, .T. ) ;
#943 = LINE ( 'NONE', #2793, #3642 ) ;
#944 = DIRECTION ( 'NONE',  ( -0.8682431421244590800, -0.4961389383568340900, 0.0000000000000000000 ) ) ;
#945 = CARTESIAN_POINT ( 'NONE',  ( -0.2000000000000000900, 0.5000000000000000000, 0.1000000000000000100 ) ) ;
#946 = EDGE_LOOP ( 'NONE', ( #2186, #172, #2302, #1957 ) ) ;
#947 = ORIENTED_EDGE ( 'NONE', *, *, #2635, .F. ) ;
#948 = DIRECTION ( 'NONE',  ( 1.000000000000000000, 1.084202172485504700E-016, 0.0000000000000000000 ) ) ;
#949 = VECTOR ( 'NONE', #2789, 1000.000000000000000 ) ;
#950 = VERTEX_POINT ( 'NONE', #152 ) ;
#951 = UNCERTAINTY_MEASURE_WITH_UNIT (LENGTH_MEASURE( 1.000000000000000100E-005 ), #3488, 'distance_accuracy_value', 'NONE');
#952 = CARTESIAN_POINT ( 'NONE',  ( 0.4500000000000001200, 0.4999999999999998900, 0.1000000000000000100 ) ) ;
#953 = LINE ( 'NONE', #1164, #2510 ) ;
#954 = CARTESIAN_POINT ( 'NONE',  ( 0.0000000000000000000, 0.0000000000000000000, 0.0000000000000000000 ) ) ;
#955 = ADVANCED_FACE ( 'NONE', ( #582 ), #3693, .T. ) ;
#956 = LINE ( 'NONE', #2700, #15 ) ;
#957 = DIRECTION ( 'NONE',  ( 0.0000000000000000000, 0.0000000000000000000, -1.000000000000000000 ) ) ;
#958 = VERTEX_POINT ( 'NONE', #3298 ) ;
#959 = VECTOR ( 'NONE', #944, 1000.000000000000100 ) ;
#960 = DIRECTION ( 'NONE',  ( 0.7071067811865455700, -0.7071067811865495700, 0.0000000000000000000 ) ) ;
#961 = CARTESIAN_POINT ( 'NONE',  ( 0.3999999999999999100, -0.07000000000000013200, 0.04999999999999992000 ) ) ;
#962 = DIRECTION ( 'NONE',  ( 1.000000000000000000, 0.0000000000000000000, 0.0000000000000000000 ) ) ;
#963 = ORIENTED_EDGE ( 'NONE', *, *, #2730, .T. ) ;
#964 = LINE ( 'NONE', #3802, #1075 ) ;
#965 = CARTESIAN_POINT ( 'NONE',  ( -0.3999999999999999100, -0.3000000000000001000, 0.05000000000000005100 ) ) ;
#966 = EDGE_CURVE ( 'NONE', #1650, #3708, #907, .T. ) ;
#967 = ORIENTED_EDGE ( 'NONE', *, *, #2736, .T. ) ;
#968 = SURFACE_SIDE_STYLE ('',( #3424 ) ) ;
#969 = PRESENTATION_STYLE_ASSIGNMENT (( #253 ) ) ;
#970 = ORIENTED_EDGE ( 'NONE', *, *, #1684, .F. ) ;
#971 = DIRECTION ( 'NONE',  ( -0.0000000000000000000, -0.0000000000000000000, -1.000000000000000000 ) ) ;
#972 = EDGE_CURVE ( 'NONE', #2768, #4203, #3854, .T. ) ;
#973 = VECTOR ( 'NONE', #1238, 1000.000000000000000 ) ;
#974 = FACE_OUTER_BOUND ( 'NONE', #3597, .T. ) ;
#975 = VERTEX_POINT ( 'NONE', #1223 ) ;
#976 = CARTESIAN_POINT ( 'NONE',  ( -0.2000000000000000900, 0.4299999999999999900, 0.1000000000000000100 ) ) ;
#977 = CARTESIAN_POINT ( 'NONE',  ( 0.3999999999999999100, -1.084202172485504600E-017, 0.0000000000000000000 ) ) ;
#978 =( NAMED_UNIT ( * ) SI_UNIT ( $, .STERADIAN. ) SOLID_ANGLE_UNIT ( ) );
#979 = DIRECTION ( 'NONE',  ( 0.0000000000000000000, 0.0000000000000000000, -1.000000000000000000 ) ) ;
#980 = LINE ( 'NONE', #52, #196 ) ;
#981 =( GEOMETRIC_REPRESENTATION_CONTEXT ( 3 ) GLOBAL_UNCERTAINTY_ASSIGNED_CONTEXT ( ( #4421 ) ) GLOBAL_UNIT_ASSIGNED_CONTEXT ( ( #1005, #677, #3797 ) ) REPRESENTATION_CONTEXT ( 'NONE', 'WORKASPACE' ) );
#982 = ADVANCED_FACE ( 'NONE', ( #4284 ), #1938, .F. ) ;
#983 = CARTESIAN_POINT ( 'NONE',  ( 0.4500000000000001200, -0.3499999999999999200, 0.0000000000000000000 ) ) ;
#984 = VECTOR ( 'NONE', #3466, 1000.000000000000000 ) ;
#985 = ORIENTED_EDGE ( 'NONE', *, *, #2722, .T. ) ;
#986 = CARTESIAN_POINT ( 'NONE',  ( 0.2000000000000000900, 0.4299999999999999900, 0.0000000000000000000 ) ) ;
#987 = LINE ( 'NONE', #2212, #3801 ) ;
#988 =( GEOMETRIC_REPRESENTATION_CONTEXT ( 3 ) GLOBAL_UNCERTAINTY_ASSIGNED_CONTEXT ( ( #643 ) ) GLOBAL_UNIT_ASSIGNED_CONTEXT ( ( #3127, #3491, #3829 ) ) REPRESENTATION_CONTEXT ( 'NONE', 'WORKASPACE' ) );
#989 = DIRECTION ( 'NONE',  ( -0.0000000000000000000, -0.0000000000000000000, -1.000000000000000000 ) ) ;
#990 = DIRECTION ( 'NONE',  ( -0.7071067811865495700, -0.7071067811865455700, 0.0000000000000000000 ) ) ;
#991 = ORIENTED_EDGE ( 'NONE', *, *, #3990, .T. ) ;
#992 = VECTOR ( 'NONE', #563, 1000.000000000000000 ) ;
#993 =( NAMED_UNIT ( * ) PLANE_ANGLE_UNIT ( ) SI_UNIT ( $, .RADIAN. ) );
#994 = DIRECTION ( 'NONE',  ( 1.000000000000000000, 4.336808689942017700E-016, 0.0000000000000000000 ) ) ;
#995 = CARTESIAN_POINT ( 'NONE',  ( -0.2000000000000000900, -0.5000000000000000000, 0.0000000000000000000 ) ) ;
#996 = VECTOR ( 'NONE', #2398, 1000.000000000000000 ) ;
#997 = EDGE_CURVE ( 'NONE', #2569, #3545, #4146, .T. ) ;
#998 = ORIENTED_EDGE ( 'NONE', *, *, #646, .F. ) ;
#999 = PRESENTATION_STYLE_ASSIGNMENT (( #109 ) ) ;
#1000 = DIRECTION ( 'NONE',  ( 1.000000000000000000, 0.0000000000000000000, 0.0000000000000000000 ) ) ;
#1001 = DIRECTION ( 'NONE',  ( -1.000000000000000000, 0.0000000000000000000, 0.0000000000000000000 ) ) ;
#1002 = ADVANCED_FACE ( 'NONE', ( #2939 ), #1979, .T. ) ;
#1003 = ORIENTED_EDGE ( 'NONE', *, *, #3889, .F. ) ;
#1004 = EDGE_LOOP ( 'NONE', ( #4507, #3318, #889, #3782 ) ) ;
#1005 =( LENGTH_UNIT ( ) NAMED_UNIT ( * ) SI_UNIT ( .MILLI., .METRE. ) );
#1006 = FACE_OUTER_BOUND ( 'NONE', #3953, .T. ) ;
#1007 = EDGE_CURVE ( 'NONE', #1827, #4479, #1320, .T. ) ;
#1008 = DIRECTION ( 'NONE',  ( -0.0000000000000000000, -0.0000000000000000000, 1.000000000000000000 ) ) ;
#1009 = CARTESIAN_POINT ( 'NONE',  ( -0.2000000000000000900, -0.4299999999999999900, 0.0000000000000000000 ) ) ;
#1010 = VERTEX_POINT ( 'NONE', #250 ) ;
#1011 = PLANE ( 'NONE',  #1146 ) ;
#1012 = ORIENTED_EDGE ( 'NONE', *, *, #2254, .F. ) ;
#1013 = CARTESIAN_POINT ( 'NONE',  ( -0.3999999999999998000, -5.204170427930420300E-016, 0.0000000000000000000 ) ) ;
#1014 = ORIENTED_EDGE ( 'NONE', *, *, #3657, .T. ) ;
#1015 = CARTESIAN_POINT ( 'NONE',  ( 0.3999999999999999100, -0.2000000000000001500, 0.04999999999999987800 ) ) ;
#1016 = VECTOR ( 'NONE', #4202, 1000.000000000000100 ) ;
#1017 = EDGE_CURVE ( 'NONE', #4429, #1497, #1766, .T. ) ;
#1018 = CARTESIAN_POINT ( 'NONE',  ( -0.4000000000000000200, 0.06999999999999992300, 0.04999999999999999600 ) ) ;
#1019 = VERTEX_POINT ( 'NONE', #1009 ) ;
#1020 = PLANE ( 'NONE',  #888 ) ;
#1021 = ORIENTED_EDGE ( 'NONE', *, *, #2816, .F. ) ;
#1022 = DIRECTION ( 'NONE',  ( 0.0000000000000000000, 0.0000000000000000000, 1.000000000000000000 ) ) ;
#1023 = CARTESIAN_POINT ( 'NONE',  ( -0.5000000000000000000, -0.2000000000000000900, 0.05000000000000003700 ) ) ;
#1024 = EDGE_LOOP ( 'NONE', ( #2993, #743, #3939, #2332 ) ) ;
#1025 = ADVANCED_FACE ( 'NONE', ( #2786 ), #1324, .F. ) ;
#1026 = DIRECTION ( 'NONE',  ( 0.7071067811865456900, -0.7071067811865493500, -0.0000000000000000000 ) ) ;
#1027 = LINE ( 'NONE', #3349, #4330 ) ;
#1028 =( NAMED_UNIT ( * ) PLANE_ANGLE_UNIT ( ) SI_UNIT ( $, .RADIAN. ) );
#1029 = LINE ( 'NONE', #2357, #1168 ) ;
#1030 = CARTESIAN_POINT ( 'NONE',  ( -0.4000000000000000200, -0.2000000000000000700, 0.05000000000000003700 ) ) ;
#1031 = ORIENTED_EDGE ( 'NONE', *, *, #1839, .F. ) ;
#1032 = FILL_AREA_STYLE_COLOUR ( '', #3827 ) ;
#1033 = LINE ( 'NONE', #2978, #1835 ) ;
#1034 = DIRECTION ( 'NONE',  ( 1.000000000000000000, 1.084202172485504700E-016, 0.0000000000000000000 ) ) ;
#1035 = EDGE_CURVE ( 'NONE', #3104, #3337, #3986, .T. ) ;
#1036 = ORIENTED_EDGE ( 'NONE', *, *, #2564, .T. ) ;
#1037 = DIRECTION ( 'NONE',  ( -0.0000000000000000000, 0.0000000000000000000, -1.000000000000000000 ) ) ;
#1038 =( NAMED_UNIT ( * ) SI_UNIT ( $, .STERADIAN. ) SOLID_ANGLE_UNIT ( ) );
#1039 = CARTESIAN_POINT ( 'NONE',  ( 0.4999999999999998900, -0.2000000000000001500, 0.04999999999999987800 ) ) ;
#1040 = VECTOR ( 'NONE', #2446, 1000.000000000000000 ) ;
#1041 = DIRECTION ( 'NONE',  ( 0.0000000000000000000, 1.000000000000000000, 0.0000000000000000000 ) ) ;
#1042 = ORIENTED_EDGE ( 'NONE', *, *, #2564, .F. ) ;
#1043 = FACE_OUTER_BOUND ( 'NONE', #857, .T. ) ;
#1044 = CARTESIAN_POINT ( 'NONE',  ( -0.2000000000000000900, -0.4299999999999999900, 0.1000000000000000100 ) ) ;
#1045 = DIRECTION ( 'NONE',  ( 0.0000000000000000000, 0.0000000000000000000, -1.000000000000000000 ) ) ;
#1046 = EDGE_LOOP ( 'NONE', ( #740, #3771, #2529, #3628 ) ) ;
#1047 =( GEOMETRIC_REPRESENTATION_CONTEXT ( 3 ) GLOBAL_UNCERTAINTY_ASSIGNED_CONTEXT ( ( #4137 ) ) GLOBAL_UNIT_ASSIGNED_CONTEXT ( ( #1619, #916, #4039 ) ) REPRESENTATION_CONTEXT ( 'NONE', 'WORKASPACE' ) );
#1048 = CARTESIAN_POINT ( 'NONE',  ( -0.2000000000000000900, 0.4299999999999999900, 0.1000000000000000100 ) ) ;
#1049 = ADVANCED_FACE ( 'NONE', ( #2832 ), #2012, .T. ) ;
#1050 = PRESENTATION_STYLE_ASSIGNMENT (( #299 ) ) ;
#1051 = CARTESIAN_POINT ( 'NONE',  ( 0.3999999999999999100, 0.3029999999999998800, 0.05000000000000003700 ) ) ;
#1052 = CARTESIAN_POINT ( 'NONE',  ( 0.3999999999999999100, 0.2029999999999998700, 0.1000000000000000200 ) ) ;
#1053 = CARTESIAN_POINT ( 'NONE',  ( -0.3394112549695521000, 1.081157679374394400E-014, 0.0000000000000000000 ) ) ;
#1054 = ORIENTED_EDGE ( 'NONE', *, *, #1007, .F. ) ;
#1055 = LINE ( 'NONE', #2516, #3816 ) ;
#1056 = DIRECTION ( 'NONE',  ( 0.0000000000000000000, 1.000000000000000000, -6.776263578034403900E-017 ) ) ;
#1057 = SURFACE_STYLE_USAGE ( .BOTH. , #3135 ) ;
#1058 = EDGE_CURVE ( 'NONE', #1466, #1547, #2453, .T. ) ;
#1059 = ORIENTED_EDGE ( 'NONE', *, *, #3490, .F. ) ;
#1060 = ORIENTED_EDGE ( 'NONE', *, *, #3982, .F. ) ;
#1061 = LINE ( 'NONE', #2519, #1921 ) ;
#1062 = CARTESIAN_POINT ( 'NONE',  ( -0.3400000000000000800, -0.3499999999999999200, 0.1000000000000000100 ) ) ;
#1063 = LINE ( 'NONE', #1272, #4139 ) ;
#1064 = ORIENTED_EDGE ( 'NONE', *, *, #3165, .T. ) ;
#1065 = LINE ( 'NONE', #986, #1442 ) ;
#1066 = EDGE_CURVE ( 'NONE', #1869, #2507, #1927, .T. ) ;
#1067 = LINE ( 'NONE', #3460, #124 ) ;
#1068 = CARTESIAN_POINT ( 'NONE',  ( 0.4500000000000001200, -0.4999999999999998900, 0.0000000000000000000 ) ) ;
#1069 = CARTESIAN_POINT ( 'NONE',  ( -0.4000000000000000200, -0.2000000000000000700, 0.1000000000000000500 ) ) ;
#1070 = ORIENTED_EDGE ( 'NONE', *, *, #3690, .T. ) ;
#1071 = ADVANCED_FACE ( 'NONE', ( #1549 ), #4459, .F. ) ;
#1072 = CARTESIAN_POINT ( 'NONE',  ( -0.5000000000000001100, 0.5000000000000000000, 0.3700000000000000000 ) ) ;
#1073 = ORIENTED_EDGE ( 'NONE', *, *, #1311, .T. ) ;
#1074 = CARTESIAN_POINT ( 'NONE',  ( -0.2000000000000000900, 0.5000000000000000000, 0.1000000000000000100 ) ) ;
#1075 = VECTOR ( 'NONE', #2416, 1000.000000000000000 ) ;
#1076 = CARTESIAN_POINT ( 'NONE',  ( -0.4500000000000001200, 0.3499999999999999200, 0.1000000000000000100 ) ) ;
#1077 = ORIENTED_EDGE ( 'NONE', *, *, #3112, .T. ) ;
#1078 = PLANE ( 'NONE',  #3941 ) ;
#1079 = VECTOR ( 'NONE', #4348, 1000.000000000000200 ) ;
#1080 = MECHANICAL_DESIGN_GEOMETRIC_PRESENTATION_REPRESENTATION (  '', ( #2449 ), #4084 ) ;
#1081 = AXIS2_PLACEMENT_3D ( 'NONE', #976, #248, #611 ) ;
#1082 = VERTEX_POINT ( 'NONE', #2352 ) ;
#1083 = CARTESIAN_POINT ( 'NONE',  ( -0.5000000000000000000, -0.05000000000000009300, 0.05000000000000001700 ) ) ;
#1084 = VECTOR ( 'NONE', #2423, 1000.000000000000000 ) ;
#1085 = VERTEX_POINT ( 'NONE', #1286 ) ;
#1086 = EDGE_CURVE ( 'NONE', #3999, #3552, #3764, .T. ) ;
#1087 = DIRECTION ( 'NONE',  ( -0.7071067811865456900, 0.7071067811865493500, 0.0000000000000000000 ) ) ;
#1088 = FACE_BOUND ( 'NONE', #2097, .T. ) ;
#1089 = VECTOR ( 'NONE', #2016, 1000.000000000000000 ) ;
#1090 = DIRECTION ( 'NONE',  ( 0.0000000000000000000, 0.0000000000000000000, -1.000000000000000000 ) ) ;
#1091 = EDGE_CURVE ( 'NONE', #471, #2721, #1162, .T. ) ;
#1092 = UNCERTAINTY_MEASURE_WITH_UNIT (LENGTH_MEASURE( 1.000000000000000100E-005 ), #1720, 'distance_accuracy_value', 'NONE');
#1093 = EDGE_LOOP ( 'NONE', ( #3578, #2021, #4004, #942 ) ) ;
#1094 = FACE_OUTER_BOUND ( 'NONE', #1977, .T. ) ;
#1095 = CARTESIAN_POINT ( 'NONE',  ( 0.4500000000000001200, -0.3499999999999999200, 0.1000000000000000100 ) ) ;
#1096 = FACE_OUTER_BOUND ( 'NONE', #1440, .T. ) ;
#1097 =( NAMED_UNIT ( * ) SI_UNIT ( $, .STERADIAN. ) SOLID_ANGLE_UNIT ( ) );
#1098 = EDGE_CURVE ( 'NONE', #1795, #1275, #842, .T. ) ;
#1099 = CARTESIAN_POINT ( 'NONE',  ( -0.4000000000000000200, 0.06999999999999992300, 0.1000000000000000200 ) ) ;
#1100 = DIRECTION ( 'NONE',  ( 0.0000000000000000000, 0.0000000000000000000, 1.000000000000000000 ) ) ;
#1101 = AXIS2_PLACEMENT_3D ( 'NONE', #182, #2906, #2257 ) ;
#1102 = PLANE ( 'NONE',  #46 ) ;
#1103 = ORIENTED_EDGE ( 'NONE', *, *, #2309, .F. ) ;
#1104 = DIRECTION ( 'NONE',  ( -1.000000000000000000, 0.0000000000000000000, 0.0000000000000000000 ) ) ;
#1105 = LINE ( 'NONE', #1807, #401 ) ;
#1106 = ORIENTED_EDGE ( 'NONE', *, *, #2115, .F. ) ;
#1107 = VERTEX_POINT ( 'NONE', #585 ) ;
#1108 = ADVANCED_FACE ( 'NONE', ( #1652 ), #1285, .T. ) ;
#1109 = AXIS2_PLACEMENT_3D ( 'NONE', #1074, #3501, #2122 ) ;
#1110 = ORIENTED_EDGE ( 'NONE', *, *, #2225, .F. ) ;
#1111 = FILL_AREA_STYLE_COLOUR ( '', #3398 ) ;
#1112 = PLANE ( 'NONE',  #1225 ) ;
#1113 = ORIENTED_EDGE ( 'NONE', *, *, #1775, .T. ) ;
#1114 = LINE ( 'NONE', #2497, #1376 ) ;
#1115 = EDGE_CURVE ( 'NONE', #350, #664, #1501, .T. ) ;
#1116 = CARTESIAN_POINT ( 'NONE',  ( -0.4000000000000000200, -0.2000000000000000700, 0.05000000000000003700 ) ) ;
#1117 = ORIENTED_EDGE ( 'NONE', *, *, #3695, .T. ) ;
#1118 = CARTESIAN_POINT ( 'NONE',  ( -0.4500000000000001200, -0.4999999999999998900, 0.0000000000000000000 ) ) ;
#1119 = DIRECTION ( 'NONE',  ( -1.000000000000000000, -4.336808689942017700E-016, -0.0000000000000000000 ) ) ;
#1120 = ORIENTED_EDGE ( 'NONE', *, *, #2669, .F. ) ;
#1121 = STYLED_ITEM ( 'NONE', ( #2535 ), #245 ) ;
#1122 = CARTESIAN_POINT ( 'NONE',  ( 0.06999999999999574600, 0.3999999999999999100, 0.1000000000000000100 ) ) ;
#1123 = EDGE_LOOP ( 'NONE', ( #1428, #3449, #2955, #1760 ) ) ;
#1124 = VECTOR ( 'NONE', #443, 1000.000000000000000 ) ;
#1125 = CARTESIAN_POINT ( 'NONE',  ( -0.05000000000000422200, 0.4999999999999998900, 0.04999999999999999600 ) ) ;
#1126 = DIRECTION ( 'NONE',  ( -4.336808689942017700E-016, -1.000000000000000000, 0.0000000000000000000 ) ) ;
#1127 = ORIENTED_EDGE ( 'NONE', *, *, #4361, .F. ) ;
#1128 = AXIS2_PLACEMENT_3D ( 'NONE', #3516, #1451, #718 ) ;
#1129 = SURFACE_STYLE_FILL_AREA ( #515 ) ;
#1130 = CARTESIAN_POINT ( 'NONE',  ( -0.5000000000000000000, 0.1999999999999999800, 0.04999999999999996800 ) ) ;
#1131 = VERTEX_POINT ( 'NONE', #2295 ) ;
#1132 = CARTESIAN_POINT ( 'NONE',  ( 0.2000000000000000900, 0.4299999999999999900, 0.1000000000000000100 ) ) ;
#1133 = VECTOR ( 'NONE', #2834, 1000.000000000000000 ) ;
#1134 = ORIENTED_EDGE ( 'NONE', *, *, #2240, .T. ) ;
#1135 = FACE_OUTER_BOUND ( 'NONE', #1093, .T. ) ;
#1136 = EDGE_CURVE ( 'NONE', #1929, #3708, #4422, .T. ) ;
#1137 = LINE ( 'NONE', #532, #4172 ) ;
#1138 = CARTESIAN_POINT ( 'NONE',  ( 0.4500000000000001200, -0.4999999999999998900, 0.1000000000000000100 ) ) ;
#1139 = DIRECTION ( 'NONE',  ( 0.0000000000000000000, -1.000000000000000000, -4.517509052022935500E-016 ) ) ;
#1140 = ORIENTED_EDGE ( 'NONE', *, *, #2485, .F. ) ;
#1141 = EDGE_CURVE ( 'NONE', #4020, #504, #2085, .T. ) ;
#1142 = LINE ( 'NONE', #3828, #2582 ) ;
#1143 = VECTOR ( 'NONE', #3360, 1000.000000000000000 ) ;
#1144 = PLANE ( 'NONE',  #1764 ) ;
#1145 = ADVANCED_FACE ( 'NONE', ( #3060 ), #539, .F. ) ;
#1146 = AXIS2_PLACEMENT_3D ( 'NONE', #2372, #651, #4098 ) ;
#1147 = VECTOR ( 'NONE', #553, 1000.000000000000000 ) ;
#1148 = DIRECTION ( 'NONE',  ( 1.000000000000000000, 0.0000000000000000000, 0.0000000000000000000 ) ) ;
#1149 = DIRECTION ( 'NONE',  ( -1.084202172485504600E-015, 1.000000000000000000, -0.0000000000000000000 ) ) ;
#1150 = ORIENTED_EDGE ( 'NONE', *, *, #3366, .T. ) ;
#1151 = LINE ( 'NONE', #2457, #1429 ) ;
#1152 = AXIS2_PLACEMENT_3D ( 'NONE', #4388, #1264, #2319 ) ;
#1153 = VERTEX_POINT ( 'NONE', #3916 ) ;
#1154 = EDGE_LOOP ( 'NONE', ( #2667, #2499, #1787, #3984 ) ) ;
#1155 = EDGE_CURVE ( 'NONE', #2904, #3633, #1263, .T. ) ;
#1156 = ORIENTED_EDGE ( 'NONE', *, *, #4482, .F. ) ;
#1157 = PRESENTATION_LAYER_ASSIGNMENT (  '', '', ( #1686 ) ) ;
#1158 = LINE ( 'NONE', #3109, #355 ) ;
#1159 = APPLICATION_CONTEXT ( 'automotive_design' ) ;
#1160 = CARTESIAN_POINT ( 'NONE',  ( 0.0000000000000000000, 0.0000000000000000000, 0.1000000000000000100 ) ) ;
#1161 = ORIENTED_EDGE ( 'NONE', *, *, #2038, .T. ) ;
#1162 = LINE ( 'NONE', #1342, #1202 ) ;
#1163 = EDGE_CURVE ( 'NONE', #2344, #3560, #2195, .T. ) ;
#1164 = CARTESIAN_POINT ( 'NONE',  ( -0.5000000000000000000, 0.06999999999999989600, 0.04999999999999999600 ) ) ;
#1165 = ORIENTED_EDGE ( 'NONE', *, *, #4336, .T. ) ;
#1166 = ORIENTED_EDGE ( 'NONE', *, *, #1141, .T. ) ;
#1167 = ADVANCED_FACE ( 'NONE', ( #19 ), #3061, .F. ) ;
#1168 = VECTOR ( 'NONE', #1026, 1000.000000000000100 ) ;
#1169 = EDGE_LOOP ( 'NONE', ( #116, #3702, #2660, #514 ) ) ;
#1170 = CARTESIAN_POINT ( 'NONE',  ( 0.4500000000000001200, 0.3499999999999999200, 0.1000000000000000100 ) ) ;
#1171 = VECTOR ( 'NONE', #4278, 1000.000000000000000 ) ;
#1172 = AXIS2_PLACEMENT_3D ( 'NONE', #289, #3372, #673 ) ;
#1173 = ORIENTED_EDGE ( 'NONE', *, *, #2886, .F. ) ;
#1174 = DIRECTION ( 'NONE',  ( 0.7071067811865455700, -0.7071067811865495700, 0.0000000000000000000 ) ) ;
#1175 = VECTOR ( 'NONE', #3858, 1000.000000000000000 ) ;
#1176 = EDGE_CURVE ( 'NONE', #4190, #4236, #617, .T. ) ;
#1177 = AXIS2_PLACEMENT_3D ( 'NONE', #1030, #3436, #1364 ) ;
#1178 = LINE ( 'NONE', #2482, #536 ) ;
#1179 = CARTESIAN_POINT ( 'NONE',  ( 0.3999999999999999100, -0.2000000000000001500, 0.09999999999999988100 ) ) ;
#1180 = ORIENTED_EDGE ( 'NONE', *, *, #427, .T. ) ;
#1181 = EDGE_CURVE ( 'NONE', #4113, #2493, #1158, .T. ) ;
#1182 = LINE ( 'NONE', #3048, #4399 ) ;
#1183 = CARTESIAN_POINT ( 'NONE',  ( 0.4999999999999998900, -0.2000000000000001500, 0.09999999999999988100 ) ) ;
#1184 = CARTESIAN_POINT ( 'NONE',  ( 0.4999999999999998900, 0.4999999999999998900, 0.3700000000000000000 ) ) ;
#1185 = DIRECTION ( 'NONE',  ( -0.0000000000000000000, -0.0000000000000000000, -1.000000000000000000 ) ) ;
#1186 = ADVANCED_FACE ( 'NONE', ( #4309 ), #328, .T. ) ;
#1187 = DIRECTION ( 'NONE',  ( 1.355252715606880300E-016, 0.0000000000000000000, 1.000000000000000000 ) ) ;
#1188 = ORIENTED_EDGE ( 'NONE', *, *, #2578, .T. ) ;
#1189 = EDGE_LOOP ( 'NONE', ( #3319, #2996, #2509, #2630 ) ) ;
#1190 = DIRECTION ( 'NONE',  ( -1.000000000000000000, -1.084202172485504700E-016, 0.0000000000000000000 ) ) ;
#1191 = CARTESIAN_POINT ( 'NONE',  ( 0.3400000000000000800, -0.3499999999999999200, 0.0000000000000000000 ) ) ;
#1192 = EDGE_LOOP ( 'NONE', ( #3946, #2292, #1848, #3757 ) ) ;
#1193 = FACE_OUTER_BOUND ( 'NONE', #3885, .T. ) ;
#1194 = CARTESIAN_POINT ( 'NONE',  ( -0.05000000000000423600, 0.3999999999999999100, 0.04999999999999999600 ) ) ;
#1195 = PLANE ( 'NONE',  #2305 ) ;
#1196 = ORIENTED_EDGE ( 'NONE', *, *, #2284, .T. ) ;
#1197 = VERTEX_POINT ( 'NONE', #2333 ) ;
#1198 = FACE_OUTER_BOUND ( 'NONE', #3223, .T. ) ;
#1199 = MECHANICAL_DESIGN_GEOMETRIC_PRESENTATION_REPRESENTATION (  '', ( #3302 ), #2683 ) ;
#1200 =( NAMED_UNIT ( * ) PLANE_ANGLE_UNIT ( ) SI_UNIT ( $, .RADIAN. ) );
#1201 = VERTEX_POINT ( 'NONE', #1350 ) ;
#1202 = VECTOR ( 'NONE', #2296, 1000.000000000000000 ) ;
#1203 = ADVANCED_FACE ( 'NONE', ( #1544 ), #3079, .T. ) ;
#1204 = EDGE_CURVE ( 'NONE', #3708, #1715, #1065, .T. ) ;
#1205 = STYLED_ITEM ( 'NONE', ( #3834 ), #3903 ) ;
#1206 = ORIENTED_EDGE ( 'NONE', *, *, #2473, .T. ) ;
#1207 = DIRECTION ( 'NONE',  ( -1.084202172485504700E-016, 1.000000000000000000, 0.0000000000000000000 ) ) ;
#1208 = CARTESIAN_POINT ( 'NONE',  ( 0.3400000000000000800, 0.3499999999999999200, 0.1000000000000000100 ) ) ;
#1209 = DIRECTION ( 'NONE',  ( 1.084202172485504700E-016, 1.000000000000000000, -0.0000000000000000000 ) ) ;
#1210 = ORIENTED_EDGE ( 'NONE', *, *, #3772, .T. ) ;
#1211 = EDGE_CURVE ( 'NONE', #1583, #2757, #1762, .T. ) ;
#1212 = DIRECTION ( 'NONE',  ( 1.084202172485504400E-015, -1.000000000000000000, 0.0000000000000000000 ) ) ;
#1213 = LINE ( 'NONE', #1725, #4490 ) ;
#1214 =( NAMED_UNIT ( * ) SI_UNIT ( $, .STERADIAN. ) SOLID_ANGLE_UNIT ( ) );
#1215 = VERTEX_POINT ( 'NONE', #3044 ) ;
#1216 = DIRECTION ( 'NONE',  ( 0.0000000000000000000, -1.000000000000000000, 0.0000000000000000000 ) ) ;
#1217 = LINE ( 'NONE', #3397, #751 ) ;
#1218 = LINE ( 'NONE', #834, #1339 ) ;
#1219 = ORIENTED_EDGE ( 'NONE', *, *, #4482, .T. ) ;
#1220 = ORIENTED_EDGE ( 'NONE', *, *, #3878, .T. ) ;
#1221 = CARTESIAN_POINT ( 'NONE',  ( -0.5000000000000000000, -0.2000000000000000900, 0.1000000000000000500 ) ) ;
#1222 = CARTESIAN_POINT ( 'NONE',  ( -0.05000000000000423600, 0.3999999999999999100, 0.04999999999999999600 ) ) ;
#1223 = CARTESIAN_POINT ( 'NONE',  ( 0.3999999999999999100, 0.2029999999999998700, 0.1000000000000000200 ) ) ;
#1224 = VECTOR ( 'NONE', #3989, 1000.000000000000000 ) ;
#1225 = AXIS2_PLACEMENT_3D ( 'NONE', #2088, #3120, #2134 ) ;
#1226 = AXIS2_PLACEMENT_3D ( 'NONE', #2286, #1244, #2689 ) ;
#1227 = PLANE ( 'NONE',  #1828 ) ;
#1228 = ORIENTED_EDGE ( 'NONE', *, *, #3514, .F. ) ;
#1229 = CARTESIAN_POINT ( 'NONE',  ( -0.4999999999999998900, -0.5000000000000001100, 0.0000000000000000000 ) ) ;
#1230 = LINE ( 'NONE', #1132, #1622 ) ;
#1231 = VECTOR ( 'NONE', #3554, 1000.000000000000000 ) ;
#1232 = ORIENTED_EDGE ( 'NONE', *, *, #2002, .F. ) ;
#1233 = DIRECTION ( 'NONE',  ( 0.0000000000000000000, 0.0000000000000000000, 1.000000000000000000 ) ) ;
#1234 = AXIS2_PLACEMENT_3D ( 'NONE', #392, #2091, #3467 ) ;
#1235 = DIRECTION ( 'NONE',  ( 1.000000000000000000, 0.0000000000000000000, 0.0000000000000000000 ) ) ;
#1236 = EDGE_CURVE ( 'NONE', #1010, #1992, #836, .T. ) ;
#1237 = FACE_OUTER_BOUND ( 'NONE', #3602, .T. ) ;
#1238 = DIRECTION ( 'NONE',  ( 0.0000000000000000000, 0.0000000000000000000, -1.000000000000000000 ) ) ;
#1239 = CARTESIAN_POINT ( 'NONE',  ( -0.2000000000000000900, -0.5000000000000000000, 0.1000000000000000100 ) ) ;
#1240 = CARTESIAN_POINT ( 'NONE',  ( -0.4000000000000000200, 0.06999999999999992300, 0.04999999999999999600 ) ) ;
#1241 = DIRECTION ( 'NONE',  ( 0.0000000000000000000, 0.0000000000000000000, -1.000000000000000000 ) ) ;
#1242 = DIRECTION ( 'NONE',  ( -0.0000000000000000000, 1.000000000000000000, -0.0000000000000000000 ) ) ;
#1243 = VECTOR ( 'NONE', #4407, 1000.000000000000000 ) ;
#1244 = DIRECTION ( 'NONE',  ( -0.7071067811865495700, -0.7071067811865455700, 0.0000000000000000000 ) ) ;
#1245 = EDGE_LOOP ( 'NONE', ( #3925, #2164, #3232, #2472 ) ) ;
#1246 = LINE ( 'NONE', #1826, #4299 ) ;
#1247 =( NAMED_UNIT ( * ) PLANE_ANGLE_UNIT ( ) SI_UNIT ( $, .RADIAN. ) );
#1248 = CARTESIAN_POINT ( 'NONE',  ( 0.05941125496953094500, -0.2800000000000000300, 0.03500000000000000300 ) ) ;
#1249 = ADVANCED_FACE ( 'NONE', ( #1258 ), #1332, .F. ) ;
#1250 = ORIENTED_EDGE ( 'NONE', *, *, #1523, .T. ) ;
#1251 = ORIENTED_EDGE ( 'NONE', *, *, #3871, .F. ) ;
#1252 = CARTESIAN_POINT ( 'NONE',  ( -0.4000000000000000200, 0.1999999999999999600, 0.04999999999999998900 ) ) ;
#1253 = VECTOR ( 'NONE', #2588, 1000.000000000000100 ) ;
#1254 = CARTESIAN_POINT ( 'NONE',  ( 0.4500000000000001200, 0.4999999999999998900, 0.1000000000000000100 ) ) ;
#1255 =( NAMED_UNIT ( * ) SI_UNIT ( $, .STERADIAN. ) SOLID_ANGLE_UNIT ( ) );
#1256 = SURFACE_SIDE_STYLE ('',( #3341 ) ) ;
#1257 = EDGE_LOOP ( 'NONE', ( #149, #4038, #1914, #1232 ) ) ;
#1258 = FACE_OUTER_BOUND ( 'NONE', #641, .T. ) ;
#1259 = CARTESIAN_POINT ( 'NONE',  ( -0.4500000000000001200, 0.4999999999999998900, 0.1000000000000000100 ) ) ;
#1260 = FACE_OUTER_BOUND ( 'NONE', #3166, .T. ) ;
#1261 = ORIENTED_EDGE ( 'NONE', *, *, #3490, .T. ) ;
#1262 = PRESENTATION_LAYER_ASSIGNMENT (  '', '', ( #2911 ) ) ;
#1263 = LINE ( 'NONE', #1737, #959 ) ;
#1264 = DIRECTION ( 'NONE',  ( -1.084202172485504700E-016, 1.000000000000000000, 0.0000000000000000000 ) ) ;
#1265 = ORIENTED_EDGE ( 'NONE', *, *, #3927, .T. ) ;
#1266 = EDGE_CURVE ( 'NONE', #2263, #3515, #3224, .T. ) ;
#1267 = VERTEX_POINT ( 'NONE', #2062 ) ;
#1268 = CARTESIAN_POINT ( 'NONE',  ( 0.05941125496953094500, -0.2800000000000000300, 0.03500000000000000300 ) ) ;
#1269 = CARTESIAN_POINT ( 'NONE',  ( 0.05941125496953094500, -0.2800000000000000300, 0.03500000000000000300 ) ) ;
#1270 = DIRECTION ( 'NONE',  ( 4.336808689942017700E-016, 1.000000000000000000, 0.0000000000000000000 ) ) ;
#1271 = DIRECTION ( 'NONE',  ( 1.000000000000000000, 1.084202172485504700E-016, -0.0000000000000000000 ) ) ;
#1272 = CARTESIAN_POINT ( 'NONE',  ( 0.2000000000000000900, 0.5000000000000000000, 0.1000000000000000100 ) ) ;
#1273 = VECTOR ( 'NONE', #283, 1000.000000000000000 ) ;
#1274 = EDGE_CURVE ( 'NONE', #2507, #4241, #2612, .T. ) ;
#1275 = VERTEX_POINT ( 'NONE', #3756 ) ;
#1276 = ADVANCED_FACE ( 'NONE', ( #3373 ), #1685, .F. ) ;
#1277 = PRESENTATION_STYLE_ASSIGNMENT (( #4050 ) ) ;
#1278 = CARTESIAN_POINT ( 'NONE',  ( 0.4500000000000001200, -0.3499999999999999200, 0.1000000000000000100 ) ) ;
#1279 = ORIENTED_EDGE ( 'NONE', *, *, #270, .T. ) ;
#1280 = AXIS2_PLACEMENT_3D ( 'NONE', #633, #4097, #613 ) ;
#1281 = DIRECTION ( 'NONE',  ( 1.000000000000000000, 1.084202172485504700E-016, -0.0000000000000000000 ) ) ;
#1282 = ORIENTED_EDGE ( 'NONE', *, *, #4028, .F. ) ;
#1283 = FACE_OUTER_BOUND ( 'NONE', #550, .T. ) ;
#1284 = CARTESIAN_POINT ( 'NONE',  ( -0.5000000000000001100, 0.5000000000000000000, 0.0000000000000000000 ) ) ;
#1285 = PLANE ( 'NONE',  #1885 ) ;
#1286 = CARTESIAN_POINT ( 'NONE',  ( -0.3999999999999999100, -0.3000000000000001000, 0.1000000000000000500 ) ) ;
#1287 = DIRECTION ( 'NONE',  ( 1.000000000000000000, -4.336808689942017700E-016, -0.0000000000000000000 ) ) ;
#1288 = VERTEX_POINT ( 'NONE', #3864 ) ;
#1289 = PRESENTATION_LAYER_ASSIGNMENT (  '', '', ( #4384 ) ) ;
#1290 = AXIS2_PLACEMENT_3D ( 'NONE', #2542, #804, #108 ) ;
#1291 = DIRECTION ( 'NONE',  ( 2.168404344971009400E-016, -1.000000000000000000, 0.0000000000000000000 ) ) ;
#1292 = VECTOR ( 'NONE', #1687, 1000.000000000000000 ) ;
#1293 = EDGE_CURVE ( 'NONE', #3527, #3768, #121, .T. ) ;
#1294 = LINE ( 'NONE', #1051, #3473 ) ;
#1295 = DIRECTION ( 'NONE',  ( -0.8682431421244590800, 0.4961389383568340900, 0.0000000000000000000 ) ) ;
#1296 =( GEOMETRIC_REPRESENTATION_CONTEXT ( 3 ) GLOBAL_UNCERTAINTY_ASSIGNED_CONTEXT ( ( #1607 ) ) GLOBAL_UNIT_ASSIGNED_CONTEXT ( ( #3237, #1489, #2488 ) ) REPRESENTATION_CONTEXT ( 'NONE', 'WORKASPACE' ) );
#1297 = CARTESIAN_POINT ( 'NONE',  ( -0.05941125496954295000, -0.2800000000000000300, 0.0000000000000000000 ) ) ;
#1298 = ADVANCED_FACE ( 'NONE', ( #3274 ), #4516, .T. ) ;
#1299 = COLOUR_RGB ( '',0.0000000000000000000, 0.0000000000000000000, 1.000000000000000000 ) ;
#1300 = EDGE_CURVE ( 'NONE', #975, #504, #1382, .T. ) ;
#1301 = CARTESIAN_POINT ( 'NONE',  ( 0.06999999999999574600, 0.3999999999999999100, 0.05000000000000000300 ) ) ;
#1302 = FILL_AREA_STYLE ('',( #278 ) ) ;
#1303 = ORIENTED_EDGE ( 'NONE', *, *, #4006, .T. ) ;
#1304 = FACE_OUTER_BOUND ( 'NONE', #1988, .T. ) ;
#1305 = CARTESIAN_POINT ( 'NONE',  ( -0.4000000000000000200, 0.1999999999999999600, 0.04999999999999998900 ) ) ;
#1306 = CARTESIAN_POINT ( 'NONE',  ( 0.3999999999999999100, 0.04999999999999985700, 0.04999999999999995400 ) ) ;
#1307 = ORIENTED_EDGE ( 'NONE', *, *, #287, .T. ) ;
#1308 = EDGE_LOOP ( 'NONE', ( #3205, #462, #4199, #3974 ) ) ;
#1309 = VECTOR ( 'NONE', #3167, 1000.000000000000000 ) ;
#1310 = PLANE ( 'NONE',  #470 ) ;
#1311 = EDGE_CURVE ( 'NONE', #3976, #4113, #3603, .T. ) ;
#1312 = ORIENTED_EDGE ( 'NONE', *, *, #4327, .F. ) ;
#1313 = CARTESIAN_POINT ( 'NONE',  ( -0.5000000000000000000, 0.06999999999999989600, 0.04999999999999999600 ) ) ;
#1314 = ORIENTED_EDGE ( 'NONE', *, *, #175, .F. ) ;
#1315 = FACE_BOUND ( 'NONE', #3872, .T. ) ;
#1316 = LINE ( 'NONE', #1736, #4027 ) ;
#1317 = CARTESIAN_POINT ( 'NONE',  ( -0.4500000000000001200, -0.3499999999999999200, 0.0000000000000000000 ) ) ;
#1318 = CARTESIAN_POINT ( 'NONE',  ( 0.4999999999999998900, 0.4999999999999998900, 0.3700000000000000000 ) ) ;
#1319 = ORIENTED_EDGE ( 'NONE', *, *, #175, .T. ) ;
#1320 = LINE ( 'NONE', #2311, #1386 ) ;
#1321 = MECHANICAL_DESIGN_GEOMETRIC_PRESENTATION_REPRESENTATION (  '', ( #3970 ), #2769 ) ;
#1322 = PRESENTATION_LAYER_ASSIGNMENT (  '', '', ( #2714 ) ) ;
#1323 = DIRECTION ( 'NONE',  ( 0.8682431421244590800, 0.4961389383568340900, 0.0000000000000000000 ) ) ;
#1324 = PLANE ( 'NONE',  #2675 ) ;
#1325 = DIRECTION ( 'NONE',  ( 0.0000000000000000000, 0.0000000000000000000, 1.000000000000000000 ) ) ;
#1326 = VERTEX_POINT ( 'NONE', #2442 ) ;
#1327 = ADVANCED_FACE ( 'NONE', ( #2448 ), #3875, .F. ) ;
#1328 = CARTESIAN_POINT ( 'NONE',  ( 0.4999999999999998900, 0.2029999999999998700, 0.1000000000000000200 ) ) ;
#1329 = EDGE_CURVE ( 'NONE', #3322, #4339, #1974, .T. ) ;
#1330 = STYLED_ITEM ( 'NONE', ( #2471 ), #4052 ) ;
#1331 = ORIENTED_EDGE ( 'NONE', *, *, #2094, .T. ) ;
#1332 = PLANE ( 'NONE',  #1582 ) ;
#1333 = VECTOR ( 'NONE', #3856, 1000.000000000000000 ) ;
#1334 = ORIENTED_EDGE ( 'NONE', *, *, #1523, .F. ) ;
#1335 = CARTESIAN_POINT ( 'NONE',  ( 0.4999999999999998900, -0.07000000000000011800, 0.09999999999999990800 ) ) ;
#1336 = EDGE_CURVE ( 'NONE', #4500, #1511, #1595, .T. ) ;
#1337 = FACE_OUTER_BOUND ( 'NONE', #3143, .T. ) ;
#1338 = VECTOR ( 'NONE', #994, 1000.000000000000000 ) ;
#1339 = VECTOR ( 'NONE', #169, 1000.000000000000000 ) ;
#1340 = ORIENTED_EDGE ( 'NONE', *, *, #1086, .T. ) ;
#1341 = CARTESIAN_POINT ( 'NONE',  ( -0.4500000000000001200, 0.3499999999999999200, 0.1000000000000000100 ) ) ;
#1342 = CARTESIAN_POINT ( 'NONE',  ( 0.4500000000000001200, 0.3499999999999999200, 0.1000000000000000100 ) ) ;
#1343 = AXIS2_PLACEMENT_3D ( 'NONE', #2022, #3113, #2007 ) ;
#1344 = FACE_OUTER_BOUND ( 'NONE', #2585, .T. ) ;
#1345 = CARTESIAN_POINT ( 'NONE',  ( -0.5000000000000001100, 0.5000000000000000000, 0.0000000000000000000 ) ) ;
#1346 = ORIENTED_EDGE ( 'NONE', *, *, #817, .F. ) ;
#1347 = DIRECTION ( 'NONE',  ( -1.000000000000000000, -2.168404344971009400E-016, 0.0000000000000000000 ) ) ;
#1348 = LINE ( 'NONE', #1930, #1224 ) ;
#1349 = EDGE_LOOP ( 'NONE', ( #2636, #2513, #1381, #3369 ) ) ;
#1350 = CARTESIAN_POINT ( 'NONE',  ( -0.2000000000000000900, -0.4299999999999999900, 0.1000000000000000100 ) ) ;
#1351 = SURFACE_STYLE_FILL_AREA ( #1888 ) ;
#1352 = AXIS2_PLACEMENT_3D ( 'NONE', #850, #499, #3652 ) ;
#1353 = DIRECTION ( 'NONE',  ( 1.000000000000000000, 0.0000000000000000000, 0.0000000000000000000 ) ) ;
#1354 = ADVANCED_FACE ( 'NONE', ( #2555 ), #2124, .T. ) ;
#1355 = DIRECTION ( 'NONE',  ( 1.084202172485504600E-015, -1.000000000000000000, 0.0000000000000000000 ) ) ;
#1356 = ORIENTED_EDGE ( 'NONE', *, *, #4488, .T. ) ;
#1357 = VECTOR ( 'NONE', #3744, 1000.000000000000000 ) ;
#1358 = CARTESIAN_POINT ( 'NONE',  ( -0.4999999999999998900, -0.3000000000000001000, 0.05000000000000005100 ) ) ;
#1359 = CARTESIAN_POINT ( 'NONE',  ( 0.0000000000000000000, 0.0000000000000000000, 0.1000000000000000100 ) ) ;
#1360 = ORIENTED_EDGE ( 'NONE', *, *, #1066, .F. ) ;
#1361 = FILL_AREA_STYLE_COLOUR ( '', #3569 ) ;
#1362 = VECTOR ( 'NONE', #612, 1000.000000000000000 ) ;
#1363 = CARTESIAN_POINT ( 'NONE',  ( 0.3999999999999999100, 0.2029999999999998700, 0.05000000000000002400 ) ) ;
#1364 = DIRECTION ( 'NONE',  ( 0.0000000000000000000, 1.000000000000000000, -1.355252715606880800E-016 ) ) ;
#1365 = EDGE_CURVE ( 'NONE', #1770, #2879, #4200, .T. ) ;
#1366 = VECTOR ( 'NONE', #1923, 1000.000000000000000 ) ;
#1367 = DIRECTION ( 'NONE',  ( 2.168404344971009400E-016, -1.000000000000000000, 0.0000000000000000000 ) ) ;
#1368 = DIRECTION ( 'NONE',  ( 1.084202172485504600E-015, -1.000000000000000000, 6.776263578034403900E-017 ) ) ;
#1369 = ORIENTED_EDGE ( 'NONE', *, *, #3871, .T. ) ;
#1370 = DIRECTION ( 'NONE',  ( -1.000000000000000000, -0.0000000000000000000, -5.646886315028669300E-017 ) ) ;
#1371 = EDGE_CURVE ( 'NONE', #103, #770, #900, .T. ) ;
#1372 = CARTESIAN_POINT ( 'NONE',  ( -0.4000000000000000200, 0.1999999999999999600, 0.09999999999999999200 ) ) ;
#1373 = VERTEX_POINT ( 'NONE', #4221 ) ;
#1374 = DIRECTION ( 'NONE',  ( -0.0000000000000000000, 1.000000000000000000, 2.710505431213761600E-016 ) ) ;
#1375 = CLOSED_SHELL ( 'NONE', ( #4382, #4477, #2737, #2269, #2037, #2909, #4052 ) ) ;
#1376 = VECTOR ( 'NONE', #451, 1000.000000000000000 ) ;
#1377 = VECTOR ( 'NONE', #1370, 1000.000000000000000 ) ;
#1378 = ADVANCED_FACE ( 'NONE', ( #3553 ), #422, .F. ) ;
#1379 = LINE ( 'NONE', #3350, #464 ) ;
#1380 = CARTESIAN_POINT ( 'NONE',  ( 0.3999999999999999100, 0.3029999999999998800, 0.1000000000000000500 ) ) ;
#1381 = ORIENTED_EDGE ( 'NONE', *, *, #399, .T. ) ;
#1382 = LINE ( 'NONE', #3454, #3493 ) ;
#1383 = DIRECTION ( 'NONE',  ( 0.0000000000000000000, 1.000000000000000000, 2.823443157514334800E-016 ) ) ;
#1384 = DIRECTION ( 'NONE',  ( -0.0000000000000000000, -0.0000000000000000000, -1.000000000000000000 ) ) ;
#1385 = ORIENTED_EDGE ( 'NONE', *, *, #1163, .F. ) ;
#1386 = VECTOR ( 'NONE', #1271, 1000.000000000000000 ) ;
#1387 = CARTESIAN_POINT ( 'NONE',  ( 0.4500000000000001200, 0.3499999999999999200, 0.0000000000000000000 ) ) ;
#1388 = ORIENTED_EDGE ( 'NONE', *, *, #3813, .F. ) ;
#1389 = AXIS2_PLACEMENT_3D ( 'NONE', #4043, #1233, #2661 ) ;
#1390 = PRESENTATION_LAYER_ASSIGNMENT (  '', '', ( #2174 ) ) ;
#1391 = FILL_AREA_STYLE_COLOUR ( '', #2595 ) ;
#1392 = PLANE ( 'NONE',  #1702 ) ;
#1393 = VECTOR ( 'NONE', #4165, 1000.000000000000000 ) ;
#1394 = UNCERTAINTY_MEASURE_WITH_UNIT (LENGTH_MEASURE( 1.000000000000000100E-005 ), #4232, 'distance_accuracy_value', 'NONE');
#1395 = ORIENTED_EDGE ( 'NONE', *, *, #2369, .T. ) ;
#1396 = SURFACE_SIDE_STYLE ('',( #308 ) ) ;
#1397 = EDGE_CURVE ( 'NONE', #1624, #2491, #794, .T. ) ;
#1398 = VECTOR ( 'NONE', #1287, 1000.000000000000000 ) ;
#1399 = VECTOR ( 'NONE', #3091, 1000.000000000000000 ) ;
#1400 = CARTESIAN_POINT ( 'NONE',  ( 0.3999999999999999100, -0.3000000000000001600, 0.09999999999999985300 ) ) ;
#1401 = ORIENTED_EDGE ( 'NONE', *, *, #232, .F. ) ;
#1402 = LINE ( 'NONE', #2934, #2632 ) ;
#1403 = VECTOR ( 'NONE', #4441, 1000.000000000000100 ) ;
#1404 = CARTESIAN_POINT ( 'NONE',  ( -0.5000000000000000000, 0.0000000000000000000, 0.0000000000000000000 ) ) ;
#1405 = ADVANCED_FACE ( 'NONE', ( #3709 ), #3139, .T. ) ;
#1406 = EDGE_CURVE ( 'NONE', #4438, #3047, #2732, .T. ) ;
#1407 = ORIENTED_EDGE ( 'NONE', *, *, #2663, .F. ) ;
#1408 = DIRECTION ( 'NONE',  ( 0.0000000000000000000, -1.000000000000000000, 1.355252715606880800E-016 ) ) ;
#1409 =( NAMED_UNIT ( * ) PLANE_ANGLE_UNIT ( ) SI_UNIT ( $, .RADIAN. ) );
#1410 = CARTESIAN_POINT ( 'NONE',  ( 0.4999999999999998900, 0.3029999999999998800, 0.05000000000000003700 ) ) ;
#1411 = VECTOR ( 'NONE', #2498, 1000.000000000000100 ) ;
#1412 = PLANE ( 'NONE',  #1867 ) ;
#1413 = ORIENTED_EDGE ( 'NONE', *, *, #3937, .T. ) ;
#1414 = LINE ( 'NONE', #1721, #2754 ) ;
#1415 = FACE_OUTER_BOUND ( 'NONE', #1698, .T. ) ;
#1416 = DIRECTION ( 'NONE',  ( -0.8682431421244590800, -0.4961389383568340900, 0.0000000000000000000 ) ) ;
#1417 = ORIENTED_EDGE ( 'NONE', *, *, #1657, .F. ) ;
#1418 = AXIS2_PLACEMENT_3D ( 'NONE', #4468, #4090, #4450 ) ;
#1419 = CARTESIAN_POINT ( 'NONE',  ( -0.4999999999999998900, -0.5000000000000001100, 0.3700000000000000000 ) ) ;
#1420 = LINE ( 'NONE', #2005, #1357 ) ;
#1421 = DIRECTION ( 'NONE',  ( 0.0000000000000000000, -0.0000000000000000000, -1.000000000000000000 ) ) ;
#1422 = CARTESIAN_POINT ( 'NONE',  ( -0.05000000000000423600, 0.3999999999999999100, 0.04999999999999999600 ) ) ;
#1423 = VECTOR ( 'NONE', #2968, 1000.000000000000000 ) ;
#1424 = CARTESIAN_POINT ( 'NONE',  ( -0.4000000000000000200, 0.06999999999999992300, 0.04999999999999999600 ) ) ;
#1425 = EDGE_CURVE ( 'NONE', #3342, #1876, #4481, .T. ) ;
#1426 = ADVANCED_FACE ( 'NONE', ( #467 ), #393, .F. ) ;
#1427 = DIRECTION ( 'NONE',  ( 0.0000000000000000000, -1.000000000000000000, -0.0000000000000000000 ) ) ;
#1428 = ORIENTED_EDGE ( 'NONE', *, *, #399, .F. ) ;
#1429 = VECTOR ( 'NONE', #8, 1000.000000000000000 ) ;
#1430 =( NAMED_UNIT ( * ) PLANE_ANGLE_UNIT ( ) SI_UNIT ( $, .RADIAN. ) );
#1431 = CARTESIAN_POINT ( 'NONE',  ( 0.3999999999999999100, 0.2029999999999998700, 0.1000000000000000200 ) ) ;
#1432 = CARTESIAN_POINT ( 'NONE',  ( -0.05000000000000422200, 0.4999999999999998900, 0.04999999999999999600 ) ) ;
#1433 = EDGE_CURVE ( 'NONE', #198, #2263, #679, .T. ) ;
#1434 = ORIENTED_EDGE ( 'NONE', *, *, #2777, .F. ) ;
#1435 = CARTESIAN_POINT ( 'NONE',  ( 0.06999999999999576000, 0.4999999999999998900, 0.05000000000000000300 ) ) ;
#1436 = ORIENTED_EDGE ( 'NONE', *, *, #472, .F. ) ;
#1437 = DIRECTION ( 'NONE',  ( 1.355252715606880300E-016, 0.0000000000000000000, 1.000000000000000000 ) ) ;
#1438 = LINE ( 'NONE', #2041, #507 ) ;
#1439 = CARTESIAN_POINT ( 'NONE',  ( 0.3400000000000000800, -0.3499999999999999200, 0.1000000000000000100 ) ) ;
#1440 = EDGE_LOOP ( 'NONE', ( #2611, #2511, #319, #333 ) ) ;
#1441 = ORIENTED_EDGE ( 'NONE', *, *, #4035, .F. ) ;
#1442 = VECTOR ( 'NONE', #1295, 1000.000000000000100 ) ;
#1443 = FACE_OUTER_BOUND ( 'NONE', #2602, .T. ) ;
#1444 = DIRECTION ( 'NONE',  ( 1.084202172485504700E-016, 1.000000000000000000, -0.0000000000000000000 ) ) ;
#1445 = ORIENTED_EDGE ( 'NONE', *, *, #1098, .F. ) ;
#1446 = VECTOR ( 'NONE', #3068, 1000.000000000000000 ) ;
#1447 = DIRECTION ( 'NONE',  ( 0.0000000000000000000, 0.0000000000000000000, -1.000000000000000000 ) ) ;
#1448 = CARTESIAN_POINT ( 'NONE',  ( -0.5000000000000001100, 0.2999999999999999300, 0.09999999999999997800 ) ) ;
#1449 = ORIENTED_EDGE ( 'NONE', *, *, #1371, .F. ) ;
#1450 = CARTESIAN_POINT ( 'NONE',  ( 0.3999999999999999100, 0.3029999999999998800, 0.05000000000000003700 ) ) ;
#1451 = DIRECTION ( 'NONE',  ( -1.000000000000000000, 0.0000000000000000000, 0.0000000000000000000 ) ) ;
#1452 = ORIENTED_EDGE ( 'NONE', *, *, #4354, .F. ) ;
#1453 = PLANE ( 'NONE',  #2055 ) ;
#1454 = DIRECTION ( 'NONE',  ( -1.084202172485504600E-015, 1.000000000000000000, -1.355252715606880800E-016 ) ) ;
#1455 = LINE ( 'NONE', #370, #523 ) ;
#1456 = PRESENTATION_LAYER_ASSIGNMENT (  '', '', ( #1833 ) ) ;
#1457 = ORIENTED_EDGE ( 'NONE', *, *, #2605, .T. ) ;
#1458 = DIRECTION ( 'NONE',  ( -2.938735877055719900E-032, 2.710505431213761600E-016, -1.000000000000000000 ) ) ;
#1459 = LINE ( 'NONE', #818, #2687 ) ;
#1460 = ORIENTED_EDGE ( 'NONE', *, *, #2696, .F. ) ;
#1461 = EDGE_CURVE ( 'NONE', #1715, #3110, #1708, .T. ) ;
#1462 = PLANE ( 'NONE',  #409 ) ;
#1463 = FACE_OUTER_BOUND ( 'NONE', #144, .T. ) ;
#1464 = VECTOR ( 'NONE', #2965, 1000.000000000000100 ) ;
#1465 = PLANE ( 'NONE',  #4091 ) ;
#1466 = VERTEX_POINT ( 'NONE', #2856 ) ;
#1467 = CARTESIAN_POINT ( 'NONE',  ( -0.3400000000000000800, -0.3499999999999999200, 0.1000000000000000100 ) ) ;
#1468 = COLOUR_RGB ( '',1.000000000000000000, 1.000000000000000000, 1.000000000000000000 ) ;
#1469 = CARTESIAN_POINT ( 'NONE',  ( 0.4999999999999998900, -0.2000000000000001500, 0.09999999999999988100 ) ) ;
#1470 = EDGE_CURVE ( 'NONE', #3515, #4359, #4258, .T. ) ;
#1471 =( LENGTH_UNIT ( ) NAMED_UNIT ( * ) SI_UNIT ( .MILLI., .METRE. ) );
#1472 = ORIENTED_EDGE ( 'NONE', *, *, #1628, .T. ) ;
#1473 = CARTESIAN_POINT ( 'NONE',  ( -0.4000000000000000200, -0.2000000000000000700, 0.05000000000000003700 ) ) ;
#1474 = EDGE_LOOP ( 'NONE', ( #2276, #2647, #710, #692 ) ) ;
#1475 = FILL_AREA_STYLE ('',( #3181 ) ) ;
#1476 = LINE ( 'NONE', #3777, #2705 ) ;
#1477 = DIRECTION ( 'NONE',  ( 1.000000000000000000, 0.0000000000000000000, 0.0000000000000000000 ) ) ;
#1478 = DIRECTION ( 'NONE',  ( -1.000000000000000000, 4.336808689942017700E-016, 0.0000000000000000000 ) ) ;
#1479 = VERTEX_POINT ( 'NONE', #3551 ) ;
#1480 = CARTESIAN_POINT ( 'NONE',  ( -0.4500000000000001200, -0.4999999999999998900, 0.0000000000000000000 ) ) ;
#1481 = FACE_OUTER_BOUND ( 'NONE', #2362, .T. ) ;
#1482 = PLANE ( 'NONE',  #3030 ) ;
#1483 = STYLED_ITEM ( 'NONE', ( #2266 ), #2269 ) ;
#1484 = SURFACE_STYLE_USAGE ( .BOTH. , #2859 ) ;
#1485 = VERTEX_POINT ( 'NONE', #2155 ) ;
#1486 = DIRECTION ( 'NONE',  ( -0.8682431421244590800, 0.4961389383568340900, 0.0000000000000000000 ) ) ;
#1487 = EDGE_LOOP ( 'NONE', ( #1719, #3187, #2419, #442, #2614 ) ) ;
#1488 = VERTEX_POINT ( 'NONE', #2870 ) ;
#1489 =( NAMED_UNIT ( * ) PLANE_ANGLE_UNIT ( ) SI_UNIT ( $, .RADIAN. ) );
#1490 = ORIENTED_EDGE ( 'NONE', *, *, #4212, .F. ) ;
#1491 =( NAMED_UNIT ( * ) SI_UNIT ( $, .STERADIAN. ) SOLID_ANGLE_UNIT ( ) );
#1492 = DIRECTION ( 'NONE',  ( -1.000000000000000000, -1.084202172485504400E-015, 0.0000000000000000000 ) ) ;
#1493 = ORIENTED_EDGE ( 'NONE', *, *, #1782, .T. ) ;
#1494 = LINE ( 'NONE', #2247, #3703 ) ;
#1495 = CARTESIAN_POINT ( 'NONE',  ( -0.4000000000000000200, -0.05000000000000007200, 0.1000000000000000200 ) ) ;
#1496 = EDGE_CURVE ( 'NONE', #4241, #4466, #953, .T. ) ;
#1497 = VERTEX_POINT ( 'NONE', #3215 ) ;
#1498 = ADVANCED_FACE ( 'NONE', ( #3115 ), #128, .F. ) ;
#1499 = LINE ( 'NONE', #2985, #2695 ) ;
#1500 = ORIENTED_EDGE ( 'NONE', *, *, #2002, .T. ) ;
#1501 = LINE ( 'NONE', #1240, #1879 ) ;
#1502 = DIRECTION ( 'NONE',  ( 1.000000000000000000, 0.0000000000000000000, 0.0000000000000000000 ) ) ;
#1503 = ADVANCED_FACE ( 'NONE', ( #3054 ), #1482, .F. ) ;
#1504 = ORIENTED_EDGE ( 'NONE', *, *, #2066, .F. ) ;
#1505 = DIRECTION ( 'NONE',  ( -0.7071067811865370300, 0.7071067811865581200, 0.0000000000000000000 ) ) ;
#1506 = FILL_AREA_STYLE ('',( #3212 ) ) ;
#1507 = PLANE ( 'NONE',  #2565 ) ;
#1508 = ORIENTED_EDGE ( 'NONE', *, *, #107, .F. ) ;
#1509 = PRESENTATION_LAYER_ASSIGNMENT (  '', '', ( #1734 ) ) ;
#1510 = CARTESIAN_POINT ( 'NONE',  ( -0.5000000000000000000, -0.05000000000000009300, 0.05000000000000001700 ) ) ;
#1511 = VERTEX_POINT ( 'NONE', #70 ) ;
#1512 = LINE ( 'NONE', #1254, #3725 ) ;
#1513 = AXIS2_PLACEMENT_3D ( 'NONE', #663, #4458, #3766 ) ;
#1514 = VERTEX_POINT ( 'NONE', #1811 ) ;
#1515 = LINE ( 'NONE', #2420, #1569 ) ;
#1516 =( NAMED_UNIT ( * ) PLANE_ANGLE_UNIT ( ) SI_UNIT ( $, .RADIAN. ) );
#1517 = EDGE_CURVE ( 'NONE', #1197, #920, #1114, .T. ) ;
#1518 = CARTESIAN_POINT ( 'NONE',  ( -0.5000000000000001100, 0.5000000000000000000, 0.0000000000000000000 ) ) ;
#1519 =( LENGTH_UNIT ( ) NAMED_UNIT ( * ) SI_UNIT ( .MILLI., .METRE. ) );
#1520 = DIRECTION ( 'NONE',  ( 0.0000000000000000000, 1.000000000000000000, 0.0000000000000000000 ) ) ;
#1521 = ORIENTED_EDGE ( 'NONE', *, *, #3508, .T. ) ;
#1522 = CARTESIAN_POINT ( 'NONE',  ( 0.2000000000000000900, 0.4299999999999999900, 0.0000000000000000000 ) ) ;
#1523 = EDGE_CURVE ( 'NONE', #1085, #535, #2880, .T. ) ;
#1524 = LINE ( 'NONE', #1522, #3736 ) ;
#1525 = VECTOR ( 'NONE', #276, 1000.000000000000000 ) ;
#1526 = ORIENTED_EDGE ( 'NONE', *, *, #610, .F. ) ;
#1527 = STYLED_ITEM ( 'NONE', ( #3517 ), #309 ) ;
#1528 = PRESENTATION_STYLE_ASSIGNMENT (( #3983 ) ) ;
#1529 = CARTESIAN_POINT ( 'NONE',  ( -0.05000000000000423600, 0.3999999999999999100, 0.04999999999999999600 ) ) ;
#1530 = DIRECTION ( 'NONE',  ( -0.0000000000000000000, 0.0000000000000000000, -1.000000000000000000 ) ) ;
#1531 = CARTESIAN_POINT ( 'NONE',  ( -0.05941125496954295000, -0.2800000000000000300, 0.03500000000000000300 ) ) ;
#1532 = ORIENTED_EDGE ( 'NONE', *, *, #3937, .F. ) ;
#1533 = VECTOR ( 'NONE', #1870, 1000.000000000000000 ) ;
#1534 = ADVANCED_FACE ( 'NONE', ( #1198 ), #3535, .F. ) ;
#1535 =( GEOMETRIC_REPRESENTATION_CONTEXT ( 3 ) GLOBAL_UNCERTAINTY_ASSIGNED_CONTEXT ( ( #3773 ) ) GLOBAL_UNIT_ASSIGNED_CONTEXT ( ( #904, #3624, #3656 ) ) REPRESENTATION_CONTEXT ( 'NONE', 'WORKASPACE' ) );
#1536 = CARTESIAN_POINT ( 'NONE',  ( -0.4500000000000001200, -0.4999999999999998900, 0.1000000000000000100 ) ) ;
#1537 = VERTEX_POINT ( 'NONE', #3913 ) ;
#1538 = ORIENTED_EDGE ( 'NONE', *, *, #3959, .T. ) ;
#1539 = FACE_OUTER_BOUND ( 'NONE', #2477, .T. ) ;
#1540 = VECTOR ( 'NONE', #2734, 1000.000000000000000 ) ;
#1541 = ADVANCED_FACE ( 'NONE', ( #68 ), #4235, .T. ) ;
#1542 = EDGE_CURVE ( 'NONE', #3219, #1934, #1967, .T. ) ;
#1543 = ORIENTED_EDGE ( 'NONE', *, *, #3781, .F. ) ;
#1544 = FACE_OUTER_BOUND ( 'NONE', #1154, .T. ) ;
#1545 = SURFACE_STYLE_USAGE ( .BOTH. , #1882 ) ;
#1546 = CARTESIAN_POINT ( 'NONE',  ( -0.3400000000000000800, 0.3499999999999999200, 0.1000000000000000100 ) ) ;
#1547 = VERTEX_POINT ( 'NONE', #2183 ) ;
#1548 = CARTESIAN_POINT ( 'NONE',  ( 0.3999999999999999100, 0.3029999999999998800, 0.1000000000000000500 ) ) ;
#1549 = FACE_OUTER_BOUND ( 'NONE', #243, .T. ) ;
#1550 = EDGE_CURVE ( 'NONE', #1552, #383, #1061, .T. ) ;
#1551 = SURFACE_STYLE_USAGE ( .BOTH. , #157 ) ;
#1552 = VERTEX_POINT ( 'NONE', #465 ) ;
#1553 = DIRECTION ( 'NONE',  ( 1.084202172485504400E-015, -1.000000000000000000, 0.0000000000000000000 ) ) ;
#1554 = VERTEX_POINT ( 'NONE', #1116 ) ;
#1555 = EDGE_CURVE ( 'NONE', #1554, #1537, #3932, .T. ) ;
#1556 = ADVANCED_FACE ( 'NONE', ( #173 ), #1227, .T. ) ;
#1557 = EDGE_LOOP ( 'NONE', ( #4061, #3776, #841, #3158, #985 ) ) ;
#1558 = PRESENTATION_STYLE_ASSIGNMENT (( #3334 ) ) ;
#1559 = FACE_OUTER_BOUND ( 'NONE', #2913, .T. ) ;
#1560 = CARTESIAN_POINT ( 'NONE',  ( -0.5000000000000000000, -0.05000000000000009300, 0.1000000000000000200 ) ) ;
#1561 = PRESENTATION_LAYER_ASSIGNMENT (  '', '', ( #1483 ) ) ;
#1562 = CLOSED_SHELL ( 'NONE', ( #3489, #136, #1647, #1627, #1108, #384, #1503 ) ) ;
#1563 = PLANE ( 'NONE',  #3439 ) ;
#1564 = ADVANCED_FACE ( 'NONE', ( #675 ), #546, .T. ) ;
#1565 = CARTESIAN_POINT ( 'NONE',  ( 0.4500000000000001200, -0.3499999999999999200, 0.1000000000000000100 ) ) ;
#1566 = VECTOR ( 'NONE', #3153, 1000.000000000000000 ) ;
#1567 = ORIENTED_EDGE ( 'NONE', *, *, #2336, .T. ) ;
#1568 = EDGE_CURVE ( 'NONE', #1773, #4020, #4360, .T. ) ;
#1569 = VECTOR ( 'NONE', #4103, 1000.000000000000000 ) ;
#1570 = LINE ( 'NONE', #4026, #3303 ) ;
#1571 = EDGE_CURVE ( 'NONE', #1010, #4241, #1494, .T. ) ;
#1572 = CARTESIAN_POINT ( 'NONE',  ( 0.4999999999999998900, -0.2000000000000001500, 0.04999999999999987800 ) ) ;
#1573 = EDGE_LOOP ( 'NONE', ( #3178, #4187, #54, #4301 ) ) ;
#1574 = ORIENTED_EDGE ( 'NONE', *, *, #4519, .T. ) ;
#1575 = CARTESIAN_POINT ( 'NONE',  ( -0.3400000000000000800, -0.3499999999999999200, 0.0000000000000000000 ) ) ;
#1576 = AXIS2_PLACEMENT_3D ( 'NONE', #3879, #379, #2465 ) ;
#1577 = DIRECTION ( 'NONE',  ( 1.000000000000000000, 0.0000000000000000000, 0.0000000000000000000 ) ) ;
#1578 = DIRECTION ( 'NONE',  ( -1.000000000000000000, 0.0000000000000000000, 0.0000000000000000000 ) ) ;
#1579 = EDGE_LOOP ( 'NONE', ( #2837, #2745, #1878, #4095 ) ) ;
#1580 = LINE ( 'NONE', #1908, #4127 ) ;
#1581 = MANIFOLD_SOLID_BREP ( 'Metal6', #3296 ) ;
#1582 = AXIS2_PLACEMENT_3D ( 'NONE', #2378, #1714, #2019 ) ;
#1583 = VERTEX_POINT ( 'NONE', #3258 ) ;
#1584 =( NAMED_UNIT ( * ) PLANE_ANGLE_UNIT ( ) SI_UNIT ( $, .RADIAN. ) );
#1585 = ORIENTED_EDGE ( 'NONE', *, *, #879, .T. ) ;
#1586 = FACE_OUTER_BOUND ( 'NONE', #3542, .T. ) ;
#1587 = PLANE ( 'NONE',  #2216 ) ;
#1588 = DIRECTION ( 'NONE',  ( -1.000000000000000000, -2.168404344971009400E-016, 0.0000000000000000000 ) ) ;
#1589 = ORIENTED_EDGE ( 'NONE', *, *, #3366, .F. ) ;
#1590 = ORIENTED_EDGE ( 'NONE', *, *, #2328, .T. ) ;
#1591 = PRESENTATION_STYLE_ASSIGNMENT (( #1551 ) ) ;
#1592 = AXIS2_PLACEMENT_3D ( 'NONE', #3404, #2036, #3796 ) ;
#1593 = CARTESIAN_POINT ( 'NONE',  ( -0.4000000000000001300, 0.2999999999999999300, 0.09999999999999997800 ) ) ;
#1594 = ORIENTED_EDGE ( 'NONE', *, *, #1406, .T. ) ;
#1595 = LINE ( 'NONE', #1435, #238 ) ;
#1596 = CARTESIAN_POINT ( 'NONE',  ( -0.3394112549695521000, 1.081157679374394400E-014, 0.0000000000000000000 ) ) ;
#1597 = EDGE_CURVE ( 'NONE', #3715, #3865, #4025, .T. ) ;
#1598 = ORIENTED_EDGE ( 'NONE', *, *, #698, .T. ) ;
#1599 = CARTESIAN_POINT ( 'NONE',  ( 0.05941125496953094500, -0.2800000000000000300, -0.0000000000000000000 ) ) ;
#1600 = DIRECTION ( 'NONE',  ( -1.000000000000000000, 0.0000000000000000000, -5.646886315028669300E-017 ) ) ;
#1601 = ORIENTED_EDGE ( 'NONE', *, *, #1425, .F. ) ;
#1602 = EDGE_CURVE ( 'NONE', #2126, #3950, #3655, .T. ) ;
#1603 = DIRECTION ( 'NONE',  ( 1.000000000000000000, 0.0000000000000000000, 0.0000000000000000000 ) ) ;
#1604 = ADVANCED_FACE ( 'NONE', ( #3169, #1315 ), #3286, .T. ) ;
#1605 = FILL_AREA_STYLE_COLOUR ( '', #2857 ) ;
#1606 = ORIENTED_EDGE ( 'NONE', *, *, #3165, .F. ) ;
#1607 = UNCERTAINTY_MEASURE_WITH_UNIT (LENGTH_MEASURE( 1.000000000000000100E-005 ), #3237, 'distance_accuracy_value', 'NONE');
#1608 = DIRECTION ( 'NONE',  ( 0.0000000000000000000, 0.0000000000000000000, 1.000000000000000000 ) ) ;
#1609 = ORIENTED_EDGE ( 'NONE', *, *, #2032, .T. ) ;
#1610 = DIRECTION ( 'NONE',  ( -0.7071067811865495700, -0.7071067811865455700, -0.0000000000000000000 ) ) ;
#1611 = VECTOR ( 'NONE', #150, 1000.000000000000000 ) ;
#1612 = LINE ( 'NONE', #2232, #4426 ) ;
#1613 = VERTEX_POINT ( 'NONE', #3960 ) ;
#1614 = CARTESIAN_POINT ( 'NONE',  ( 0.4500000000000001200, 0.4999999999999998900, 0.1000000000000000100 ) ) ;
#1615 = SURFACE_SIDE_STYLE ('',( #342 ) ) ;
#1616 = CARTESIAN_POINT ( 'NONE',  ( 0.3999999999999999100, -0.2000000000000001500, 0.09999999999999988100 ) ) ;
#1617 = FACE_OUTER_BOUND ( 'NONE', #4491, .T. ) ;
#1618 = PRESENTATION_LAYER_ASSIGNMENT (  '', '', ( #2246 ) ) ;
#1619 =( LENGTH_UNIT ( ) NAMED_UNIT ( * ) SI_UNIT ( .MILLI., .METRE. ) );
#1620 = ORIENTED_EDGE ( 'NONE', *, *, #2396, .F. ) ;
#1621 = CARTESIAN_POINT ( 'NONE',  ( 0.3999999999999999100, -0.2000000000000001500, 0.04999999999999987800 ) ) ;
#1622 = VECTOR ( 'NONE', #1486, 1000.000000000000100 ) ;
#1623 = EDGE_CURVE ( 'NONE', #2790, #684, #3981, .T. ) ;
#1624 = VERTEX_POINT ( 'NONE', #558 ) ;
#1625 = FILL_AREA_STYLE ('',( #1986 ) ) ;
#1626 = PLANE ( 'NONE',  #876 ) ;
#1627 = ADVANCED_FACE ( 'NONE', ( #2389 ), #2258, .T. ) ;
#1628 = EDGE_CURVE ( 'NONE', #958, #1583, #2830, .T. ) ;
#1629 = LINE ( 'NONE', #1716, #1798 ) ;
#1630 = DIRECTION ( 'NONE',  ( -0.0000000000000000000, -0.0000000000000000000, -1.000000000000000000 ) ) ;
#1631 = CARTESIAN_POINT ( 'NONE',  ( -0.05000000000000423600, 0.3999999999999999100, 0.04999999999999999600 ) ) ;
#1632 = CARTESIAN_POINT ( 'NONE',  ( -0.2000000000000000900, -0.5000000000000000000, 0.1000000000000000100 ) ) ;
#1633 = CARTESIAN_POINT ( 'NONE',  ( 0.4500000000000001200, -0.3499999999999999200, 0.0000000000000000000 ) ) ;
#1634 = LINE ( 'NONE', #1222, #220 ) ;
#1635 = DIRECTION ( 'NONE',  ( 0.8682431421244590800, -0.4961389383568340900, 0.0000000000000000000 ) ) ;
#1636 = EDGE_LOOP ( 'NONE', ( #963, #915, #4209, #560 ) ) ;
#1637 = DIRECTION ( 'NONE',  ( -0.0000000000000000000, -0.0000000000000000000, 1.000000000000000000 ) ) ;
#1638 = CARTESIAN_POINT ( 'NONE',  ( -0.5000000000000000000, -0.2000000000000000900, 0.1000000000000000500 ) ) ;
#1639 = ORIENTED_EDGE ( 'NONE', *, *, #2149, .F. ) ;
#1640 = ORIENTED_EDGE ( 'NONE', *, *, #908, .T. ) ;
#1641 = AXIS2_PLACEMENT_3D ( 'NONE', #56, #3155, #1779 ) ;
#1642 = CARTESIAN_POINT ( 'NONE',  ( 0.3400000000000000800, 0.3499999999999999200, 0.0000000000000000000 ) ) ;
#1643 = DIRECTION ( 'NONE',  ( 0.0000000000000000000, 1.000000000000000000, 0.0000000000000000000 ) ) ;
#1644 = CARTESIAN_POINT ( 'NONE',  ( 0.4500000000000001200, 0.3499999999999999200, 0.0000000000000000000 ) ) ;
#1645 = CARTESIAN_POINT ( 'NONE',  ( 0.3999999999999999100, -1.084202172485504600E-017, 0.0000000000000000000 ) ) ;
#1646 = ORIENTED_EDGE ( 'NONE', *, *, #3917, .F. ) ;
#1647 = ADVANCED_FACE ( 'NONE', ( #2991 ), #1563, .T. ) ;
#1648 = DIRECTION ( 'NONE',  ( 0.7071067811865456900, -0.7071067811865493500, -0.0000000000000000000 ) ) ;
#1649 = EDGE_CURVE ( 'NONE', #3337, #4228, #413, .T. ) ;
#1650 = VERTEX_POINT ( 'NONE', #3987 ) ;
#1651 =( NAMED_UNIT ( * ) PLANE_ANGLE_UNIT ( ) SI_UNIT ( $, .RADIAN. ) );
#1652 = FACE_OUTER_BOUND ( 'NONE', #3001, .T. ) ;
#1653 = DIRECTION ( 'NONE',  ( 0.0000000000000000000, -1.000000000000000000, 1.694065894508600700E-016 ) ) ;
#1654 = ORIENTED_EDGE ( 'NONE', *, *, #858, .F. ) ;
#1655 = CARTESIAN_POINT ( 'NONE',  ( -0.05000000000000422200, 0.4999999999999998900, 0.04999999999999999600 ) ) ;
#1656 = VECTOR ( 'NONE', #540, 1000.000000000000000 ) ;
#1657 = EDGE_CURVE ( 'NONE', #4280, #2172, #3549, .T. ) ;
#1658 = ORIENTED_EDGE ( 'NONE', *, *, #4519, .F. ) ;
#1659 = CARTESIAN_POINT ( 'NONE',  ( -0.5000000000000000000, 0.06999999999999989600, 0.1000000000000000200 ) ) ;
#1660 = VECTOR ( 'NONE', #2145, 1000.000000000000000 ) ;
#1661 =( NAMED_UNIT ( * ) PLANE_ANGLE_UNIT ( ) SI_UNIT ( $, .RADIAN. ) );
#1662 = CARTESIAN_POINT ( 'NONE',  ( 0.4500000000000001200, 0.4999999999999998900, 0.0000000000000000000 ) ) ;
#1663 = VERTEX_POINT ( 'NONE', #219 ) ;
#1664 = LINE ( 'NONE', #927, #2100 ) ;
#1665 = MANIFOLD_SOLID_BREP ( 'Metal4', #365 ) ;
#1666 = DIRECTION ( 'NONE',  ( 0.0000000000000000000, -1.000000000000000000, 0.0000000000000000000 ) ) ;
#1667 = VECTOR ( 'NONE', #1148, 1000.000000000000000 ) ;
#1668 = ORIENTED_EDGE ( 'NONE', *, *, #3718, .F. ) ;
#1669 = DIRECTION ( 'NONE',  ( -0.0000000000000000000, -0.0000000000000000000, -1.000000000000000000 ) ) ;
#1670 = LINE ( 'NONE', #3059, #1997 ) ;
#1671 = VECTOR ( 'NONE', #3017, 1000.000000000000000 ) ;
#1672 = CARTESIAN_POINT ( 'NONE',  ( -0.4000000000000001300, 0.2999999999999999300, 0.09999999999999997800 ) ) ;
#1673 = ADVANCED_FACE ( 'NONE', ( #3977 ), #3338, .T. ) ;
#1674 = ORIENTED_EDGE ( 'NONE', *, *, #2274, .T. ) ;
#1675 = DIRECTION ( 'NONE',  ( 1.084202172485504600E-016, -1.000000000000000000, 0.0000000000000000000 ) ) ;
#1676 = VECTOR ( 'NONE', #4132, 1000.000000000000000 ) ;
#1677 = FILL_AREA_STYLE_COLOUR ( '', #2064 ) ;
#1678 = CARTESIAN_POINT ( 'NONE',  ( 0.2000000000000000900, 0.5000000000000000000, 0.1000000000000000100 ) ) ;
#1679 = DIRECTION ( 'NONE',  ( 0.0000000000000000000, 1.000000000000000000, 1.355252715606880300E-016 ) ) ;
#1680 = VERTEX_POINT ( 'NONE', #2942 ) ;
#1681 = AXIS2_PLACEMENT_3D ( 'NONE', #1404, #2411, #2077 ) ;
#1682 = LINE ( 'NONE', #2767, #1954 ) ;
#1683 = ORIENTED_EDGE ( 'NONE', *, *, #1790, .T. ) ;
#1684 = EDGE_CURVE ( 'NONE', #2035, #1869, #1916, .T. ) ;
#1685 = PLANE ( 'NONE',  #1418 ) ;
#1686 = STYLED_ITEM ( 'NONE', ( #2047 ), #4382 ) ;
#1687 = DIRECTION ( 'NONE',  ( 0.0000000000000000000, 0.0000000000000000000, -1.000000000000000000 ) ) ;
#1688 = LINE ( 'NONE', #1052, #3308 ) ;
#1689 = PLANE ( 'NONE',  #2127 ) ;
#1690 = EDGE_CURVE ( 'NONE', #1215, #573, #3315, .T. ) ;
#1691 = CARTESIAN_POINT ( 'NONE',  ( 0.3999999999999999100, -0.07000000000000013200, 0.09999999999999990800 ) ) ;
#1692 = EDGE_LOOP ( 'NONE', ( #2048, #2863, #302, #1704 ) ) ;
#1693 = LINE ( 'NONE', #961, #1143 ) ;
#1694 = CARTESIAN_POINT ( 'NONE',  ( -0.5000000000000001100, 0.5000000000000000000, 0.3700000000000000000 ) ) ;
#1695 = PLANE ( 'NONE',  #2528 ) ;
#1696 = ADVANCED_FACE ( 'NONE', ( #2603 ), #3714, .F. ) ;
#1697 = FILL_AREA_STYLE ('',( #1361 ) ) ;
#1698 = EDGE_LOOP ( 'NONE', ( #2238, #2209, #4080, #1711, #4476 ) ) ;
#1699 = ORIENTED_EDGE ( 'NONE', *, *, #940, .T. ) ;
#1700 = VECTOR ( 'NONE', #259, 1000.000000000000000 ) ;
#1701 = SURFACE_SIDE_STYLE ('',( #3084 ) ) ;
#1702 = AXIS2_PLACEMENT_3D ( 'NONE', #3116, #2747, #1679 ) ;
#1703 = ORIENTED_EDGE ( 'NONE', *, *, #3137, .T. ) ;
#1704 = ORIENTED_EDGE ( 'NONE', *, *, #4415, .T. ) ;
#1705 = PRESENTATION_STYLE_ASSIGNMENT (( #3696 ) ) ;
#1706 = PLANE ( 'NONE',  #1343 ) ;
#1707 = VERTEX_POINT ( 'NONE', #4005 ) ;
#1708 = LINE ( 'NONE', #111, #3935 ) ;
#1709 = MECHANICAL_DESIGN_GEOMETRIC_PRESENTATION_REPRESENTATION (  '', ( #1483 ), #1940 ) ;
#1710 = FACE_OUTER_BOUND ( 'NONE', #1192, .T. ) ;
#1711 = ORIENTED_EDGE ( 'NONE', *, *, #1311, .F. ) ;
#1712 =( GEOMETRIC_REPRESENTATION_CONTEXT ( 3 ) GLOBAL_UNCERTAINTY_ASSIGNED_CONTEXT ( ( #670 ) ) GLOBAL_UNIT_ASSIGNED_CONTEXT ( ( #475, #776, #3525 ) ) REPRESENTATION_CONTEXT ( 'NONE', 'WORKASPACE' ) );
#1713 = ORIENTED_EDGE ( 'NONE', *, *, #2691, .F. ) ;
#1714 = DIRECTION ( 'NONE',  ( 0.0000000000000000000, 1.000000000000000000, 0.0000000000000000000 ) ) ;
#1715 = VERTEX_POINT ( 'NONE', #145 ) ;
#1716 = CARTESIAN_POINT ( 'NONE',  ( -0.2000000000000000900, -0.4299999999999999900, 0.0000000000000000000 ) ) ;
#1717 = ADVANCED_FACE ( 'NONE', ( #1539 ), #605, .F. ) ;
#1718 = EDGE_CURVE ( 'NONE', #2263, #305, #4356, .T. ) ;
#1719 = ORIENTED_EDGE ( 'NONE', *, *, #2833, .T. ) ;
#1720 =( LENGTH_UNIT ( ) NAMED_UNIT ( * ) SI_UNIT ( .MILLI., .METRE. ) );
#1721 = CARTESIAN_POINT ( 'NONE',  ( 0.3999999999999999100, 0.04999999999999985700, 0.09999999999999996400 ) ) ;
#1722 = PLANE ( 'NONE',  #2347 ) ;
#1723 = VECTOR ( 'NONE', #3664, 1000.000000000000000 ) ;
#1724 = LINE ( 'NONE', #1480, #1891 ) ;
#1725 = CARTESIAN_POINT ( 'NONE',  ( 0.4500000000000001200, -0.4999999999999998900, 0.0000000000000000000 ) ) ;
#1726 = ORIENTED_EDGE ( 'NONE', *, *, #3610, .F. ) ;
#1727 = DIRECTION ( 'NONE',  ( 0.0000000000000000000, 0.0000000000000000000, 1.000000000000000000 ) ) ;
#1728 = CARTESIAN_POINT ( 'NONE',  ( 0.3394112549695375000, 4.971786736228057700E-015, 0.03500000000000000300 ) ) ;
#1729 = LINE ( 'NONE', #935, #4447 ) ;
#1730 = CARTESIAN_POINT ( 'NONE',  ( 0.3400000000000000800, -0.3499999999999999200, 0.0000000000000000000 ) ) ;
#1731 = ORIENTED_EDGE ( 'NONE', *, *, #2495, .F. ) ;
#1732 = DIRECTION ( 'NONE',  ( -0.0000000000000000000, -0.0000000000000000000, 1.000000000000000000 ) ) ;
#1733 = COLOUR_RGB ( '',1.000000000000000000, 0.5019607843137254800, 0.0000000000000000000 ) ;
#1734 = STYLED_ITEM ( 'NONE', ( #2393 ), #1498 ) ;
#1735 = DIRECTION ( 'NONE',  ( -1.000000000000000000, 0.0000000000000000000, 0.0000000000000000000 ) ) ;
#1736 = CARTESIAN_POINT ( 'NONE',  ( 0.4999999999999998900, 0.04999999999999987100, 0.04999999999999995400 ) ) ;
#1737 = CARTESIAN_POINT ( 'NONE',  ( 0.2000000000000000900, -0.4299999999999999900, 0.1000000000000000100 ) ) ;
#1738 = EDGE_LOOP ( 'NONE', ( #3752, #3598, #4120, #258 ) ) ;
#1739 = FACE_OUTER_BOUND ( 'NONE', #2504, .T. ) ;
#1740 =( LENGTH_UNIT ( ) NAMED_UNIT ( * ) SI_UNIT ( .MILLI., .METRE. ) );
#1741 = DIRECTION ( 'NONE',  ( 0.0000000000000000000, -1.000000000000000000, -4.517509052022935500E-016 ) ) ;
#1742 = AXIS2_PLACEMENT_3D ( 'NONE', #1419, #2813, #1797 ) ;
#1743 = ADVANCED_FACE ( 'NONE', ( #1006 ), #905, .F. ) ;
#1744 = DIRECTION ( 'NONE',  ( 0.0000000000000000000, 1.000000000000000000, 0.0000000000000000000 ) ) ;
#1745 = FACE_OUTER_BOUND ( 'NONE', #1189, .T. ) ;
#1746 = DIRECTION ( 'NONE',  ( 0.0000000000000000000, 0.0000000000000000000, -1.000000000000000000 ) ) ;
#1747 = PLANE ( 'NONE',  #494 ) ;
#1748 = EDGE_CURVE ( 'NONE', #533, #2927, #1758, .T. ) ;
#1749 = LINE ( 'NONE', #2218, #3358 ) ;
#1750 = CARTESIAN_POINT ( 'NONE',  ( 0.0000000000000000000, 0.0000000000000000000, 0.0000000000000000000 ) ) ;
#1751 = ORIENTED_EDGE ( 'NONE', *, *, #3833, .T. ) ;
#1752 = COLOUR_RGB ( '',1.000000000000000000, 1.000000000000000000, 1.000000000000000000 ) ;
#1753 = EDGE_CURVE ( 'NONE', #890, #3755, #785, .T. ) ;
#1754 =( NAMED_UNIT ( * ) SI_UNIT ( $, .STERADIAN. ) SOLID_ANGLE_UNIT ( ) );
#1755 = VERTEX_POINT ( 'NONE', #3025 ) ;
#1756 = DIRECTION ( 'NONE',  ( 0.0000000000000000000, 0.0000000000000000000, -1.000000000000000000 ) ) ;
#1757 = ORIENTED_EDGE ( 'NONE', *, *, #2455, .T. ) ;
#1758 = LINE ( 'NONE', #3354, #1700 ) ;
#1759 = CARTESIAN_POINT ( 'NONE',  ( 0.4500000000000001200, 0.4999999999999998900, 0.1000000000000000100 ) ) ;
#1760 = ORIENTED_EDGE ( 'NONE', *, *, #1329, .F. ) ;
#1761 = CARTESIAN_POINT ( 'NONE',  ( 0.3999999999999999100, -0.07000000000000013200, 0.09999999999999990800 ) ) ;
#1762 = LINE ( 'NONE', #4496, #4141 ) ;
#1763 = CARTESIAN_POINT ( 'NONE',  ( 0.3999999999999999100, 0.3029999999999998800, 0.1000000000000000500 ) ) ;
#1764 = AXIS2_PLACEMENT_3D ( 'NONE', #1851, #1863, #2668 ) ;
#1765 = ORIENTED_EDGE ( 'NONE', *, *, #4068, .F. ) ;
#1766 = LINE ( 'NONE', #3412, #3376 ) ;
#1767 = CARTESIAN_POINT ( 'NONE',  ( 0.3999999999999999100, -0.07000000000000013200, 0.04999999999999992000 ) ) ;
#1768 = ADVANCED_FACE ( 'NONE', ( #1586 ), #3008, .T. ) ;
#1769 = PLANE ( 'NONE',  #748 ) ;
#1770 = VERTEX_POINT ( 'NONE', #4014 ) ;
#1771 = AXIS2_PLACEMENT_3D ( 'NONE', #2515, #2556, #3227 ) ;
#1772 = DIRECTION ( 'NONE',  ( -0.0000000000000000000, -0.0000000000000000000, -1.000000000000000000 ) ) ;
#1773 = VERTEX_POINT ( 'NONE', #4402 ) ;
#1774 = DIRECTION ( 'NONE',  ( 0.0000000000000000000, 0.0000000000000000000, -1.000000000000000000 ) ) ;
#1775 = EDGE_CURVE ( 'NONE', #1992, #4466, #3217, .T. ) ;
#1776 =( LENGTH_UNIT ( ) NAMED_UNIT ( * ) SI_UNIT ( .MILLI., .METRE. ) );
#1777 = CARTESIAN_POINT ( 'NONE',  ( 0.3394112549695375000, 4.971786736228057700E-015, 0.03500000000000000300 ) ) ;
#1778 = ORIENTED_EDGE ( 'NONE', *, *, #4251, .F. ) ;
#1779 = DIRECTION ( 'NONE',  ( -1.000000000000000000, -1.084202172485504700E-016, 0.0000000000000000000 ) ) ;
#1780 = VECTOR ( 'NONE', #3692, 1000.000000000000000 ) ;
#1781 = VECTOR ( 'NONE', #4493, 1000.000000000000000 ) ;
#1782 = EDGE_CURVE ( 'NONE', #541, #1613, #3599, .T. ) ;
#1783 = ORIENTED_EDGE ( 'NONE', *, *, #3739, .F. ) ;
#1784 = LINE ( 'NONE', #1125, #3849 ) ;
#1785 = LINE ( 'NONE', #1248, #2251 ) ;
#1786 = CARTESIAN_POINT ( 'NONE',  ( 0.2000000000000000900, 0.4299999999999999900, 0.1000000000000000100 ) ) ;
#1787 = ORIENTED_EDGE ( 'NONE', *, *, #2066, .T. ) ;
#1788 = VECTOR ( 'NONE', #1816, 1000.000000000000000 ) ;
#1789 = DIRECTION ( 'NONE',  ( 0.7071067811865456900, -0.7071067811865493500, -0.0000000000000000000 ) ) ;
#1790 = EDGE_CURVE ( 'NONE', #1326, #1770, #4413, .T. ) ;
#1791 = ORIENTED_EDGE ( 'NONE', *, *, #2391, .T. ) ;
#1792 = CARTESIAN_POINT ( 'NONE',  ( 0.2000000000000000900, 0.5000000000000000000, 0.1000000000000000100 ) ) ;
#1793 = CARTESIAN_POINT ( 'NONE',  ( -0.3999999999999999100, -0.3000000000000001000, 0.1000000000000000500 ) ) ;
#1794 = DIRECTION ( 'NONE',  ( -0.0000000000000000000, -0.0000000000000000000, -1.000000000000000000 ) ) ;
#1795 = VERTEX_POINT ( 'NONE', #2625 ) ;
#1796 = AXIS2_PLACEMENT_3D ( 'NONE', #2917, #2129, #2438 ) ;
#1797 = DIRECTION ( 'NONE',  ( 0.0000000000000000000, -0.0000000000000000000, 1.000000000000000000 ) ) ;
#1798 = VECTOR ( 'NONE', #3111, 1000.000000000000100 ) ;
#1799 = COLOUR_RGB ( '',1.000000000000000000, 1.000000000000000000, 1.000000000000000000 ) ;
#1800 = VERTEX_POINT ( 'NONE', #2648 ) ;
#1801 = LINE ( 'NONE', #1372, #662 ) ;
#1802 = CARTESIAN_POINT ( 'NONE',  ( 0.4500000000000001200, 0.4999999999999998900, 0.1000000000000000100 ) ) ;
#1803 = EDGE_CURVE ( 'NONE', #2678, #2338, #2231, .T. ) ;
#1804 = ORIENTED_EDGE ( 'NONE', *, *, #2396, .T. ) ;
#1805 = FACE_OUTER_BOUND ( 'NONE', #2910, .T. ) ;
#1806 = CARTESIAN_POINT ( 'NONE',  ( 0.3999999999999999100, 0.04999999999999985700, 0.04999999999999995400 ) ) ;
#1807 = CARTESIAN_POINT ( 'NONE',  ( 0.4500000000000001200, -0.3499999999999999200, 0.1000000000000000100 ) ) ;
#1808 = CARTESIAN_POINT ( 'NONE',  ( -0.05941125496954295000, -0.2800000000000000300, 0.03500000000000000300 ) ) ;
#1809 = EDGE_CURVE ( 'NONE', #2027, #4308, #3753, .T. ) ;
#1810 = ORIENTED_EDGE ( 'NONE', *, *, #1007, .T. ) ;
#1811 = CARTESIAN_POINT ( 'NONE',  ( 0.06999999999999574600, 0.3999999999999999100, 0.1000000000000000100 ) ) ;
#1812 = ORIENTED_EDGE ( 'NONE', *, *, #1115, .F. ) ;
#1813 = VECTOR ( 'NONE', #4370, 1000.000000000000000 ) ;
#1814 = ADVANCED_FACE ( 'NONE', ( #458 ), #2977, .T. ) ;
#1815 = CARTESIAN_POINT ( 'NONE',  ( 0.06999999999999574600, 0.3999999999999999100, 0.05000000000000000300 ) ) ;
#1816 = DIRECTION ( 'NONE',  ( -0.0000000000000000000, 1.000000000000000000, 2.823443157514334800E-016 ) ) ;
#1817 = ORIENTED_EDGE ( 'NONE', *, *, #143, .F. ) ;
#1818 = ORIENTED_EDGE ( 'NONE', *, *, #3575, .T. ) ;
#1819 = AXIS2_PLACEMENT_3D ( 'NONE', #3899, #739, #1408 ) ;
#1820 = CARTESIAN_POINT ( 'NONE',  ( -0.3394112549695521000, 1.081157679374394400E-014, 0.03500000000000000300 ) ) ;
#1821 = VERTEX_POINT ( 'NONE', #897 ) ;
#1822 = VECTOR ( 'NONE', #1000, 1000.000000000000000 ) ;
#1823 = DIRECTION ( 'NONE',  ( -1.000000000000000000, -2.168404344971009400E-016, 0.0000000000000000000 ) ) ;
#1824 = VECTOR ( 'NONE', #3179, 1000.000000000000000 ) ;
#1825 = CARTESIAN_POINT ( 'NONE',  ( -0.05000000000000422900, 0.3999999999999999100, 0.1000000000000000100 ) ) ;
#1826 = CARTESIAN_POINT ( 'NONE',  ( 0.2000000000000000900, -0.5000000000000000000, 0.0000000000000000000 ) ) ;
#1827 = VERTEX_POINT ( 'NONE', #724 ) ;
#1828 = AXIS2_PLACEMENT_3D ( 'NONE', #530, #2956, #1212 ) ;
#1829 = CARTESIAN_POINT ( 'NONE',  ( -0.3999999999999998000, -5.204170427930420300E-016, 0.0000000000000000000 ) ) ;
#1830 = ORIENTED_EDGE ( 'NONE', *, *, #1597, .T. ) ;
#1831 = CARTESIAN_POINT ( 'NONE',  ( 0.2000000000000000900, 0.5000000000000000000, 0.1000000000000000100 ) ) ;
#1832 = DIRECTION ( 'NONE',  ( 0.0000000000000000000, -1.000000000000000000, -2.710505431213761600E-016 ) ) ;
#1833 = STYLED_ITEM ( 'NONE', ( #1050 ), #2380 ) ;
#1834 = ORIENTED_EDGE ( 'NONE', *, *, #3833, .F. ) ;
#1835 = VECTOR ( 'NONE', #4372, 1000.000000000000000 ) ;
#1836 = ADVANCED_FACE ( 'NONE', ( #609 ), #938, .F. ) ;
#1837 = LINE ( 'NONE', #3649, #2847 ) ;
#1838 = ORIENTED_EDGE ( 'NONE', *, *, #1300, .T. ) ;
#1839 = EDGE_CURVE ( 'NONE', #3646, #1326, #3268, .T. ) ;
#1840 = PLANE ( 'NONE',  #1771 ) ;
#1841 =( NAMED_UNIT ( * ) PLANE_ANGLE_UNIT ( ) SI_UNIT ( $, .RADIAN. ) );
#1842 = FACE_OUTER_BOUND ( 'NONE', #2255, .T. ) ;
#1843 = DIRECTION ( 'NONE',  ( 0.0000000000000000000, 0.0000000000000000000, 1.000000000000000000 ) ) ;
#1844 = EDGE_LOOP ( 'NONE', ( #1812, #4092, #1060, #1504 ) ) ;
#1845 = DIRECTION ( 'NONE',  ( 1.084202172485504600E-015, -1.000000000000000000, 0.0000000000000000000 ) ) ;
#1846 = CARTESIAN_POINT ( 'NONE',  ( 0.2000000000000000900, 0.5000000000000000000, 0.1000000000000000100 ) ) ;
#1847 = EDGE_CURVE ( 'NONE', #4196, #4269, #2552, .T. ) ;
#1848 = ORIENTED_EDGE ( 'NONE', *, *, #143, .T. ) ;
#1849 = VECTOR ( 'NONE', #1832, 1000.000000000000000 ) ;
#1850 = VECTOR ( 'NONE', #2593, 1000.000000000000000 ) ;
#1851 = CARTESIAN_POINT ( 'NONE',  ( 0.0000000000000000000, 0.0000000000000000000, 0.03500000000000000300 ) ) ;
#1852 = ORIENTED_EDGE ( 'NONE', *, *, #1141, .F. ) ;
#1853 = VECTOR ( 'NONE', #2429, 1000.000000000000000 ) ;
#1854 = LINE ( 'NONE', #1387, #3145 ) ;
#1855 = AXIS2_PLACEMENT_3D ( 'NONE', #2451, #62, #3884 ) ;
#1856 = DIRECTION ( 'NONE',  ( 1.000000000000000000, 0.0000000000000000000, 0.0000000000000000000 ) ) ;
#1857 = DIRECTION ( 'NONE',  ( -0.0000000000000000000, 1.000000000000000000, -0.0000000000000000000 ) ) ;
#1858 = EDGE_LOOP ( 'NONE', ( #3385, #4471, #4396, #3991 ) ) ;
#1859 = CARTESIAN_POINT ( 'NONE',  ( 0.2000000000000000900, -0.4299999999999999900, 0.0000000000000000000 ) ) ;
#1860 = VECTOR ( 'NONE', #4019, 1000.000000000000200 ) ;
#1861 = DIRECTION ( 'NONE',  ( 0.0000000000000000000, -1.000000000000000000, 1.694065894508600700E-016 ) ) ;
#1862 = DIRECTION ( 'NONE',  ( 2.938735877055718800E-032, -2.710505431213760600E-016, 1.000000000000000000 ) ) ;
#1863 = DIRECTION ( 'NONE',  ( 0.0000000000000000000, 0.0000000000000000000, 1.000000000000000000 ) ) ;
#1864 = ADVANCED_FACE ( 'NONE', ( #3487 ), #3481, .T. ) ;
#1865 = EDGE_CURVE ( 'NONE', #1085, #1107, #2826, .T. ) ;
#1866 = VERTEX_POINT ( 'NONE', #3840 ) ;
#1867 = AXIS2_PLACEMENT_3D ( 'NONE', #3804, #2454, #3118 ) ;
#1868 =( NAMED_UNIT ( * ) SI_UNIT ( $, .STERADIAN. ) SOLID_ANGLE_UNIT ( ) );
#1869 = VERTEX_POINT ( 'NONE', #3859 ) ;
#1870 = DIRECTION ( 'NONE',  ( -1.084202172485504600E-015, 1.000000000000000000, -0.0000000000000000000 ) ) ;
#1871 = VERTEX_POINT ( 'NONE', #732 ) ;
#1872 = VECTOR ( 'NONE', #2367, 1000.000000000000000 ) ;
#1873 = SURFACE_SIDE_STYLE ('',( #1129 ) ) ;
#1874 = EDGE_CURVE ( 'NONE', #4203, #3763, #943, .T. ) ;
#1875 = SURFACE_SIDE_STYLE ('',( #4366 ) ) ;
#1876 = VERTEX_POINT ( 'NONE', #4198 ) ;
#1877 = VECTOR ( 'NONE', #1520, 1000.000000000000000 ) ;
#1878 = ORIENTED_EDGE ( 'NONE', *, *, #3663, .F. ) ;
#1879 = VECTOR ( 'NONE', #3361, 1000.000000000000000 ) ;
#1880 = ADVANCED_FACE ( 'NONE', ( #406 ), #1112, .T. ) ;
#1881 = ORIENTED_EDGE ( 'NONE', *, *, #3393, .F. ) ;
#1882 = SURFACE_SIDE_STYLE ('',( #3728 ) ) ;
#1883 = CARTESIAN_POINT ( 'NONE',  ( 0.3999999999999999100, -0.2000000000000001500, 0.04999999999999987800 ) ) ;
#1884 = ORIENTED_EDGE ( 'NONE', *, *, #579, .F. ) ;
#1885 = AXIS2_PLACEMENT_3D ( 'NONE', #249, #554, #2969 ) ;
#1886 = ADVANCED_FACE ( 'NONE', ( #1193 ), #3152, .F. ) ;
#1887 = LINE ( 'NONE', #3910, #913 ) ;
#1888 = FILL_AREA_STYLE ('',( #2249 ) ) ;
#1889 = ORIENTED_EDGE ( 'NONE', *, *, #966, .T. ) ;
#1890 = PRESENTATION_LAYER_ASSIGNMENT (  '', '', ( #1330 ) ) ;
#1891 = VECTOR ( 'NONE', #2867, 1000.000000000000000 ) ;
#1892 = ORIENTED_EDGE ( 'NONE', *, *, #3256, .F. ) ;
#1893 = EDGE_CURVE ( 'NONE', #2275, #432, #1151, .T. ) ;
#1894 = ORIENTED_EDGE ( 'NONE', *, *, #3772, .F. ) ;
#1895 = CARTESIAN_POINT ( 'NONE',  ( 0.3999999999999999100, -0.2000000000000001500, 0.09999999999999988100 ) ) ;
#1896 = DIRECTION ( 'NONE',  ( 1.000000000000000000, 0.0000000000000000000, 0.0000000000000000000 ) ) ;
#1897 = LINE ( 'NONE', #3770, #984 ) ;
#1898 = DIRECTION ( 'NONE',  ( -1.084202172485504600E-015, 1.000000000000000000, -1.355252715606880800E-016 ) ) ;
#1899 = CARTESIAN_POINT ( 'NONE',  ( -0.4500000000000001200, -0.4999999999999998900, 0.0000000000000000000 ) ) ;
#1900 = ORIENTED_EDGE ( 'NONE', *, *, #503, .F. ) ;
#1901 = SURFACE_SIDE_STYLE ('',( #1351 ) ) ;
#1902 = EDGE_CURVE ( 'NONE', #428, #623, #501, .T. ) ;
#1903 = ORIENTED_EDGE ( 'NONE', *, *, #161, .F. ) ;
#1904 = LINE ( 'NONE', #311, #2914 ) ;
#1905 = PRESENTATION_LAYER_ASSIGNMENT (  '', '', ( #3669 ) ) ;
#1906 = LINE ( 'NONE', #1341, #996 ) ;
#1907 = CARTESIAN_POINT ( 'NONE',  ( 0.4999999999999998900, -0.3000000000000001600, 0.09999999999999985300 ) ) ;
#1908 = CARTESIAN_POINT ( 'NONE',  ( -0.5000000000000000000, 0.1999999999999999300, 0.04999999999999998900 ) ) ;
#1909 = DIRECTION ( 'NONE',  ( -1.000000000000000000, -2.168404344971009400E-016, 0.0000000000000000000 ) ) ;
#1910 = CARTESIAN_POINT ( 'NONE',  ( -0.5000000000000000000, 0.06999999999999989600, 0.04999999999999999600 ) ) ;
#1911 = ORIENTED_EDGE ( 'NONE', *, *, #2336, .F. ) ;
#1912 = LINE ( 'NONE', #2404, #2875 ) ;
#1913 = CARTESIAN_POINT ( 'NONE',  ( -0.2000000000000000900, -0.5000000000000000000, 0.1000000000000000100 ) ) ;
#1914 = ORIENTED_EDGE ( 'NONE', *, *, #1274, .F. ) ;
#1915 = EDGE_LOOP ( 'NONE', ( #80, #1449, #520, #1791 ) ) ;
#1916 = LINE ( 'NONE', #2988, #556 ) ;
#1917 = EDGE_CURVE ( 'NONE', #3853, #4113, #2436, .T. ) ;
#1918 = ORIENTED_EDGE ( 'NONE', *, *, #966, .F. ) ;
#1919 = AXIS2_PLACEMENT_3D ( 'NONE', #3543, #64, #445 ) ;
#1920 = VERTEX_POINT ( 'NONE', #3499 ) ;
#1921 = VECTOR ( 'NONE', #3933, 1000.000000000000000 ) ;
#1922 = MANIFOLD_SOLID_BREP ( 'Metal3', #784 ) ;
#1923 = DIRECTION ( 'NONE',  ( -1.000000000000000000, -2.168404344971009400E-016, -0.0000000000000000000 ) ) ;
#1924 = DIRECTION ( 'NONE',  ( 0.0000000000000000000, -0.0000000000000000000, -1.000000000000000000 ) ) ;
#1925 = ORIENTED_EDGE ( 'NONE', *, *, #2501, .T. ) ;
#1926 = PLANE ( 'NONE',  #4514 ) ;
#1927 = LINE ( 'NONE', #268, #738 ) ;
#1928 = EDGE_CURVE ( 'NONE', #1680, #4308, #1912, .T. ) ;
#1929 = VERTEX_POINT ( 'NONE', #4216 ) ;
#1930 = CARTESIAN_POINT ( 'NONE',  ( 0.06999999999999574600, 0.3999999999999999100, 0.1000000000000000100 ) ) ;
#1931 = ORIENTED_EDGE ( 'NONE', *, *, #3453, .T. ) ;
#1932 = PLANE ( 'NONE',  #4297 ) ;
#1933 = LINE ( 'NONE', #1122, #3443 ) ;
#1934 = VERTEX_POINT ( 'NONE', #2474 ) ;
#1935 = DIRECTION ( 'NONE',  ( 1.000000000000000000, 0.0000000000000000000, 0.0000000000000000000 ) ) ;
#1936 = DIRECTION ( 'NONE',  ( 1.000000000000000000, 1.084202172485504700E-016, 0.0000000000000000000 ) ) ;
#1937 = VECTOR ( 'NONE', #1630, 1000.000000000000000 ) ;
#1938 = PLANE ( 'NONE',  #459 ) ;
#1939 = LINE ( 'NONE', #3269, #2201 ) ;
#1940 =( GEOMETRIC_REPRESENTATION_CONTEXT ( 3 ) GLOBAL_UNCERTAINTY_ASSIGNED_CONTEXT ( ( #810 ) ) GLOBAL_UNIT_ASSIGNED_CONTEXT ( ( #2680, #993, #2983 ) ) REPRESENTATION_CONTEXT ( 'NONE', 'WORKASPACE' ) );
#1941 = EDGE_LOOP ( 'NONE', ( #753, #2801, #3643, #2970, #3830, #1436, #2962, #3262, #229, #291, #3024, #1594 ) ) ;
#1942 = FILL_AREA_STYLE ('',( #870 ) ) ;
#1943 = FACE_OUTER_BOUND ( 'NONE', #1941, .T. ) ;
#1944 = VERTEX_POINT ( 'NONE', #3184 ) ;
#1945 = CARTESIAN_POINT ( 'NONE',  ( 0.4999999999999998900, -0.2000000000000001500, 0.04999999999999987800 ) ) ;
#1946 = FILL_AREA_STYLE ('',( #3720 ) ) ;
#1947 = DIRECTION ( 'NONE',  ( 1.000000000000000000, 0.0000000000000000000, 0.0000000000000000000 ) ) ;
#1948 = ADVANCED_FACE ( 'NONE', ( #1805 ), #3529, .T. ) ;
#1949 = SURFACE_STYLE_FILL_AREA ( #709 ) ;
#1950 = LINE ( 'NONE', #1229, #706 ) ;
#1951 = EDGE_CURVE ( 'NONE', #1082, #790, #3926, .T. ) ;
#1952 = CARTESIAN_POINT ( 'NONE',  ( -1.084202172485504600E-017, 0.3999999999999999100, 0.0000000000000000000 ) ) ;
#1953 = ORIENTED_EDGE ( 'NONE', *, *, #1865, .T. ) ;
#1954 = VECTOR ( 'NONE', #43, 1000.000000000000000 ) ;
#1955 = SURFACE_SIDE_STYLE ('',( #292 ) ) ;
#1956 = LINE ( 'NONE', #3099, #339 ) ;
#1957 = ORIENTED_EDGE ( 'NONE', *, *, #680, .T. ) ;
#1958 =( NAMED_UNIT ( * ) SI_UNIT ( $, .STERADIAN. ) SOLID_ANGLE_UNIT ( ) );
#1959 =( NAMED_UNIT ( * ) PLANE_ANGLE_UNIT ( ) SI_UNIT ( $, .RADIAN. ) );
#1960 = PLANE ( 'NONE',  #549 ) ;
#1961 = DIRECTION ( 'NONE',  ( 1.000000000000000000, 0.0000000000000000000, 0.0000000000000000000 ) ) ;
#1962 = ORIENTED_EDGE ( 'NONE', *, *, #3927, .F. ) ;
#1963 = ADVANCED_FACE ( 'NONE', ( #1304 ), #2892, .F. ) ;
#1964 = VERTEX_POINT ( 'NONE', #1448 ) ;
#1965 = EDGE_CURVE ( 'NONE', #1869, #1010, #886, .T. ) ;
#1966 = ORIENTED_EDGE ( 'NONE', *, *, #4354, .T. ) ;
#1967 = LINE ( 'NONE', #2171, #3882 ) ;
#1968 =( GEOMETRIC_REPRESENTATION_CONTEXT ( 3 ) GLOBAL_UNCERTAINTY_ASSIGNED_CONTEXT ( ( #951 ) ) GLOBAL_UNIT_ASSIGNED_CONTEXT ( ( #3488, #3846, #4185 ) ) REPRESENTATION_CONTEXT ( 'NONE', 'WORKASPACE' ) );
#1969 = PLANE ( 'NONE',  #1226 ) ;
#1970 = VECTOR ( 'NONE', #1454, 1000.000000000000000 ) ;
#1971 = AXIS2_PLACEMENT_3D ( 'NONE', #1993, #2323, #3033 ) ;
#1972 = ORIENTED_EDGE ( 'NONE', *, *, #3007, .F. ) ;
#1973 = CARTESIAN_POINT ( 'NONE',  ( 0.3999999999999999100, 0.3029999999999998800, 0.1000000000000000500 ) ) ;
#1974 = LINE ( 'NONE', #25, #733 ) ;
#1975 = DIRECTION ( 'NONE',  ( 1.000000000000000000, 4.336808689942017700E-016, -0.0000000000000000000 ) ) ;
#1976 = EDGE_CURVE ( 'NONE', #1876, #4190, #1055, .T. ) ;
#1977 = EDGE_LOOP ( 'NONE', ( #348, #4076, #4411, #112 ) ) ;
#1978 = PLANE ( 'NONE',  #3682 ) ;
#1979 = PLANE ( 'NONE',  #686 ) ;
#1980 = CARTESIAN_POINT ( 'NONE',  ( 0.4500000000000001200, -0.4999999999999998900, 0.1000000000000000100 ) ) ;
#1981 = VERTEX_POINT ( 'NONE', #3930 ) ;
#1982 = EDGE_CURVE ( 'NONE', #3950, #4304, #1246, .T. ) ;
#1983 = DIRECTION ( 'NONE',  ( 1.000000000000000000, 1.084202172485504700E-016, 0.0000000000000000000 ) ) ;
#1984 = EDGE_LOOP ( 'NONE', ( #1490, #808, #4265, #4342 ) ) ;
#1985 = LINE ( 'NONE', #3507, #134 ) ;
#1986 = FILL_AREA_STYLE_COLOUR ( '', #506 ) ;
#1987 = SURFACE_STYLE_FILL_AREA ( #1697 ) ;
#1988 = EDGE_LOOP ( 'NONE', ( #4318, #2792, #1334, #1127 ) ) ;
#1989 = DIRECTION ( 'NONE',  ( -1.000000000000000000, -2.168404344971009400E-016, 0.0000000000000000000 ) ) ;
#1990 = ADVANCED_FACE ( 'NONE', ( #2924 ), #2531, .T. ) ;
#1991 = SURFACE_STYLE_FILL_AREA ( #512 ) ;
#1992 = VERTEX_POINT ( 'NONE', #2878 ) ;
#1993 = CARTESIAN_POINT ( 'NONE',  ( 0.3999999999999999100, -0.2000000000000001500, 0.04999999999999987800 ) ) ;
#1994 = CARTESIAN_POINT ( 'NONE',  ( 0.2000000000000000900, 0.5000000000000000000, 0.1000000000000000100 ) ) ;
#1995 = CARTESIAN_POINT ( 'NONE',  ( 0.2000000000000000900, -0.4299999999999999900, 0.1000000000000000100 ) ) ;
#1996 = DIRECTION ( 'NONE',  ( 1.000000000000000000, 1.084202172485504700E-016, 0.0000000000000000000 ) ) ;
#1997 = VECTOR ( 'NONE', #7, 1000.000000000000000 ) ;
#1998 = CARTESIAN_POINT ( 'NONE',  ( -0.3400000000000000800, -0.3499999999999999200, 0.0000000000000000000 ) ) ;
#1999 = ORIENTED_EDGE ( 'NONE', *, *, #3911, .T. ) ;
#2000 = UNCERTAINTY_MEASURE_WITH_UNIT (LENGTH_MEASURE( 1.000000000000000100E-005 ), #2210, 'distance_accuracy_value', 'NONE');
#2001 = LINE ( 'NONE', #1536, #2056 ) ;
#2002 = EDGE_CURVE ( 'NONE', #1800, #2507, #163, .T. ) ;
#2003 = EDGE_LOOP ( 'NONE', ( #3220, #3735, #3128, #1668, #1401, #2154, #378, #1609, #120, #2128, #505, #1434, #466, #126, #3961, #1388, #3723, #3092, #1925, #3117, #3417, #728, #2735, #3438 ) ) ;
#2004 = DIRECTION ( 'NONE',  ( 1.000000000000000000, 1.084202172485504700E-016, -0.0000000000000000000 ) ) ;
#2005 = CARTESIAN_POINT ( 'NONE',  ( 0.2000000000000000900, 0.5000000000000000000, 0.0000000000000000000 ) ) ;
#2006 = FACE_BOUND ( 'NONE', #296, .T. ) ;
#2007 = DIRECTION ( 'NONE',  ( 0.0000000000000000000, 0.0000000000000000000, -1.000000000000000000 ) ) ;
#2008 = ORIENTED_EDGE ( 'NONE', *, *, #2485, .T. ) ;
#2009 = EDGE_CURVE ( 'NONE', #1981, #4326, #1105, .T. ) ;
#2010 =( LENGTH_UNIT ( ) NAMED_UNIT ( * ) SI_UNIT ( .MILLI., .METRE. ) );
#2011 = FILL_AREA_STYLE_COLOUR ( '', #214 ) ;
#2012 = PLANE ( 'NONE',  #3239 ) ;
#2013 = DIRECTION ( 'NONE',  ( 0.0000000000000000000, -1.000000000000000000, -4.517509052022935500E-016 ) ) ;
#2014 = ADVANCED_FACE ( 'NONE', ( #3363 ), #2205, .F. ) ;
#2015 = SURFACE_SIDE_STYLE ('',( #1987 ) ) ;
#2016 = DIRECTION ( 'NONE',  ( -1.000000000000000000, 0.0000000000000000000, 0.0000000000000000000 ) ) ;
#2017 = EDGE_CURVE ( 'NONE', #423, #1624, #4189, .T. ) ;
#2018 = ORIENTED_EDGE ( 'NONE', *, *, #1684, .T. ) ;
#2019 = DIRECTION ( 'NONE',  ( 0.0000000000000000000, -0.0000000000000000000, 1.000000000000000000 ) ) ;
#2020 = ORIENTED_EDGE ( 'NONE', *, *, #761, .F. ) ;
#2021 = ORIENTED_EDGE ( 'NONE', *, *, #3039, .F. ) ;
#2022 = CARTESIAN_POINT ( 'NONE',  ( 0.4500000000000001200, -0.4999999999999998900, 0.1000000000000000100 ) ) ;
#2023 = VECTOR ( 'NONE', #921, 1000.000000000000000 ) ;
#2024 = AXIS2_PLACEMENT_3D ( 'NONE', #1806, #2120, #402 ) ;
#2025 = DIRECTION ( 'NONE',  ( 0.0000000000000000000, 0.0000000000000000000, -1.000000000000000000 ) ) ;
#2026 = DIRECTION ( 'NONE',  ( -1.000000000000000000, -0.0000000000000000000, 0.0000000000000000000 ) ) ;
#2027 = VERTEX_POINT ( 'NONE', #461 ) ;
#2028 = UNCERTAINTY_MEASURE_WITH_UNIT (LENGTH_MEASURE( 1.000000000000000100E-005 ), #99, 'distance_accuracy_value', 'NONE');
#2029 = DIRECTION ( 'NONE',  ( 0.8682431421244590800, 0.4961389383568340900, -0.0000000000000000000 ) ) ;
#2030 = ORIENTED_EDGE ( 'NONE', *, *, #1461, .F. ) ;
#2031 =( NAMED_UNIT ( * ) PLANE_ANGLE_UNIT ( ) SI_UNIT ( $, .RADIAN. ) );
#2032 = EDGE_CURVE ( 'NONE', #4010, #3940, #2325, .T. ) ;
#2033 = ORIENTED_EDGE ( 'NONE', *, *, #298, .T. ) ;
#2034 =( NAMED_UNIT ( * ) PLANE_ANGLE_UNIT ( ) SI_UNIT ( $, .RADIAN. ) );
#2035 = VERTEX_POINT ( 'NONE', #796 ) ;
#2036 = DIRECTION ( 'NONE',  ( 0.0000000000000000000, 0.0000000000000000000, 1.000000000000000000 ) ) ;
#2037 = ADVANCED_FACE ( 'NONE', ( #2820 ), #434, .F. ) ;
#2038 = EDGE_CURVE ( 'NONE', #1680, #1215, #827, .T. ) ;
#2039 = ORIENTED_EDGE ( 'NONE', *, *, #4327, .T. ) ;
#2040 = SURFACE_SIDE_STYLE ('',( #55 ) ) ;
#2041 = CARTESIAN_POINT ( 'NONE',  ( -0.5000000000000001100, 0.2999999999999999300, 0.04999999999999998200 ) ) ;
#2042 = PRESENTATION_STYLE_ASSIGNMENT (( #2118 ) ) ;
#2043 = MECHANICAL_DESIGN_GEOMETRIC_PRESENTATION_REPRESENTATION (  '', ( #1121 ), #3430 ) ;
#2044 = ORIENTED_EDGE ( 'NONE', *, *, #1928, .F. ) ;
#2045 = VECTOR ( 'NONE', #941, 1000.000000000000000 ) ;
#2046 = DIRECTION ( 'NONE',  ( -0.0000000000000000000, 1.000000000000000000, -0.0000000000000000000 ) ) ;
#2047 = PRESENTATION_STYLE_ASSIGNMENT (( #2374 ) ) ;
#2048 = ORIENTED_EDGE ( 'NONE', *, *, #4296, .T. ) ;
#2049 = DIRECTION ( 'NONE',  ( 0.0000000000000000000, 0.0000000000000000000, -1.000000000000000000 ) ) ;
#2050 = LINE ( 'NONE', #1825, #3955 ) ;
#2051 = VECTOR ( 'NONE', #266, 1000.000000000000000 ) ;
#2052 = STYLED_ITEM ( 'NONE', ( #1705 ), #1665 ) ;
#2053 = DIRECTION ( 'NONE',  ( -2.168404344971009400E-016, 1.000000000000000000, 0.0000000000000000000 ) ) ;
#2054 = EDGE_LOOP ( 'NONE', ( #4100, #3934, #1817, #4412 ) ) ;
#2055 = AXIS2_PLACEMENT_3D ( 'NONE', #3175, #2463, #57 ) ;
#2056 = VECTOR ( 'NONE', #4003, 1000.000000000000000 ) ;
#2057 = ADVANCED_FACE ( 'NONE', ( #224 ), #2850, .F. ) ;
#2058 = ORIENTED_EDGE ( 'NONE', *, *, #3204, .F. ) ;
#2059 = DIRECTION ( 'NONE',  ( 1.000000000000000000, 1.084202172485504700E-016, -0.0000000000000000000 ) ) ;
#2060 = DIRECTION ( 'NONE',  ( 0.8682431421244590800, -0.4961389383568340900, 0.0000000000000000000 ) ) ;
#2061 = EDGE_CURVE ( 'NONE', #500, #4438, #4069, .T. ) ;
#2062 = CARTESIAN_POINT ( 'NONE',  ( -4.174178364069192100E-015, 0.3394112549695484900, 0.0000000000000000000 ) ) ;
#2063 = CARTESIAN_POINT ( 'NONE',  ( -0.5000000000000000000, 0.06999999999999989600, 0.04999999999999999600 ) ) ;
#2064 = COLOUR_RGB ( '',1.000000000000000000, 1.000000000000000000, 1.000000000000000000 ) ;
#2065 = CARTESIAN_POINT ( 'NONE',  ( 0.3999999999999999100, 0.04999999999999985700, 0.09999999999999996400 ) ) ;
#2066 = EDGE_CURVE ( 'NONE', #664, #3548, #4016, .T. ) ;
#2067 = FILL_AREA_STYLE ('',( #1391 ) ) ;
#2068 = DIRECTION ( 'NONE',  ( 0.0000000000000000000, -1.000000000000000000, 0.0000000000000000000 ) ) ;
#2069 = CARTESIAN_POINT ( 'NONE',  ( 0.4999999999999998900, 0.04999999999999987100, 0.09999999999999996400 ) ) ;
#2070 = EDGE_LOOP ( 'NONE', ( #3701, #2674, #4331, #3062 ) ) ;
#2071 = FILL_AREA_STYLE ('',( #2359 ) ) ;
#2072 = DIRECTION ( 'NONE',  ( -0.0000000000000000000, 1.000000000000000000, -0.0000000000000000000 ) ) ;
#2073 = AXIS2_PLACEMENT_3D ( 'NONE', #881, #3632, #898 ) ;
#2074 = ORIENTED_EDGE ( 'NONE', *, *, #415, .T. ) ;
#2075 = VERTEX_POINT ( 'NONE', #3645 ) ;
#2076 = SURFACE_STYLE_FILL_AREA ( #1942 ) ;
#2077 = DIRECTION ( 'NONE',  ( 0.0000000000000000000, 0.0000000000000000000, 1.000000000000000000 ) ) ;
#2078 = ADVANCED_FACE ( 'NONE', ( #2765 ), #3908, .T. ) ;
#2079 = ORIENTED_EDGE ( 'NONE', *, *, #366, .T. ) ;
#2080 = VECTOR ( 'NONE', #3172, 1000.000000000000000 ) ;
#2081 = PRESENTATION_LAYER_ASSIGNMENT (  '', '', ( #2384 ) ) ;
#2082 =( GEOMETRIC_REPRESENTATION_CONTEXT ( 3 ) GLOBAL_UNCERTAINTY_ASSIGNED_CONTEXT ( ( #892 ) ) GLOBAL_UNIT_ASSIGNED_CONTEXT ( ( #872, #1200, #1214 ) ) REPRESENTATION_CONTEXT ( 'NONE', 'WORKASPACE' ) );
#2083 = DIRECTION ( 'NONE',  ( 2.168404344971009400E-016, -1.000000000000000000, 0.0000000000000000000 ) ) ;
#2084 = EDGE_LOOP ( 'NONE', ( #1319, #2824, #4474, #3229 ) ) ;
#2085 = LINE ( 'NONE', #4378, #2239 ) ;
#2086 = EDGE_CURVE ( 'NONE', #2812, #1488, #2981, .T. ) ;
#2087 = CARTESIAN_POINT ( 'NONE',  ( -0.3400000000000000800, -0.3499999999999999200, 0.1000000000000000100 ) ) ;
#2088 = CARTESIAN_POINT ( 'NONE',  ( -0.4000000000000000200, 0.06999999999999992300, 0.04999999999999999600 ) ) ;
#2089 = AXIS2_PLACEMENT_3D ( 'NONE', #655, #600, #3057 ) ;
#2090 = ORIENTED_EDGE ( 'NONE', *, *, #358, .T. ) ;
#2091 = DIRECTION ( 'NONE',  ( 0.0000000000000000000, -0.0000000000000000000, -1.000000000000000000 ) ) ;
#2092 = VERTEX_POINT ( 'NONE', #2616 ) ;
#2093 = DIRECTION ( 'NONE',  ( 1.000000000000000000, -4.336808689942017700E-016, -0.0000000000000000000 ) ) ;
#2094 = EDGE_CURVE ( 'NONE', #1511, #285, #3589, .T. ) ;
#2095 = CARTESIAN_POINT ( 'NONE',  ( -0.05000000000000422200, 0.4999999999999998900, 0.04999999999999999600 ) ) ;
#2096 = FACE_OUTER_BOUND ( 'NONE', #678, .T. ) ;
#2097 = EDGE_LOOP ( 'NONE', ( #1765, #352, #2773, #3819 ) ) ;
#2098 = SURFACE_SIDE_STYLE ('',( #4291 ) ) ;
#2099 = CARTESIAN_POINT ( 'NONE',  ( -4.255397017025833700E-015, 0.3394112549695485500, 0.03500000000000000300 ) ) ;
#2100 = VECTOR ( 'NONE', #181, 1000.000000000000000 ) ;
#2101 = LINE ( 'NONE', #84, #640 ) ;
#2102 = ADVANCED_FACE ( 'NONE', ( #2 ), #538, .T. ) ;
#2103 = ORIENTED_EDGE ( 'NONE', *, *, #1091, .F. ) ;
#2104 = DIRECTION ( 'NONE',  ( 0.0000000000000000000, 0.0000000000000000000, -1.000000000000000000 ) ) ;
#2105 = DIRECTION ( 'NONE',  ( 0.0000000000000000000, 0.0000000000000000000, -1.000000000000000000 ) ) ;
#2106 = LINE ( 'NONE', #1792, #1175 ) ;
#2107 = DIRECTION ( 'NONE',  ( 1.000000000000000000, 1.084202172485504700E-016, -0.0000000000000000000 ) ) ;
#2108 = CARTESIAN_POINT ( 'NONE',  ( -0.05000000000000423600, 0.3999999999999999100, 0.04999999999999999600 ) ) ;
#2109 =( GEOMETRIC_REPRESENTATION_CONTEXT ( 3 ) GLOBAL_UNCERTAINTY_ASSIGNED_CONTEXT ( ( #2166 ) ) GLOBAL_UNIT_ASSIGNED_CONTEXT ( ( #3093, #1028, #2763 ) ) REPRESENTATION_CONTEXT ( 'NONE', 'WORKASPACE' ) );
#2110 = DIRECTION ( 'NONE',  ( -0.0000000000000000000, 1.000000000000000000, -0.0000000000000000000 ) ) ;
#2111 = ORIENTED_EDGE ( 'NONE', *, *, #2890, .F. ) ;
#2112 = VECTOR ( 'NONE', #707, 1000.000000000000000 ) ;
#2113 = SURFACE_STYLE_USAGE ( .BOTH. , #2098 ) ;
#2114 = CARTESIAN_POINT ( 'NONE',  ( -0.5000000000000000000, 0.1999999999999999300, 0.04999999999999998900 ) ) ;
#2115 = EDGE_CURVE ( 'NONE', #2467, #1871, #1634, .T. ) ;
#2116 = ORIENTED_EDGE ( 'NONE', *, *, #1847, .F. ) ;
#2117 =( GEOMETRIC_REPRESENTATION_CONTEXT ( 3 ) GLOBAL_UNCERTAINTY_ASSIGNED_CONTEXT ( ( #2028 ) ) GLOBAL_UNIT_ASSIGNED_CONTEXT ( ( #99, #4218, #3230 ) ) REPRESENTATION_CONTEXT ( 'NONE', 'WORKASPACE' ) );
#2118 = SURFACE_STYLE_USAGE ( .BOTH. , #1396 ) ;
#2119 = LINE ( 'NONE', #3494, #2428 ) ;
#2120 = DIRECTION ( 'NONE',  ( -3.061183205266374600E-032, 2.823443157514334800E-016, -1.000000000000000000 ) ) ;
#2121 =( NAMED_UNIT ( * ) SI_UNIT ( $, .STERADIAN. ) SOLID_ANGLE_UNIT ( ) );
#2122 = DIRECTION ( 'NONE',  ( -0.0000000000000000000, 0.0000000000000000000, 1.000000000000000000 ) ) ;
#2123 = EDGE_CURVE ( 'NONE', #3755, #4020, #4405, .T. ) ;
#2124 = PLANE ( 'NONE',  #895 ) ;
#2125 = CARTESIAN_POINT ( 'NONE',  ( 0.2000000000000000900, 0.4299999999999999900, 0.1000000000000000100 ) ) ;
#2126 = VERTEX_POINT ( 'NONE', #1191 ) ;
#2127 = AXIS2_PLACEMENT_3D ( 'NONE', #3405, #990, #2756 ) ;
#2128 = ORIENTED_EDGE ( 'NONE', *, *, #4300, .F. ) ;
#2129 = DIRECTION ( 'NONE',  ( 2.938735877055719900E-032, -2.710505431213761600E-016, 1.000000000000000000 ) ) ;
#2130 = ORIENTED_EDGE ( 'NONE', *, *, #2809, .F. ) ;
#2131 = VECTOR ( 'NONE', #38, 1000.000000000000000 ) ;
#2132 = CARTESIAN_POINT ( 'NONE',  ( 0.06999999999999576000, 0.4999999999999998900, 0.1000000000000000100 ) ) ;
#2133 = ORIENTED_EDGE ( 'NONE', *, *, #3514, .T. ) ;
#2134 = DIRECTION ( 'NONE',  ( 0.0000000000000000000, 1.000000000000000000, -1.694065894508600700E-016 ) ) ;
#2135 = EDGE_LOOP ( 'NONE', ( #3638, #457, #2819, #3654 ) ) ;
#2136 = VECTOR ( 'NONE', #4307, 1000.000000000000000 ) ;
#2137 = DIRECTION ( 'NONE',  ( 1.000000000000000000, 2.168404344971009400E-016, 0.0000000000000000000 ) ) ;
#2138 = MECHANICAL_DESIGN_GEOMETRIC_PRESENTATION_REPRESENTATION (  '', ( #1527 ), #922 ) ;
#2139 = DIRECTION ( 'NONE',  ( 1.000000000000000000, 1.084202172485504700E-016, 0.0000000000000000000 ) ) ;
#2140 = ORIENTED_EDGE ( 'NONE', *, *, #3604, .T. ) ;
#2141 = VECTOR ( 'NONE', #3748, 1000.000000000000000 ) ;
#2142 = CARTESIAN_POINT ( 'NONE',  ( -0.4500000000000001200, 0.4999999999999998900, 0.0000000000000000000 ) ) ;
#2143 = ORIENTED_EDGE ( 'NONE', *, *, #1517, .T. ) ;
#2144 = MECHANICAL_DESIGN_GEOMETRIC_PRESENTATION_REPRESENTATION (  '', ( #1833 ), #3159 ) ;
#2145 = DIRECTION ( 'NONE',  ( 0.0000000000000000000, 0.0000000000000000000, -1.000000000000000000 ) ) ;
#2146 = ADVANCED_FACE ( 'NONE', ( #717 ), #498, .F. ) ;
#2147 = ORIENTED_EDGE ( 'NONE', *, *, #3204, .T. ) ;
#2148 = SURFACE_SIDE_STYLE ('',( #2682 ) ) ;
#2149 = EDGE_CURVE ( 'NONE', #3999, #3646, #3260, .T. ) ;
#2150 = CARTESIAN_POINT ( 'NONE',  ( -0.4999999999999998900, -0.5000000000000001100, 0.3700000000000000000 ) ) ;
#2151 = CARTESIAN_POINT ( 'NONE',  ( -0.5000000000000000000, 0.06999999999999989600, 0.1000000000000000200 ) ) ;
#2152 = PRODUCT_DEFINITION ( 'UNKNOWN', '', #2364, #3207 ) ;
#2153 = FILL_AREA_STYLE ('',( #3920 ) ) ;
#2154 = ORIENTED_EDGE ( 'NONE', *, *, #621, .T. ) ;
#2155 = CARTESIAN_POINT ( 'NONE',  ( -0.4000000000000000200, 0.1999999999999999600, 0.09999999999999999200 ) ) ;
#2156 = LINE ( 'NONE', #1044, #4442 ) ;
#2157 = LINE ( 'NONE', #983, #1273 ) ;
#2158 = DIRECTION ( 'NONE',  ( 1.000000000000000000, 0.0000000000000000000, 0.0000000000000000000 ) ) ;
#2159 = EDGE_CURVE ( 'NONE', #565, #4104, #3418, .T. ) ;
#2160 = ORIENTED_EDGE ( 'NONE', *, *, #3990, .F. ) ;
#2161 = FILL_AREA_STYLE_COLOUR ( '', #1733 ) ;
#2162 = VECTOR ( 'NONE', #1975, 1000.000000000000000 ) ;
#2163 = CARTESIAN_POINT ( 'NONE',  ( -0.5000000000000001100, 0.2999999999999999300, 0.09999999999999997800 ) ) ;
#2164 = ORIENTED_EDGE ( 'NONE', *, *, #2391, .F. ) ;
#2165 = VECTOR ( 'NONE', #2046, 1000.000000000000000 ) ;
#2166 = UNCERTAINTY_MEASURE_WITH_UNIT (LENGTH_MEASURE( 1.000000000000000100E-005 ), #3093, 'distance_accuracy_value', 'NONE');
#2167 = PLANE ( 'NONE',  #869 ) ;
#2168 = DIRECTION ( 'NONE',  ( 0.8682431421244590800, 0.4961389383568340900, -0.0000000000000000000 ) ) ;
#2169 = FACE_OUTER_BOUND ( 'NONE', #2299, .T. ) ;
#2170 = LINE ( 'NONE', #1431, #3794 ) ;
#2171 = CARTESIAN_POINT ( 'NONE',  ( -0.2000000000000000900, -0.4299999999999999900, 0.1000000000000000100 ) ) ;
#2172 = VERTEX_POINT ( 'NONE', #2267 ) ;
#2173 = CARTESIAN_POINT ( 'NONE',  ( -0.05941125496954295000, -0.2800000000000000300, 0.03500000000000000300 ) ) ;
#2174 = STYLED_ITEM ( 'NONE', ( #42 ), #3246 ) ;
#2175 = SURFACE_STYLE_USAGE ( .BOTH. , #76 ) ;
#2176 = VECTOR ( 'NONE', #3335, 1000.000000000000000 ) ;
#2177 = CARTESIAN_POINT ( 'NONE',  ( 0.4500000000000001200, -0.4999999999999998900, 0.0000000000000000000 ) ) ;
#2178 =( GEOMETRIC_REPRESENTATION_CONTEXT ( 3 ) GLOBAL_UNCERTAINTY_ASSIGNED_CONTEXT ( ( #2957 ) ) GLOBAL_UNIT_ASSIGNED_CONTEXT ( ( #323, #2031, #2390 ) ) REPRESENTATION_CONTEXT ( 'NONE', 'WORKASPACE' ) );
#2179 = DIRECTION ( 'NONE',  ( -0.0000000000000000000, -0.0000000000000000000, -1.000000000000000000 ) ) ;
#2180 = SURFACE_SIDE_STYLE ('',( #3973 ) ) ;
#2181 = CARTESIAN_POINT ( 'NONE',  ( 0.0000000000000000000, 0.0000000000000000000, 0.0000000000000000000 ) ) ;
#2182 = EDGE_CURVE ( 'NONE', #2690, #500, #1749, .T. ) ;
#2183 = CARTESIAN_POINT ( 'NONE',  ( -0.05941125496954295000, -0.2800000000000000300, 0.0000000000000000000 ) ) ;
#2184 = ORIENTED_EDGE ( 'NONE', *, *, #3416, .F. ) ;
#2185 = CARTESIAN_POINT ( 'NONE',  ( 0.0000000000000000000, 0.0000000000000000000, 0.1000000000000000100 ) ) ;
#2186 = ORIENTED_EDGE ( 'NONE', *, *, #1550, .T. ) ;
#2187 = ORIENTED_EDGE ( 'NONE', *, *, #1568, .T. ) ;
#2188 = DIRECTION ( 'NONE',  ( 0.0000000000000000000, 0.0000000000000000000, 1.000000000000000000 ) ) ;
#2189 = ORIENTED_EDGE ( 'NONE', *, *, #1865, .F. ) ;
#2190 = COLOUR_RGB ( '',1.000000000000000000, 1.000000000000000000, 1.000000000000000000 ) ;
#2191 = DIRECTION ( 'NONE',  ( 0.0000000000000000000, 0.0000000000000000000, 1.000000000000000000 ) ) ;
#2192 = DIRECTION ( 'NONE',  ( -2.938735877055719900E-032, 1.355252715606880800E-016, 1.000000000000000000 ) ) ;
#2193 = ORIENTED_EDGE ( 'NONE', *, *, #3635, .T. ) ;
#2194 = UNCERTAINTY_MEASURE_WITH_UNIT (LENGTH_MEASURE( 1.000000000000000100E-005 ), #1776, 'distance_accuracy_value', 'NONE');
#2195 = LINE ( 'NONE', #2753, #2888 ) ;
#2196 = DIRECTION ( 'NONE',  ( 0.0000000000000000000, 1.000000000000000000, 0.0000000000000000000 ) ) ;
#2197 = ORIENTED_EDGE ( 'NONE', *, *, #1266, .T. ) ;
#2198 = VECTOR ( 'NONE', #1374, 1000.000000000000000 ) ;
#2199 = EDGE_CURVE ( 'NONE', #3853, #1821, #3100, .T. ) ;
#2200 = ORIENTED_EDGE ( 'NONE', *, *, #1017, .T. ) ;
#2201 = VECTOR ( 'NONE', #1185, 1000.000000000000000 ) ;
#2202 = EDGE_LOOP ( 'NONE', ( #1331, #619, #162, #37 ) ) ;
#2203 = EDGE_CURVE ( 'NONE', #2721, #672, #825, .T. ) ;
#2204 = CARTESIAN_POINT ( 'NONE',  ( -0.4000000000000000200, 0.1999999999999999600, 0.09999999999999999200 ) ) ;
#2205 = PLANE ( 'NONE',  #3710 ) ;
#2206 = COLOUR_RGB ( '',1.000000000000000000, 0.5019607843137254800, 0.0000000000000000000 ) ;
#2207 = LINE ( 'NONE', #403, #1084 ) ;
#2208 = CARTESIAN_POINT ( 'NONE',  ( -0.4500000000000001200, 0.4999999999999998900, 0.1000000000000000100 ) ) ;
#2209 = ORIENTED_EDGE ( 'NONE', *, *, #421, .F. ) ;
#2210 =( LENGTH_UNIT ( ) NAMED_UNIT ( * ) SI_UNIT ( .MILLI., .METRE. ) );
#2211 = VECTOR ( 'NONE', #447, 1000.000000000000000 ) ;
#2212 = CARTESIAN_POINT ( 'NONE',  ( -0.5000000000000001100, 0.5000000000000000000, 0.3700000000000000000 ) ) ;
#2213 = EDGE_CURVE ( 'NONE', #2035, #1800, #3810, .T. ) ;
#2214 = EDGE_LOOP ( 'NONE', ( #1395, #1054, #491, #1356 ) ) ;
#2215 = VECTOR ( 'NONE', #771, 1000.000000000000000 ) ;
#2216 = AXIS2_PLACEMENT_3D ( 'NONE', #200, #2280, #2639 ) ;
#2217 = DIRECTION ( 'NONE',  ( -1.000000000000000000, -2.168404344971009400E-016, -0.0000000000000000000 ) ) ;
#2218 = CARTESIAN_POINT ( 'NONE',  ( -0.4999999999999998900, -0.5000000000000001100, 0.3700000000000000000 ) ) ;
#2219 = ORIENTED_EDGE ( 'NONE', *, *, #1602, .F. ) ;
#2220 = DIRECTION ( 'NONE',  ( 0.0000000000000000000, 1.000000000000000000, 0.0000000000000000000 ) ) ;
#2221 = DIRECTION ( 'NONE',  ( -0.0000000000000000000, -0.0000000000000000000, -1.000000000000000000 ) ) ;
#2222 = ORIENTED_EDGE ( 'NONE', *, *, #3850, .F. ) ;
#2223 = AXIS2_PLACEMENT_3D ( 'NONE', #3536, #3915, #74 ) ;
#2224 = PLANE ( 'NONE',  #4240 ) ;
#2225 = EDGE_CURVE ( 'NONE', #814, #1153, #1580, .T. ) ;
#2226 = ORIENTED_EDGE ( 'NONE', *, *, #671, .F. ) ;
#2227 = COLOUR_RGB ( '',1.000000000000000000, 0.5019607843137254800, 0.0000000000000000000 ) ;
#2228 = AXIS2_PLACEMENT_3D ( 'NONE', #2686, #618, #4085 ) ;
#2229 = VERTEX_POINT ( 'NONE', #2666 ) ;
#2230 = ORIENTED_EDGE ( 'NONE', *, *, #3843, .T. ) ;
#2231 = LINE ( 'NONE', #3316, #4193 ) ;
#2232 = CARTESIAN_POINT ( 'NONE',  ( -0.2000000000000000900, -0.5000000000000000000, 0.0000000000000000000 ) ) ;
#2233 = CARTESIAN_POINT ( 'NONE',  ( -0.3394112549695521000, 1.081157679374394400E-014, 0.03500000000000000300 ) ) ;
#2234 = VECTOR ( 'NONE', #320, 1000.000000000000000 ) ;
#2235 = EDGE_CURVE ( 'NONE', #3047, #1552, #3538, .T. ) ;
#2236 = ORIENTED_EDGE ( 'NONE', *, *, #3045, .T. ) ;
#2237 = EDGE_LOOP ( 'NONE', ( #1117, #4231, #4387, #324 ) ) ;
#2238 = ORIENTED_EDGE ( 'NONE', *, *, #2464, .F. ) ;
#2239 = VECTOR ( 'NONE', #2638, 1000.000000000000000 ) ;
#2240 = EDGE_CURVE ( 'NONE', #3520, #3456, #665, .T. ) ;
#2241 = ORIENTED_EDGE ( 'NONE', *, *, #3806, .T. ) ;
#2242 = MANIFOLD_SOLID_BREP ( 'Mold', #2703 ) ;
#2243 = PLANE ( 'NONE',  #3071 ) ;
#2244 =( NAMED_UNIT ( * ) SI_UNIT ( $, .STERADIAN. ) SOLID_ANGLE_UNIT ( ) );
#2245 = VERTEX_POINT ( 'NONE', #632 ) ;
#2246 = STYLED_ITEM ( 'NONE', ( #326 ), #3140 ) ;
#2247 = CARTESIAN_POINT ( 'NONE',  ( -0.4000000000000000200, 0.06999999999999992300, 0.04999999999999999600 ) ) ;
#2248 = VECTOR ( 'NONE', #1648, 1000.000000000000100 ) ;
#2249 = FILL_AREA_STYLE_COLOUR ( '', #3795 ) ;
#2250 = ORIENTED_EDGE ( 'NONE', *, *, #161, .T. ) ;
#2251 = VECTOR ( 'NONE', #1610, 1000.000000000000100 ) ;
#2252 = VECTOR ( 'NONE', #2881, 1000.000000000000000 ) ;
#2253 = ORIENTED_EDGE ( 'NONE', *, *, #4123, .T. ) ;
#2254 = EDGE_CURVE ( 'NONE', #1795, #3653, #3966, .T. ) ;
#2255 = EDGE_LOOP ( 'NONE', ( #228, #3290, #4257, #2143 ) ) ;
#2256 = CARTESIAN_POINT ( 'NONE',  ( 0.4999999999999998900, 0.04999999999999987100, 0.04999999999999995400 ) ) ;
#2257 = DIRECTION ( 'NONE',  ( 0.0000000000000000000, 0.0000000000000000000, 1.000000000000000000 ) ) ;
#2258 = PLANE ( 'NONE',  #3214 ) ;
#2259 = ORIENTED_EDGE ( 'NONE', *, *, #1542, .T. ) ;
#2260 = DIRECTION ( 'NONE',  ( 0.0000000000000000000, -1.000000000000000000, 0.0000000000000000000 ) ) ;
#2261 = EDGE_CURVE ( 'NONE', #2701, #1663, #1693, .T. ) ;
#2262 = UNCERTAINTY_MEASURE_WITH_UNIT (LENGTH_MEASURE( 1.000000000000000100E-005 ), #3831, 'distance_accuracy_value', 'NONE');
#2263 = VERTEX_POINT ( 'NONE', #3733 ) ;
#2264 = LINE ( 'NONE', #1083, #992 ) ;
#2265 = CARTESIAN_POINT ( 'NONE',  ( 0.4500000000000001200, -0.4999999999999998900, 0.1000000000000000100 ) ) ;
#2266 = PRESENTATION_STYLE_ASSIGNMENT (( #3706 ) ) ;
#2267 = CARTESIAN_POINT ( 'NONE',  ( -0.4500000000000001200, -0.4999999999999998900, 0.0000000000000000000 ) ) ;
#2268 = DIRECTION ( 'NONE',  ( -0.7071067811865454600, 0.7071067811865495700, -0.0000000000000000000 ) ) ;
#2269 = ADVANCED_FACE ( 'NONE', ( #4295 ), #3378, .F. ) ;
#2270 = VECTOR ( 'NONE', #1936, 1000.000000000000000 ) ;
#2271 = FILL_AREA_STYLE_COLOUR ( '', #3249 ) ;
#2272 = ORIENTED_EDGE ( 'NONE', *, *, #2980, .T. ) ;
#2273 = CARTESIAN_POINT ( 'NONE',  ( 0.4500000000000001200, -0.3499999999999999200, 0.1000000000000000100 ) ) ;
#2274 = EDGE_CURVE ( 'NONE', #1613, #1650, #2496, .T. ) ;
#2275 = VERTEX_POINT ( 'NONE', #1631 ) ;
#2276 = ORIENTED_EDGE ( 'NONE', *, *, #1874, .F. ) ;
#2277 = LINE ( 'NONE', #2694, #1377 ) ;
#2278 = CARTESIAN_POINT ( 'NONE',  ( 0.5000000000000000000, -0.07000000000000007600, 0.09999999999999993600 ) ) ;
#2279 = DIRECTION ( 'NONE',  ( 0.0000000000000000000, -0.0000000000000000000, 1.000000000000000000 ) ) ;
#2280 = DIRECTION ( 'NONE',  ( -0.0000000000000000000, 0.0000000000000000000, 1.000000000000000000 ) ) ;
#2281 = ORIENTED_EDGE ( 'NONE', *, *, #2691, .T. ) ;
#2282 = DIRECTION ( 'NONE',  ( 0.0000000000000000000, -0.0000000000000000000, -1.000000000000000000 ) ) ;
#2283 = VECTOR ( 'NONE', #769, 1000.000000000000000 ) ;
#2284 = EDGE_CURVE ( 'NONE', #1547, #4462, #4013, .T. ) ;
#2285 = ORIENTED_EDGE ( 'NONE', *, *, #817, .T. ) ;
#2286 = CARTESIAN_POINT ( 'NONE',  ( -0.3394112549695521000, 1.081157679374394400E-014, 0.03500000000000000300 ) ) ;
#2287 = VERTEX_POINT ( 'NONE', #1239 ) ;
#2288 = CARTESIAN_POINT ( 'NONE',  ( 0.4999999999999998900, 0.3029999999999998800, 0.1000000000000000500 ) ) ;
#2289 = ADVANCED_FACE ( 'NONE', ( #1745 ), #1978, .T. ) ;
#2290 = LINE ( 'NONE', #1039, #2198 ) ;
#2291 = DIRECTION ( 'NONE',  ( 2.168404344971009400E-016, -1.000000000000000000, 0.0000000000000000000 ) ) ;
#2292 = ORIENTED_EDGE ( 'NONE', *, *, #3663, .T. ) ;
#2293 = DIRECTION ( 'NONE',  ( 0.0000000000000000000, -1.000000000000000000, -4.517509052022935500E-016 ) ) ;
#2294 = FILL_AREA_STYLE ('',( #2011 ) ) ;
#2295 = CARTESIAN_POINT ( 'NONE',  ( 0.4500000000000001200, -0.4999999999999998900, 0.0000000000000000000 ) ) ;
#2296 = DIRECTION ( 'NONE',  ( -1.000000000000000000, 0.0000000000000000000, 0.0000000000000000000 ) ) ;
#2297 = DIRECTION ( 'NONE',  ( -1.000000000000000000, 0.0000000000000000000, 0.0000000000000000000 ) ) ;
#2298 = VECTOR ( 'NONE', #3724, 1000.000000000000000 ) ;
#2299 = EDGE_LOOP ( 'NONE', ( #4160, #3375, #2130, #1134 ) ) ;
#2300 = LINE ( 'NONE', #2600, #93 ) ;
#2301 = FACE_OUTER_BOUND ( 'NONE', #2324, .T. ) ;
#2302 = ORIENTED_EDGE ( 'NONE', *, *, #3555, .F. ) ;
#2303 = EDGE_CURVE ( 'NONE', #3524, #2879, #2869, .T. ) ;
#2304 = CARTESIAN_POINT ( 'NONE',  ( -0.4000000000000000200, -0.05000000000000007200, 0.05000000000000001700 ) ) ;
#2305 = AXIS2_PLACEMENT_3D ( 'NONE', #2208, #3243, #1530 ) ;
#2306 = DIRECTION ( 'NONE',  ( 1.000000000000000000, 0.0000000000000000000, 0.0000000000000000000 ) ) ;
#2307 = CARTESIAN_POINT ( 'NONE',  ( 0.3999999999999999100, -1.084202172485504600E-017, 0.0000000000000000000 ) ) ;
#2308 = SURFACE_STYLE_FILL_AREA ( #2926 ) ;
#2309 = EDGE_CURVE ( 'NONE', #3717, #2768, #2653, .T. ) ;
#2310 = CARTESIAN_POINT ( 'NONE',  ( -0.5000000000000001100, 0.5000000000000000000, 0.3700000000000000000 ) ) ;
#2311 = CARTESIAN_POINT ( 'NONE',  ( 0.3999999999999999100, 0.04999999999999985700, 0.09999999999999996400 ) ) ;
#2312 = DIRECTION ( 'NONE',  ( 1.000000000000000000, 4.336808689942017700E-016, 0.0000000000000000000 ) ) ;
#2313 = FACE_OUTER_BOUND ( 'NONE', #4449, .T. ) ;
#2314 = ADVANCED_FACE ( 'NONE', ( #1237 ), #568, .F. ) ;
#2315 = CARTESIAN_POINT ( 'NONE',  ( -0.5000000000000001100, 0.2999999999999999300, 0.04999999999999998200 ) ) ;
#2316 = ORIENTED_EDGE ( 'NONE', *, *, #2361, .F. ) ;
#2317 = CARTESIAN_POINT ( 'NONE',  ( 0.2000000000000000900, 0.5000000000000000000, 0.0000000000000000000 ) ) ;
#2318 = LINE ( 'NONE', #1068, #4119 ) ;
#2319 = DIRECTION ( 'NONE',  ( -1.000000000000000000, -1.084202172485504700E-016, 0.0000000000000000000 ) ) ;
#2320 = VECTOR ( 'NONE', #2919, 1000.000000000000000 ) ;
#2321 = LINE ( 'NONE', #3892, #2604 ) ;
#2322 = AXIS2_PLACEMENT_3D ( 'NONE', #2724, #3433, #3790 ) ;
#2323 = DIRECTION ( 'NONE',  ( -2.938735877055719900E-032, 2.710505431213761600E-016, -1.000000000000000000 ) ) ;
#2324 = EDGE_LOOP ( 'NONE', ( #400, #2486, #4517, #3912, #1180 ) ) ;
#2325 = LINE ( 'NONE', #448, #346 ) ;
#2326 = DIRECTION ( 'NONE',  ( 0.0000000000000000000, -1.000000000000000000, -2.710505431213760600E-016 ) ) ;
#2327 = ORIENTED_EDGE ( 'NONE', *, *, #4391, .T. ) ;
#2328 = EDGE_CURVE ( 'NONE', #1707, #2855, #3097, .T. ) ;
#2329 = EDGE_LOOP ( 'NONE', ( #1188, #2848, #2946, #2550 ) ) ;
#2330 = VECTOR ( 'NONE', #389, 1000.000000000000000 ) ;
#2331 = DIRECTION ( 'NONE',  ( 0.0000000000000000000, 0.0000000000000000000, -1.000000000000000000 ) ) ;
#2332 = ORIENTED_EDGE ( 'NONE', *, *, #534, .T. ) ;
#2333 = CARTESIAN_POINT ( 'NONE',  ( 0.3999999999999999100, -0.2000000000000001500, 0.04999999999999987800 ) ) ;
#2334 = ORIENTED_EDGE ( 'NONE', *, *, #552, .F. ) ;
#2335 = ADVANCED_FACE ( 'NONE', ( #3691 ), #3129, .T. ) ;
#2336 = EDGE_CURVE ( 'NONE', #1485, #1153, #1801, .T. ) ;
#2337 = CARTESIAN_POINT ( 'NONE',  ( -0.4999999999999997800, -5.421010862427521200E-016, 0.0000000000000000000 ) ) ;
#2338 = VERTEX_POINT ( 'NONE', #4125 ) ;
#2339 = DIRECTION ( 'NONE',  ( 0.7071067811865495700, 0.7071067811865455700, 0.0000000000000000000 ) ) ;
#2340 = CARTESIAN_POINT ( 'NONE',  ( -0.5000000000000001100, 0.5000000000000000000, 0.0000000000000000000 ) ) ;
#2341 = ORIENTED_EDGE ( 'NONE', *, *, #2274, .F. ) ;
#2342 = AXIS2_PLACEMENT_3D ( 'NONE', #3746, #295, #314 ) ;
#2343 = CARTESIAN_POINT ( 'NONE',  ( -0.2000000000000000900, -0.4299999999999999900, 0.1000000000000000100 ) ) ;
#2344 = VERTEX_POINT ( 'NONE', #3395 ) ;
#2345 = FILL_AREA_STYLE ('',( #1032 ) ) ;
#2346 = ORIENTED_EDGE ( 'NONE', *, *, #86, .T. ) ;
#2347 = AXIS2_PLACEMENT_3D ( 'NONE', #1359, #4460, #3088 ) ;
#2348 = SURFACE_STYLE_USAGE ( .BOTH. , #4435 ) ;
#2349 = LINE ( 'NONE', #4066, #526 ) ;
#2350 = LINE ( 'NONE', #1099, #4164 ) ;
#2351 = EDGE_LOOP ( 'NONE', ( #3422, #1150, #924, #2090 ) ) ;
#2352 = CARTESIAN_POINT ( 'NONE',  ( -0.3999999999999999100, -0.3000000000000001000, 0.1000000000000000500 ) ) ;
#2353 = CARTESIAN_POINT ( 'NONE',  ( -0.4000000000000000200, 0.1999999999999999600, 0.04999999999999998900 ) ) ;
#2354 = VECTOR ( 'NONE', #2456, 1000.000000000000000 ) ;
#2355 = FACE_OUTER_BOUND ( 'NONE', #4192, .T. ) ;
#2356 = ADVANCED_FACE ( 'NONE', ( #1481 ), #3067, .F. ) ;
#2357 = CARTESIAN_POINT ( 'NONE',  ( 0.3394112549695375000, 4.971786736228057700E-015, 0.0000000000000000000 ) ) ;
#2358 = ORIENTED_EDGE ( 'NONE', *, *, #135, .F. ) ;
#2359 = FILL_AREA_STYLE_COLOUR ( '', #1468 ) ;
#2360 = VECTOR ( 'NONE', #353, 1000.000000000000000 ) ;
#2361 = EDGE_CURVE ( 'NONE', #2229, #4304, #2976, .T. ) ;
#2362 = EDGE_LOOP ( 'NONE', ( #3711, #2058, #3492, #509 ) ) ;
#2363 = CARTESIAN_POINT ( 'NONE',  ( 0.3999999999999999100, -0.3000000000000001600, 0.09999999999999985300 ) ) ;
#2364 = PRODUCT_DEFINITION_FORMATION_WITH_SPECIFIED_SOURCE ( 'ANY', '', #3355, .NOT_KNOWN. ) ;
#2365 = LINE ( 'NONE', #2872, #1411 ) ;
#2366 = CARTESIAN_POINT ( 'NONE',  ( 0.2000000000000000900, 0.5000000000000000000, 0.1000000000000000100 ) ) ;
#2367 = DIRECTION ( 'NONE',  ( 1.000000000000000000, 0.0000000000000000000, 0.0000000000000000000 ) ) ;
#2368 = ORIENTED_EDGE ( 'NONE', *, *, #3959, .F. ) ;
#2369 = EDGE_CURVE ( 'NONE', #3641, #4479, #1956, .T. ) ;
#2370 = LINE ( 'NONE', #1335, #396 ) ;
#2371 = DIRECTION ( 'NONE',  ( 0.4961389383568340900, -0.8682431421244590800, 0.0000000000000000000 ) ) ;
#2372 = CARTESIAN_POINT ( 'NONE',  ( -0.4000000000000000200, 2.168404344971009200E-017, 0.0000000000000000000 ) ) ;
#2373 = EDGE_LOOP ( 'NONE', ( #1110, #1658, #2534, #1567 ) ) ;
#2374 = SURFACE_STYLE_USAGE ( .BOTH. , #2015 ) ;
#2375 = FACE_OUTER_BOUND ( 'NONE', #4134, .T. ) ;
#2376 = CARTESIAN_POINT ( 'NONE',  ( 0.3999999999999999100, 0.2029999999999998700, 0.1000000000000000200 ) ) ;
#2377 = ORIENTED_EDGE ( 'NONE', *, *, #446, .T. ) ;
#2378 = CARTESIAN_POINT ( 'NONE',  ( -0.4500000000000001200, 0.3499999999999999200, 0.1000000000000000100 ) ) ;
#2379 = CARTESIAN_POINT ( 'NONE',  ( 0.4999999999999998900, -0.2000000000000001500, 0.09999999999999988100 ) ) ;
#2380 = ADVANCED_FACE ( 'NONE', ( #160 ), #334, .F. ) ;
#2381 = ORIENTED_EDGE ( 'NONE', *, *, #2009, .F. ) ;
#2382 = ORIENTED_EDGE ( 'NONE', *, *, #735, .T. ) ;
#2383 = PLANE ( 'NONE',  #2342 ) ;
#2384 = STYLED_ITEM ( 'NONE', ( #3647 ), #1743 ) ;
#2385 = AXIS2_PLACEMENT_3D ( 'NONE', #2403, #3754, #1056 ) ;
#2386 = ORIENTED_EDGE ( 'NONE', *, *, #4011, .F. ) ;
#2387 = CARTESIAN_POINT ( 'NONE',  ( -0.5000000000000000000, -0.2000000000000000900, 0.05000000000000003700 ) ) ;
#2388 = EDGE_LOOP ( 'NONE', ( #438, #1120, #1834, #2932 ) ) ;
#2389 = FACE_OUTER_BOUND ( 'NONE', #2518, .T. ) ;
#2390 =( NAMED_UNIT ( * ) SI_UNIT ( $, .STERADIAN. ) SOLID_ANGLE_UNIT ( ) );
#2391 = EDGE_CURVE ( 'NONE', #3342, #4007, #1906, .T. ) ;
#2392 = ORIENTED_EDGE ( 'NONE', *, *, #1893, .F. ) ;
#2393 = PRESENTATION_STYLE_ASSIGNMENT (( #3921 ) ) ;
#2394 = CARTESIAN_POINT ( 'NONE',  ( 0.2000000000000000900, -0.4299999999999999900, 0.1000000000000000100 ) ) ;
#2395 = ORIENTED_EDGE ( 'NONE', *, *, #2842, .F. ) ;
#2396 = EDGE_CURVE ( 'NONE', #3148, #1107, #3639, .T. ) ;
#2397 = ORIENTED_EDGE ( 'NONE', *, *, #3281, .T. ) ;
#2398 = DIRECTION ( 'NONE',  ( 0.0000000000000000000, 0.0000000000000000000, -1.000000000000000000 ) ) ;
#2399 = CARTESIAN_POINT ( 'NONE',  ( -0.5000000000000000000, -0.2000000000000000900, 0.05000000000000003700 ) ) ;
#2400 = LINE ( 'NONE', #3497, #1333 ) ;
#2401 = ORIENTED_EDGE ( 'NONE', *, *, #3176, .F. ) ;
#2402 = ADVANCED_FACE ( 'NONE', ( #2817 ), #347, .F. ) ;
#2403 = CARTESIAN_POINT ( 'NONE',  ( -0.4000000000000001300, 0.2999999999999999300, 0.04999999999999998200 ) ) ;
#2404 = CARTESIAN_POINT ( 'NONE',  ( -0.2000000000000000900, 0.5000000000000000000, 0.1000000000000000100 ) ) ;
#2405 = FACE_OUTER_BOUND ( 'NONE', #3847, .T. ) ;
#2406 = CARTESIAN_POINT ( 'NONE',  ( -0.4000000000000000200, 0.06999999999999992300, 0.1000000000000000200 ) ) ;
#2407 = EDGE_LOOP ( 'NONE', ( #3835, #4249, #2607, #2272 ) ) ;
#2408 = CARTESIAN_POINT ( 'NONE',  ( 0.06999999999999574600, 0.3999999999999999100, 0.05000000000000000300 ) ) ;
#2409 = LINE ( 'NONE', #4036, #2899 ) ;
#2410 = AXIS2_PLACEMENT_3D ( 'NONE', #2363, #3793, #4483 ) ;
#2411 = DIRECTION ( 'NONE',  ( -1.000000000000000000, 0.0000000000000000000, 0.0000000000000000000 ) ) ;
#2412 = LINE ( 'NONE', #4505, #3550 ) ;
#2413 = ORIENTED_EDGE ( 'NONE', *, *, #528, .T. ) ;
#2414 = FACE_OUTER_BOUND ( 'NONE', #660, .T. ) ;
#2415 = CARTESIAN_POINT ( 'NONE',  ( 0.2000000000000000900, -0.5000000000000000000, 0.1000000000000000100 ) ) ;
#2416 = DIRECTION ( 'NONE',  ( 0.0000000000000000000, 0.0000000000000000000, -1.000000000000000000 ) ) ;
#2417 = LINE ( 'NONE', #1118, #4508 ) ;
#2418 = CARTESIAN_POINT ( 'NONE',  ( -0.4000000000000001300, 0.2999999999999999300, 0.04999999999999998200 ) ) ;
#2419 = ORIENTED_EDGE ( 'NONE', *, *, #3420, .T. ) ;
#2420 = CARTESIAN_POINT ( 'NONE',  ( -0.3999999999999999100, -0.3000000000000001000, 0.1000000000000000500 ) ) ;
#2421 = DIRECTION ( 'NONE',  ( -0.0000000000000000000, -0.0000000000000000000, -1.000000000000000000 ) ) ;
#2422 = VECTOR ( 'NONE', #2841, 1000.000000000000100 ) ;
#2423 = DIRECTION ( 'NONE',  ( 0.0000000000000000000, 0.0000000000000000000, -1.000000000000000000 ) ) ;
#2424 = EDGE_CURVE ( 'NONE', #975, #4077, #1688, .T. ) ;
#2425 = DIRECTION ( 'NONE',  ( 0.0000000000000000000, 0.0000000000000000000, -1.000000000000000000 ) ) ;
#2426 = FILL_AREA_STYLE_COLOUR ( '', #931 ) ;
#2427 = ADVANCED_FACE ( 'NONE', ( #2375 ), #1, .F. ) ;
#2428 = VECTOR ( 'NONE', #1772, 1000.000000000000000 ) ;
#2429 = DIRECTION ( 'NONE',  ( -1.000000000000000000, -2.168404344971009400E-016, -0.0000000000000000000 ) ) ;
#2430 = EDGE_CURVE ( 'NONE', #3322, #428, #4238, .T. ) ;
#2431 = DIRECTION ( 'NONE',  ( -0.8682431421244590800, 0.4961389383568340900, 0.0000000000000000000 ) ) ;
#2432 = VECTOR ( 'NONE', #513, 1000.000000000000000 ) ;
#2433 = CARTESIAN_POINT ( 'NONE',  ( -0.4500000000000001200, 0.3499999999999999200, 0.1000000000000000100 ) ) ;
#2434 = CARTESIAN_POINT ( 'NONE',  ( 0.4500000000000001200, -0.3499999999999999200, 0.1000000000000000100 ) ) ;
#2435 = ORIENTED_EDGE ( 'NONE', *, *, #2921, .F. ) ;
#2436 = LINE ( 'NONE', #4183, #2717 ) ;
#2437 = DIRECTION ( 'NONE',  ( 0.0000000000000000000, 0.0000000000000000000, -1.000000000000000000 ) ) ;
#2438 = DIRECTION ( 'NONE',  ( 0.0000000000000000000, -1.000000000000000000, -2.710505431213761600E-016 ) ) ;
#2439 = CARTESIAN_POINT ( 'NONE',  ( 0.4999999999999998900, 0.3029999999999998800, 0.1000000000000000500 ) ) ;
#2440 = AXIS2_PLACEMENT_3D ( 'NONE', #865, #2936, #1241 ) ;
#2441 = EDGE_LOOP ( 'NONE', ( #669, #1884, #4353, #2147 ) ) ;
#2442 = CARTESIAN_POINT ( 'NONE',  ( 0.4999999999999998900, -0.3000000000000001600, 0.04999999999999985000 ) ) ;
#2443 = EDGE_LOOP ( 'NONE', ( #2652, #2727, #3276, #778 ) ) ;
#2444 = VECTOR ( 'NONE', #1637, 1000.000000000000000 ) ;
#2445 = LINE ( 'NONE', #2640, #4194 ) ;
#2446 = DIRECTION ( 'NONE',  ( 0.0000000000000000000, 0.0000000000000000000, -1.000000000000000000 ) ) ;
#2447 = VERTEX_POINT ( 'NONE', #3851 ) ;
#2448 = FACE_OUTER_BOUND ( 'NONE', #3388, .T. ) ;
#2449 = STYLED_ITEM ( 'NONE', ( #4062 ), #2461 ) ;
#2450 = AXIS2_PLACEMENT_3D ( 'NONE', #1614, #1935, #4346 ) ;
#2451 = CARTESIAN_POINT ( 'NONE',  ( -0.05000000000000422900, 0.3999999999999999100, 0.1000000000000000100 ) ) ;
#2452 = EDGE_LOOP ( 'NONE', ( #4400, #2608, #2392, #835 ) ) ;
#2453 = LINE ( 'NONE', #3364, #3174 ) ;
#2454 = DIRECTION ( 'NONE',  ( 2.938735877055719900E-032, -1.355252715606880800E-016, -1.000000000000000000 ) ) ;
#2455 = EDGE_CURVE ( 'NONE', #2790, #1547, #2119, .T. ) ;
#2456 = DIRECTION ( 'NONE',  ( -0.0000000000000000000, -0.0000000000000000000, 1.000000000000000000 ) ) ;
#2457 = CARTESIAN_POINT ( 'NONE',  ( -0.05000000000000423600, 0.3999999999999999100, 0.04999999999999999600 ) ) ;
#2458 = ORIENTED_EDGE ( 'NONE', *, *, #2424, .T. ) ;
#2459 = DIRECTION ( 'NONE',  ( 0.0000000000000000000, 0.0000000000000000000, -1.000000000000000000 ) ) ;
#2460 = DIRECTION ( 'NONE',  ( -0.0000000000000000000, -0.0000000000000000000, -1.000000000000000000 ) ) ;
#2461 = MANIFOLD_SOLID_BREP ( 'Metal1', #1562 ) ;
#2462 = ORIENTED_EDGE ( 'NONE', *, *, #51, .T. ) ;
#2463 = DIRECTION ( 'NONE',  ( -0.0000000000000000000, 1.000000000000000000, 0.0000000000000000000 ) ) ;
#2464 = EDGE_CURVE ( 'NONE', #1131, #404, #2318, .T. ) ;
#2465 = DIRECTION ( 'NONE',  ( -1.000000000000000000, -2.168404344971009400E-016, 0.0000000000000000000 ) ) ;
#2466 = FACE_OUTER_BOUND ( 'NONE', #1573, .T. ) ;
#2467 = VERTEX_POINT ( 'NONE', #1422 ) ;
#2468 = CARTESIAN_POINT ( 'NONE',  ( 0.3999999999999999100, -0.2000000000000001500, 0.04999999999999987800 ) ) ;
#2469 = LINE ( 'NONE', #1529, #141 ) ;
#2470 = VECTOR ( 'NONE', #929, 1000.000000000000000 ) ;
#2471 = PRESENTATION_STYLE_ASSIGNMENT (( #807 ) ) ;
#2472 = ORIENTED_EDGE ( 'NONE', *, *, #2538, .T. ) ;
#2473 = EDGE_CURVE ( 'NONE', #4466, #1800, #2264, .T. ) ;
#2474 = CARTESIAN_POINT ( 'NONE',  ( -0.2000000000000000900, -0.4299999999999999900, 0.1000000000000000100 ) ) ;
#2475 = LINE ( 'NONE', #1301, #2045 ) ;
#2476 = PLANE ( 'NONE',  #53 ) ;
#2477 = EDGE_LOOP ( 'NONE', ( #3694, #10, #848, #3413 ) ) ;
#2478 = CARTESIAN_POINT ( 'NONE',  ( 0.4999999999999998900, 0.4999999999999998900, 0.3700000000000000000 ) ) ;
#2479 = LINE ( 'NONE', #256, #2165 ) ;
#2480 = CARTESIAN_POINT ( 'NONE',  ( -0.5000000000000000000, 0.1999999999999999300, 0.04999999999999998900 ) ) ;
#2481 = AXIS2_PLACEMENT_3D ( 'NONE', #1072, #731, #3498 ) ;
#2482 = CARTESIAN_POINT ( 'NONE',  ( 0.2000000000000000900, -0.5000000000000000000, 0.1000000000000000100 ) ) ;
#2483 = ORIENTED_EDGE ( 'NONE', *, *, #86, .F. ) ;
#2484 = PLANE ( 'NONE',  #1855 ) ;
#2485 = EDGE_CURVE ( 'NONE', #1373, #1964, #273, .T. ) ;
#2486 = ORIENTED_EDGE ( 'NONE', *, *, #1136, .T. ) ;
#2487 = PRESENTATION_LAYER_ASSIGNMENT (  '', '', ( #4446 ) ) ;
#2488 =( NAMED_UNIT ( * ) SI_UNIT ( $, .STERADIAN. ) SOLID_ANGLE_UNIT ( ) );
#2489 = VECTOR ( 'NONE', #4452, 1000.000000000000000 ) ;
#2490 = UNCERTAINTY_MEASURE_WITH_UNIT (LENGTH_MEASURE( 1.000000000000000100E-005 ), #2010, 'distance_accuracy_value', 'NONE');
#2491 = VERTEX_POINT ( 'NONE', #1317 ) ;
#2492 = FILL_AREA_STYLE ('',( #3241 ) ) ;
#2493 = VERTEX_POINT ( 'NONE', #2742 ) ;
#2494 = CARTESIAN_POINT ( 'NONE',  ( 0.3999999999999999100, 0.2029999999999998700, 0.05000000000000002400 ) ) ;
#2495 = EDGE_CURVE ( 'NONE', #3560, #1663, #2370, .T. ) ;
#2496 = LINE ( 'NONE', #4439, #2176 ) ;
#2497 = CARTESIAN_POINT ( 'NONE',  ( 0.3999999999999999100, -0.2000000000000001500, 0.04999999999999987800 ) ) ;
#2498 = DIRECTION ( 'NONE',  ( 0.7071067811865580100, 0.7071067811865369100, -0.0000000000000000000 ) ) ;
#2499 = ORIENTED_EDGE ( 'NONE', *, *, #3806, .F. ) ;
#2500 =( LENGTH_UNIT ( ) NAMED_UNIT ( * ) SI_UNIT ( .MILLI., .METRE. ) );
#2501 = EDGE_CURVE ( 'NONE', #4326, #2126, #1476, .T. ) ;
#2502 = ORIENTED_EDGE ( 'NONE', *, *, #2886, .T. ) ;
#2503 = DIRECTION ( 'NONE',  ( -1.084202172485504600E-015, 1.000000000000000000, -1.355252715606880800E-016 ) ) ;
#2504 = EDGE_LOOP ( 'NONE', ( #2557, #1918, #2033, #4315 ) ) ;
#2505 = ORIENTED_EDGE ( 'NONE', *, *, #472, .T. ) ;
#2506 = DIRECTION ( 'NONE',  ( 2.168404344971009400E-016, -1.000000000000000000, 0.0000000000000000000 ) ) ;
#2507 = VERTEX_POINT ( 'NONE', #2729 ) ;
#2508 = FILL_AREA_STYLE_COLOUR ( '', #806 ) ;
#2509 = ORIENTED_EDGE ( 'NONE', *, *, #3333, .T. ) ;
#2510 = VECTOR ( 'NONE', #1861, 1000.000000000000000 ) ;
#2511 = ORIENTED_EDGE ( 'NONE', *, *, #1406, .F. ) ;
#2512 = AXIS2_PLACEMENT_3D ( 'NONE', #3444, #2083, #3459 ) ;
#2513 = ORIENTED_EDGE ( 'NONE', *, *, #79, .F. ) ;
#2514 = EDGE_CURVE ( 'NONE', #524, #3545, #1420, .T. ) ;
#2515 = CARTESIAN_POINT ( 'NONE',  ( 0.2000000000000000900, 0.4299999999999999900, 0.1000000000000000100 ) ) ;
#2516 = CARTESIAN_POINT ( 'NONE',  ( -0.2000000000000000900, 0.4299999999999999900, 0.1000000000000000100 ) ) ;
#2517 =( NAMED_UNIT ( * ) SI_UNIT ( $, .STERADIAN. ) SOLID_ANGLE_UNIT ( ) );
#2518 = EDGE_LOOP ( 'NONE', ( #1251, #2623, #1220, #2843 ) ) ;
#2519 = CARTESIAN_POINT ( 'NONE',  ( 0.4500000000000001200, 0.4999999999999998900, 0.0000000000000000000 ) ) ;
#2520 = FACE_OUTER_BOUND ( 'NONE', #117, .T. ) ;
#2521 = CARTESIAN_POINT ( 'NONE',  ( 0.4999999999999998900, 0.04999999999999987100, 0.04999999999999995400 ) ) ;
#2522 = EDGE_CURVE ( 'NONE', #4269, #814, #1904, .T. ) ;
#2523 = CLOSED_SHELL ( 'NONE', ( #1167, #1498, #2427, #982, #1145, #3414, #1743 ) ) ;
#2524 = VECTOR ( 'NONE', #2217, 1000.000000000000000 ) ;
#2525 = LINE ( 'NONE', #372, #2634 ) ;
#2526 = ORIENTED_EDGE ( 'NONE', *, *, #2635, .T. ) ;
#2527 = VECTOR ( 'NONE', #3119, 1000.000000000000000 ) ;
#2528 = AXIS2_PLACEMENT_3D ( 'NONE', #3495, #3870, #429 ) ;
#2529 = ORIENTED_EDGE ( 'NONE', *, *, #1433, .T. ) ;
#2530 = CARTESIAN_POINT ( 'NONE',  ( -0.2000000000000000900, 0.4299999999999999900, 0.1000000000000000100 ) ) ;
#2531 = PLANE ( 'NONE',  #2713 ) ;
#2532 = FACE_BOUND ( 'NONE', #1257, .T. ) ;
#2533 = VECTOR ( 'NONE', #519, 1000.000000000000000 ) ;
#2534 = ORIENTED_EDGE ( 'NONE', *, *, #547, .T. ) ;
#2535 = PRESENTATION_STYLE_ASSIGNMENT (( #4225 ) ) ;
#2536 = LINE ( 'NONE', #811, #2422 ) ;
#2537 = CARTESIAN_POINT ( 'NONE',  ( -0.5000000000000001100, 0.2999999999999999300, 0.04999999999999998200 ) ) ;
#2538 = EDGE_CURVE ( 'NONE', #1876, #4010, #2971, .T. ) ;
#2539 = LINE ( 'NONE', #3815, #4067 ) ;
#2540 = ADVANCED_FACE ( 'NONE', ( #3410 ), #3760, .T. ) ;
#2541 = STYLED_ITEM ( 'NONE', ( #969 ), #4229 ) ;
#2542 = CARTESIAN_POINT ( 'NONE',  ( -0.4500000000000001200, 0.4999999999999998900, 0.1000000000000000100 ) ) ;
#2543 = DIRECTION ( 'NONE',  ( 1.084202172485504400E-015, -1.000000000000000000, 0.0000000000000000000 ) ) ;
#2544 = DIRECTION ( 'NONE',  ( 1.000000000000000000, 1.084202172485504700E-016, 0.0000000000000000000 ) ) ;
#2545 = EDGE_CURVE ( 'NONE', #3763, #3717, #495, .T. ) ;
#2546 =( NAMED_UNIT ( * ) SI_UNIT ( $, .STERADIAN. ) SOLID_ANGLE_UNIT ( ) );
#2547 = ORIENTED_EDGE ( 'NONE', *, *, #2706, .T. ) ;
#2548 = VECTOR ( 'NONE', #1746, 1000.000000000000000 ) ;
#2549 = DIRECTION ( 'NONE',  ( -0.0000000000000000000, 1.000000000000000000, 2.823443157514334800E-016 ) ) ;
#2550 = ORIENTED_EDGE ( 'NONE', *, *, #2669, .T. ) ;
#2551 = ORIENTED_EDGE ( 'NONE', *, *, #3695, .F. ) ;
#2552 = LINE ( 'NONE', #3823, #1309 ) ;
#2553 = DIRECTION ( 'NONE',  ( -1.000000000000000000, -1.084202172485504700E-016, 0.0000000000000000000 ) ) ;
#2554 = EDGE_LOOP ( 'NONE', ( #4512, #2483, #1407, #3279, #3893, #2316, #1210, #2377, #3537, #1783, #4049, #2397 ) ) ;
#2555 = FACE_OUTER_BOUND ( 'NONE', #2070, .T. ) ;
#2556 = DIRECTION ( 'NONE',  ( -0.4961389383568340900, -0.8682431421244590800, 0.0000000000000000000 ) ) ;
#2557 = ORIENTED_EDGE ( 'NONE', *, *, #1204, .F. ) ;
#2558 = CARTESIAN_POINT ( 'NONE',  ( 0.4500000000000001200, -0.4999999999999998900, 0.1000000000000000100 ) ) ;
#2559 = MECHANICAL_DESIGN_GEOMETRIC_PRESENTATION_REPRESENTATION (  '', ( #1734 ), #719 ) ;
#2560 = CARTESIAN_POINT ( 'NONE',  ( 0.2000000000000000900, -0.4299999999999999900, 0.0000000000000000000 ) ) ;
#2561 = ADVANCED_FACE ( 'NONE', ( #3257 ), #343, .F. ) ;
#2562 = ORIENTED_EDGE ( 'NONE', *, *, #1555, .T. ) ;
#2563 = DIRECTION ( 'NONE',  ( 0.0000000000000000000, 0.0000000000000000000, 1.000000000000000000 ) ) ;
#2564 = EDGE_CURVE ( 'NONE', #3510, #4429, #3867, .T. ) ;
#2565 = AXIS2_PLACEMENT_3D ( 'NONE', #2181, #1843, #436 ) ;
#2566 = ORIENTED_EDGE ( 'NONE', *, *, #772, .F. ) ;
#2567 = LINE ( 'NONE', #1802, #29 ) ;
#2568 = FACE_OUTER_BOUND ( 'NONE', #1738, .T. ) ;
#2569 = VERTEX_POINT ( 'NONE', #2366 ) ;
#2570 = EDGE_CURVE ( 'NONE', #3633, #3950, #156, .T. ) ;
#2571 = DIRECTION ( 'NONE',  ( -0.7071067811865580100, -0.7071067811865369100, 0.0000000000000000000 ) ) ;
#2572 = DIRECTION ( 'NONE',  ( -2.168404344971009400E-016, 1.000000000000000000, 0.0000000000000000000 ) ) ;
#2573 = LINE ( 'NONE', #3562, #4324 ) ;
#2574 = SURFACE_STYLE_FILL_AREA ( #2153 ) ;
#2575 = ORIENTED_EDGE ( 'NONE', *, *, #4152, .F. ) ;
#2576 = LINE ( 'NONE', #3511, #859 ) ;
#2577 = PLANE ( 'NONE',  #544 ) ;
#2578 = EDGE_CURVE ( 'NONE', #3029, #1019, #1629, .T. ) ;
#2579 = ORIENTED_EDGE ( 'NONE', *, *, #4445, .F. ) ;
#2580 = VECTOR ( 'NONE', #4428, 1000.000000000000000 ) ;
#2581 = VERTEX_POINT ( 'NONE', #1297 ) ;
#2582 = VECTOR ( 'NONE', #27, 1000.000000000000000 ) ;
#2583 = CARTESIAN_POINT ( 'NONE',  ( -0.4000000000000000200, -0.05000000000000007200, 0.05000000000000001700 ) ) ;
#2584 = DIRECTION ( 'NONE',  ( 0.0000000000000000000, -1.000000000000000000, 0.0000000000000000000 ) ) ;
#2585 = EDGE_LOOP ( 'NONE', ( #2382, #3244, #3251, #2723 ) ) ;
#2586 = CARTESIAN_POINT ( 'NONE',  ( -0.4000000000000000200, -0.2000000000000000700, 0.1000000000000000500 ) ) ;
#2587 = VECTOR ( 'NONE', #4121, 1000.000000000000000 ) ;
#2588 = DIRECTION ( 'NONE',  ( -0.8682431421244590800, -0.4961389383568340900, 0.0000000000000000000 ) ) ;
#2589 = ADVANCED_FACE ( 'NONE', ( #3963 ), #4107, .T. ) ;
#2590 = PRESENTATION_STYLE_ASSIGNMENT (( #2348 ) ) ;
#2591 = MECHANICAL_DESIGN_GEOMETRIC_PRESENTATION_REPRESENTATION (  '', ( #4384 ), #1968 ) ;
#2592 = ORIENTED_EDGE ( 'NONE', *, *, #3306, .T. ) ;
#2593 = DIRECTION ( 'NONE',  ( 0.0000000000000000000, -1.000000000000000000, 0.0000000000000000000 ) ) ;
#2594 = AXIS2_PLACEMENT_3D ( 'NONE', #476, #1505, #2571 ) ;
#2595 = COLOUR_RGB ( '',1.000000000000000000, 1.000000000000000000, 1.000000000000000000 ) ;
#2596 = EDGE_CURVE ( 'NONE', #2491, #3029, #714, .T. ) ;
#2597 = ORIENTED_EDGE ( 'NONE', *, *, #914, .F. ) ;
#2598 = VECTOR ( 'NONE', #4377, 1000.000000000000000 ) ;
#2599 = ORIENTED_EDGE ( 'NONE', *, *, #4089, .F. ) ;
#2600 = CARTESIAN_POINT ( 'NONE',  ( -0.05941125496954295000, -0.2800000000000000300, 0.0000000000000000000 ) ) ;
#2601 = CARTESIAN_POINT ( 'NONE',  ( 0.2000000000000000900, -0.5000000000000000000, 0.1000000000000000100 ) ) ;
#2602 = EDGE_LOOP ( 'NONE', ( #1021, #902, #327, #1830 ) ) ;
#2603 = FACE_OUTER_BOUND ( 'NONE', #2214, .T. ) ;
#2604 = VECTOR ( 'NONE', #390, 1000.000000000000100 ) ;
#2605 = EDGE_CURVE ( 'NONE', #3747, #404, #877, .T. ) ;
#2606 = DIRECTION ( 'NONE',  ( 0.0000000000000000000, -0.0000000000000000000, -1.000000000000000000 ) ) ;
#2607 = ORIENTED_EDGE ( 'NONE', *, *, #1628, .F. ) ;
#2608 = ORIENTED_EDGE ( 'NONE', *, *, #3289, .F. ) ;
#2609 = VECTOR ( 'NONE', #3681, 1000.000000000000000 ) ;
#2610 = CARTESIAN_POINT ( 'NONE',  ( -0.05000000000000423600, 0.3999999999999999100, 0.04999999999999999600 ) ) ;
#2611 = ORIENTED_EDGE ( 'NONE', *, *, #3813, .T. ) ;
#2612 = LINE ( 'NONE', #1313, #2884 ) ;
#2613 = PLANE ( 'NONE',  #3041 ) ;
#2614 = ORIENTED_EDGE ( 'NONE', *, *, #1623, .T. ) ;
#2615 = CARTESIAN_POINT ( 'NONE',  ( 0.4500000000000001200, 0.3499999999999999200, 0.1000000000000000100 ) ) ;
#2616 = CARTESIAN_POINT ( 'NONE',  ( 0.3400000000000000800, -0.3499999999999999200, 0.1000000000000000100 ) ) ;
#2617 = ORIENTED_EDGE ( 'NONE', *, *, #65, .F. ) ;
#2618 = AXIS2_PLACEMENT_3D ( 'NONE', #657, #3075, #2739 ) ;
#2619 = DIRECTION ( 'NONE',  ( -2.168404344971009400E-016, 1.000000000000000000, 0.0000000000000000000 ) ) ;
#2620 = VECTOR ( 'NONE', #2818, 1000.000000000000000 ) ;
#2621 = VECTOR ( 'NONE', #1823, 1000.000000000000000 ) ;
#2622 = SURFACE_SIDE_STYLE ('',( #2308 ) ) ;
#2623 = ORIENTED_EDGE ( 'NONE', *, *, #4006, .F. ) ;
#2624 = EDGE_CURVE ( 'NONE', #285, #3180, #3526, .T. ) ;
#2625 = CARTESIAN_POINT ( 'NONE',  ( 0.05941125496953094500, -0.2800000000000000300, 0.03500000000000000300 ) ) ;
#2626 = LINE ( 'NONE', #3020, #855 ) ;
#2627 = PRODUCT_RELATED_PRODUCT_CATEGORY ( 'part', '', ( #3355 ) ) ;
#2628 = COLOUR_RGB ( '',1.000000000000000000, 1.000000000000000000, 1.000000000000000000 ) ;
#2629 =( LENGTH_UNIT ( ) NAMED_UNIT ( * ) SI_UNIT ( .MILLI., .METRE. ) );
#2630 = ORIENTED_EDGE ( 'NONE', *, *, #3458, .T. ) ;
#2631 = CARTESIAN_POINT ( 'NONE',  ( 0.3999999999999999100, 0.3029999999999998800, 0.1000000000000000500 ) ) ;
#2632 = VECTOR ( 'NONE', #4376, 1000.000000000000000 ) ;
#2633 = VECTOR ( 'NONE', #456, 1000.000000000000000 ) ;
#2634 = VECTOR ( 'NONE', #4170, 1000.000000000000100 ) ;
#2635 = EDGE_CURVE ( 'NONE', #3479, #2027, #773, .T. ) ;
#2636 = ORIENTED_EDGE ( 'NONE', *, *, #3582, .F. ) ;
#2637 = CARTESIAN_POINT ( 'NONE',  ( 0.3999999999999999100, -0.2000000000000001500, 0.09999999999999988100 ) ) ;
#2638 = DIRECTION ( 'NONE',  ( 0.0000000000000000000, -1.000000000000000000, -2.710505431213760600E-016 ) ) ;
#2639 = DIRECTION ( 'NONE',  ( 1.000000000000000000, 0.0000000000000000000, 0.0000000000000000000 ) ) ;
#2640 = CARTESIAN_POINT ( 'NONE',  ( 0.3999999999999999100, -0.07000000000000013200, 0.04999999999999992000 ) ) ;
#2641 = LINE ( 'NONE', #1278, #1089 ) ;
#2642 = FILL_AREA_STYLE ('',( #932 ) ) ;
#2643 = ADVANCED_FACE ( 'NONE', ( #3032 ), #1453, .F. ) ;
#2644 = VERTEX_POINT ( 'NONE', #1655 ) ;
#2645 = DIRECTION ( 'NONE',  ( -0.0000000000000000000, -0.0000000000000000000, -1.000000000000000000 ) ) ;
#2646 = PRESENTATION_STYLE_ASSIGNMENT (( #4321 ) ) ;
#2647 = ORIENTED_EDGE ( 'NONE', *, *, #4115, .F. ) ;
#2648 = CARTESIAN_POINT ( 'NONE',  ( -0.5000000000000000000, -0.05000000000000009300, 0.1000000000000000200 ) ) ;
#2649 = LINE ( 'NONE', #3868, #816 ) ;
#2650 = FACE_BOUND ( 'NONE', #12, .T. ) ;
#2651 = DIRECTION ( 'NONE',  ( 1.000000000000000000, 0.0000000000000000000, 0.0000000000000000000 ) ) ;
#2652 = ORIENTED_EDGE ( 'NONE', *, *, #2777, .T. ) ;
#2653 = LINE ( 'NONE', #267, #1362 ) ;
#2654 = DIRECTION ( 'NONE',  ( 2.168404344971008900E-016, -1.000000000000000000, 0.0000000000000000000 ) ) ;
#2655 = DIRECTION ( 'NONE',  ( 0.0000000000000000000, 0.0000000000000000000, -1.000000000000000000 ) ) ;
#2656 = CARTESIAN_POINT ( 'NONE',  ( -0.05941125496954295000, -0.2800000000000000300, 0.03500000000000000300 ) ) ;
#2657 = CARTESIAN_POINT ( 'NONE',  ( -0.05000000000000422900, 0.3999999999999999100, 0.1000000000000000100 ) ) ;
#2658 = FACE_OUTER_BOUND ( 'NONE', #2373, .T. ) ;
#2659 = CARTESIAN_POINT ( 'NONE',  ( -0.2000000000000000900, -0.5000000000000000000, 0.1000000000000000100 ) ) ;
#2660 = ORIENTED_EDGE ( 'NONE', *, *, #4159, .F. ) ;
#2661 = DIRECTION ( 'NONE',  ( 1.000000000000000000, 0.0000000000000000000, 0.0000000000000000000 ) ) ;
#2662 = ADVANCED_FACE ( 'NONE', ( #1094 ), #1102, .T. ) ;
#2663 = EDGE_CURVE ( 'NONE', #1920, #423, #391, .T. ) ;
#2664 = EDGE_LOOP ( 'NONE', ( #3584, #252, #3658, #2462 ) ) ;
#2665 = ORIENTED_EDGE ( 'NONE', *, *, #3007, .T. ) ;
#2666 = CARTESIAN_POINT ( 'NONE',  ( 0.2000000000000000900, -0.5000000000000000000, 0.1000000000000000100 ) ) ;
#2667 = ORIENTED_EDGE ( 'NONE', *, *, #972, .F. ) ;
#2668 = DIRECTION ( 'NONE',  ( 1.000000000000000000, 0.0000000000000000000, -0.0000000000000000000 ) ) ;
#2669 = EDGE_CURVE ( 'NONE', #3219, #3029, #4398, .T. ) ;
#2670 = CARTESIAN_POINT ( 'NONE',  ( 0.2000000000000000900, -0.5000000000000000000, 0.0000000000000000000 ) ) ;
#2671 = ORIENTED_EDGE ( 'NONE', *, *, #164, .F. ) ;
#2672 = FILL_AREA_STYLE ('',( #1605 ) ) ;
#2673 = DIRECTION ( 'NONE',  ( -0.0000000000000000000, 1.000000000000000000, 2.710505431213761600E-016 ) ) ;
#2674 = ORIENTED_EDGE ( 'NONE', *, *, #3015, .F. ) ;
#2675 = AXIS2_PLACEMENT_3D ( 'NONE', #4065, #3721, #3019 ) ;
#2676 = PLANE ( 'NONE',  #3277 ) ;
#2677 = VECTOR ( 'NONE', #3069, 1000.000000000000000 ) ;
#2678 = VERTEX_POINT ( 'NONE', #3866 ) ;
#2679 = CARTESIAN_POINT ( 'NONE',  ( 0.4999999999999998900, 0.3029999999999998800, 0.05000000000000003700 ) ) ;
#2680 =( LENGTH_UNIT ( ) NAMED_UNIT ( * ) SI_UNIT ( .MILLI., .METRE. ) );
#2681 = DIRECTION ( 'NONE',  ( 0.4961389383568340900, -0.8682431421244590800, 0.0000000000000000000 ) ) ;
#2682 = SURFACE_STYLE_FILL_AREA ( #1475 ) ;
#2683 =( GEOMETRIC_REPRESENTATION_CONTEXT ( 3 ) GLOBAL_UNCERTAINTY_ASSIGNED_CONTEXT ( ( #183 ) ) GLOBAL_UNIT_ASSIGNED_CONTEXT ( ( #4237, #838, #4283 ) ) REPRESENTATION_CONTEXT ( 'NONE', 'WORKASPACE' ) );
#2684 = ORIENTED_EDGE ( 'NONE', *, *, #2868, .T. ) ;
#2685 = ADVANCED_FACE ( 'NONE', ( #3587 ), #2827, .T. ) ;
#2686 = CARTESIAN_POINT ( 'NONE',  ( 0.3999999999999999100, -1.084202172485504600E-017, 0.0000000000000000000 ) ) ;
#2687 = VECTOR ( 'NONE', #2179, 1000.000000000000000 ) ;
#2688 = VECTOR ( 'NONE', #95, 1000.000000000000000 ) ;
#2689 = DIRECTION ( 'NONE',  ( 0.7071067811865455700, -0.7071067811865495700, 0.0000000000000000000 ) ) ;
#2690 = VERTEX_POINT ( 'NONE', #424 ) ;
#2691 = EDGE_CURVE ( 'NONE', #3114, #3524, #1142, .T. ) ;
#2692 = FACE_OUTER_BOUND ( 'NONE', #3330, .T. ) ;
#2693 = LINE ( 'NONE', #2288, #2853 ) ;
#2694 = CARTESIAN_POINT ( 'NONE',  ( -0.05000000000000423600, 0.3999999999999999100, 0.04999999999999999600 ) ) ;
#2695 = VECTOR ( 'NONE', #1909, 1000.000000000000000 ) ;
#2696 = EDGE_CURVE ( 'NONE', #4126, #1131, #873, .T. ) ;
#2697 = CARTESIAN_POINT ( 'NONE',  ( -0.5000000000000000000, 0.06999999999999989600, 0.04999999999999999600 ) ) ;
#2698 =( NAMED_UNIT ( * ) PLANE_ANGLE_UNIT ( ) SI_UNIT ( $, .RADIAN. ) );
#2699 =( NAMED_UNIT ( * ) SI_UNIT ( $, .STERADIAN. ) SOLID_ANGLE_UNIT ( ) );
#2700 = CARTESIAN_POINT ( 'NONE',  ( -0.05941125496954295000, -0.2800000000000000300, 0.03500000000000000300 ) ) ;
#2701 = VERTEX_POINT ( 'NONE', #1767 ) ;
#2702 = DIRECTION ( 'NONE',  ( 1.084202172485504600E-015, -1.000000000000000000, 0.0000000000000000000 ) ) ;
#2703 = CLOSED_SHELL ( 'NONE', ( #1604, #3761, #2710, #3390, #851, #102, #2102, #1405, #828, #955, #3948, #578, #3559, #1025, #3440, #3367, #3836, #1298, #4499, #1002, #1814, #3261, #2146, #2871, #3027, #2643, #363, #3787, #3056, #282, #3697, #1886, #3126, #2979, #3886, #3102, #4404, #2289, #1534, #1696, #3345, #2402, #933, #2774, #1327, #1071, #4174, #4314, #1836, #3585, #721, #1276, #1049, #1717, #2561, #312, #4293, #452, #4425, #3149, #884, #2356, #1556, #3197, #212, #239, #2014, #1541 ) ) ;
#2704 = DIRECTION ( 'NONE',  ( 0.0000000000000000000, 0.0000000000000000000, 1.000000000000000000 ) ) ;
#2705 = VECTOR ( 'NONE', #1001, 1000.000000000000000 ) ;
#2706 = EDGE_CURVE ( 'NONE', #2855, #533, #3689, .T. ) ;
#2707 = ORIENTED_EDGE ( 'NONE', *, *, #1266, .F. ) ;
#2708 = ORIENTED_EDGE ( 'NONE', *, *, #3478, .F. ) ;
#2709 = CARTESIAN_POINT ( 'NONE',  ( 0.3999999999999999100, -0.07000000000000013200, 0.09999999999999990800 ) ) ;
#2710 = ADVANCED_FACE ( 'NONE', ( #4451 ), #4173, .F. ) ;
#2711 = SURFACE_STYLE_FILL_AREA ( #2294 ) ;
#2712 = DIRECTION ( 'NONE',  ( 1.000000000000000000, 1.084202172485504700E-016, 0.0000000000000000000 ) ) ;
#2713 = AXIS2_PLACEMENT_3D ( 'NONE', #781, #2192, #3200 ) ;
#2714 = STYLED_ITEM ( 'NONE', ( #2851 ), #3406 ) ;
#2715 = DIRECTION ( 'NONE',  ( 1.084202172485504700E-016, -1.000000000000000000, 0.0000000000000000000 ) ) ;
#2716 = ORIENTED_EDGE ( 'NONE', *, *, #2159, .T. ) ;
#2717 = VECTOR ( 'NONE', #2105, 1000.000000000000000 ) ;
#2718 =( LENGTH_UNIT ( ) NAMED_UNIT ( * ) SI_UNIT ( .MILLI., .METRE. ) );
#2719 = CARTESIAN_POINT ( 'NONE',  ( -0.4500000000000001200, 0.4999999999999998900, 0.1000000000000000100 ) ) ;
#2720 = CARTESIAN_POINT ( 'NONE',  ( -0.4999999999999998900, -0.5000000000000001100, 0.0000000000000000000 ) ) ;
#2721 = VERTEX_POINT ( 'NONE', #362 ) ;
#2722 = EDGE_CURVE ( 'NONE', #2569, #614, #2759, .T. ) ;
#2723 = ORIENTED_EDGE ( 'NONE', *, *, #4251, .T. ) ;
#2724 = CARTESIAN_POINT ( 'NONE',  ( 0.0000000000000000000, 0.0000000000000000000, 0.1000000000000000100 ) ) ;
#2725 = MECHANICAL_DESIGN_GEOMETRIC_PRESENTATION_REPRESENTATION (  '', ( #4446 ), #2945 ) ;
#2726 = ORIENTED_EDGE ( 'NONE', *, *, #1433, .F. ) ;
#2727 = ORIENTED_EDGE ( 'NONE', *, *, #3234, .F. ) ;
#2728 = VECTOR ( 'NONE', #2221, 1000.000000000000000 ) ;
#2729 = CARTESIAN_POINT ( 'NONE',  ( -0.5000000000000000000, 0.06999999999999989600, 0.1000000000000000200 ) ) ;
#2730 = EDGE_CURVE ( 'NONE', #636, #2678, #2808, .T. ) ;
#2731 = ORIENTED_EDGE ( 'NONE', *, *, #3889, .T. ) ;
#2732 = LINE ( 'NONE', #2478, #2782 ) ;
#2733 = DIRECTION ( 'NONE',  ( -1.000000000000000000, -2.168404344971009400E-016, -0.0000000000000000000 ) ) ;
#2734 = DIRECTION ( 'NONE',  ( -1.000000000000000000, -2.168404344971009400E-016, -0.0000000000000000000 ) ) ;
#2735 = ORIENTED_EDGE ( 'NONE', *, *, #908, .F. ) ;
#2736 = EDGE_CURVE ( 'NONE', #383, #672, #1854, .T. ) ;
#2737 = ADVANCED_FACE ( 'NONE', ( #1739 ), #4206, .F. ) ;
#2738 = CARTESIAN_POINT ( 'NONE',  ( -0.4000000000000000200, -0.05000000000000007200, 0.05000000000000001700 ) ) ;
#2739 = DIRECTION ( 'NONE',  ( 0.0000000000000000000, 1.000000000000000000, -6.776263578034403900E-017 ) ) ;
#2740 = EDGE_LOOP ( 'NONE', ( #1654, #4424, #1445, #3980, #3304 ) ) ;
#2741 = ORIENTED_EDGE ( 'NONE', *, *, #366, .F. ) ;
#2742 = CARTESIAN_POINT ( 'NONE',  ( 0.2000000000000000900, -0.5000000000000000000, 0.0000000000000000000 ) ) ;
#2743 = FACE_OUTER_BOUND ( 'NONE', #1557, .T. ) ;
#2744 = FACE_OUTER_BOUND ( 'NONE', #236, .T. ) ;
#2745 = ORIENTED_EDGE ( 'NONE', *, *, #2261, .F. ) ;
#2746 = DIRECTION ( 'NONE',  ( 0.0000000000000000000, 0.0000000000000000000, -1.000000000000000000 ) ) ;
#2747 = DIRECTION ( 'NONE',  ( -1.469367938527859400E-032, 1.355252715606880300E-016, -1.000000000000000000 ) ) ;
#2748 = SURFACE_STYLE_FILL_AREA ( #3678 ) ;
#2749 = VECTOR ( 'NONE', #357, 1000.000000000000000 ) ;
#2750 = CARTESIAN_POINT ( 'NONE',  ( 0.4500000000000001200, 0.3499999999999999200, 0.1000000000000000100 ) ) ;
#2751 = EDGE_LOOP ( 'NONE', ( #2160, #681 ) ) ;
#2752 = EDGE_CURVE ( 'NONE', #4344, #603, #1682, .T. ) ;
#2753 = CARTESIAN_POINT ( 'NONE',  ( 0.3999999999999999100, -0.07000000000000013200, 0.09999999999999990800 ) ) ;
#2754 = VECTOR ( 'NONE', #2770, 1000.000000000000000 ) ;
#2755 = ADVANCED_FACE ( 'NONE', ( #2313 ), #3570, .T. ) ;
#2756 = DIRECTION ( 'NONE',  ( 0.7071067811865455700, -0.7071067811865495700, 0.0000000000000000000 ) ) ;
#2757 = VERTEX_POINT ( 'NONE', #3503 ) ;
#2758 = EDGE_CURVE ( 'NONE', #3865, #3362, #2536, .T. ) ;
#2759 = LINE ( 'NONE', #3157, #4287 ) ;
#2760 = EDGE_LOOP ( 'NONE', ( #2923, #412, #2435, #66, #2341 ) ) ;
#2761 = CARTESIAN_POINT ( 'NONE',  ( 0.4500000000000001200, 0.4999999999999998900, 0.0000000000000000000 ) ) ;
#2762 = VECTOR ( 'NONE', #2733, 1000.000000000000000 ) ;
#2763 =( NAMED_UNIT ( * ) SI_UNIT ( $, .STERADIAN. ) SOLID_ANGLE_UNIT ( ) );
#2764 = DIRECTION ( 'NONE',  ( -1.000000000000000000, -2.168404344971009400E-016, 0.0000000000000000000 ) ) ;
#2765 = FACE_OUTER_BOUND ( 'NONE', #97, .T. ) ;
#2766 = CARTESIAN_POINT ( 'NONE',  ( -0.4500000000000001200, 0.3499999999999999200, 0.1000000000000000100 ) ) ;
#2767 = CARTESIAN_POINT ( 'NONE',  ( -0.4999999999999998900, -0.5000000000000001100, 0.0000000000000000000 ) ) ;
#2768 = VERTEX_POINT ( 'NONE', #1510 ) ;
#2769 =( GEOMETRIC_REPRESENTATION_CONTEXT ( 3 ) GLOBAL_UNCERTAINTY_ASSIGNED_CONTEXT ( ( #1394 ) ) GLOBAL_UNIT_ASSIGNED_CONTEXT ( ( #4232, #1841, #2866 ) ) REPRESENTATION_CONTEXT ( 'NONE', 'WORKASPACE' ) );
#2770 = DIRECTION ( 'NONE',  ( -0.0000000000000000000, -0.0000000000000000000, 1.000000000000000000 ) ) ;
#2771 = ORIENTED_EDGE ( 'NONE', *, *, #3357, .F. ) ;
#2772 = PLANE ( 'NONE',  #4074 ) ;
#2773 = ORIENTED_EDGE ( 'NONE', *, *, #2094, .F. ) ;
#2774 = ADVANCED_FACE ( 'NONE', ( #1043 ), #4294, .F. ) ;
#2775 = LINE ( 'NONE', #1980, #3600 ) ;
#2776 = DIRECTION ( 'NONE',  ( 1.084202172485504600E-015, -1.000000000000000000, 6.776263578034403900E-017 ) ) ;
#2777 = EDGE_CURVE ( 'NONE', #672, #524, #1524, .T. ) ;
#2778 = ORIENTED_EDGE ( 'NONE', *, *, #270, .F. ) ;
#2779 = CARTESIAN_POINT ( 'NONE',  ( -0.5000000000000000000, -0.2000000000000000900, 0.1000000000000000500 ) ) ;
#2780 = DIRECTION ( 'NONE',  ( -1.000000000000000000, -1.084202172485504700E-016, 0.0000000000000000000 ) ) ;
#2781 = MECHANICAL_DESIGN_GEOMETRIC_PRESENTATION_REPRESENTATION (  '', ( #4328 ), #765 ) ;
#2782 = VECTOR ( 'NONE', #1384, 1000.000000000000000 ) ;
#2783 = DIRECTION ( 'NONE',  ( -1.000000000000000000, -0.0000000000000000000, -5.646886315028669300E-017 ) ) ;
#2784 = CARTESIAN_POINT ( 'NONE',  ( 0.4999999999999998900, -0.2000000000000001500, 0.09999999999999988100 ) ) ;
#2785 = ORIENTED_EDGE ( 'NONE', *, *, #646, .T. ) ;
#2786 = FACE_OUTER_BOUND ( 'NONE', #3662, .T. ) ;
#2787 = SURFACE_SIDE_STYLE ('',( #104 ) ) ;
#2788 = EDGE_CURVE ( 'NONE', #623, #565, #3862, .T. ) ;
#2789 = DIRECTION ( 'NONE',  ( 0.0000000000000000000, -1.000000000000000000, 0.0000000000000000000 ) ) ;
#2790 = VERTEX_POINT ( 'NONE', #2173 ) ;
#2791 = DIRECTION ( 'NONE',  ( 0.0000000000000000000, 1.000000000000000000, 0.0000000000000000000 ) ) ;
#2792 = ORIENTED_EDGE ( 'NONE', *, *, #824, .F. ) ;
#2793 = CARTESIAN_POINT ( 'NONE',  ( -0.5000000000000000000, 0.06999999999999989600, 0.1000000000000000200 ) ) ;
#2794 = LINE ( 'NONE', #667, #3076 ) ;
#2795 = CARTESIAN_POINT ( 'NONE',  ( -0.2000000000000000900, -0.5000000000000000000, 0.1000000000000000100 ) ) ;
#2796 = EDGE_LOOP ( 'NONE', ( #1417, #2617, #2502, #891 ) ) ;
#2797 = LINE ( 'NONE', #1170, #750 ) ;
#2798 = MANIFOLD_SOLID_BREP ( 'Lead2', #2893 ) ;
#2799 = AXIS2_PLACEMENT_3D ( 'NONE', #783, #809, #1139 ) ;
#2800 = PRESENTATION_LAYER_ASSIGNMENT (  '', '', ( #4437 ) ) ;
#2801 = ORIENTED_EDGE ( 'NONE', *, *, #680, .F. ) ;
#2802 = FILL_AREA_STYLE_COLOUR ( '', #264 ) ;
#2803 = FACE_OUTER_BOUND ( 'NONE', #1984, .T. ) ;
#2804 = DIRECTION ( 'NONE',  ( 0.0000000000000000000, -0.0000000000000000000, -1.000000000000000000 ) ) ;
#2805 = VERTEX_POINT ( 'NONE', #469 ) ;
#2806 = VECTOR ( 'NONE', #4465, 1000.000000000000000 ) ;
#2807 = ORIENTED_EDGE ( 'NONE', *, *, #1597, .F. ) ;
#2808 = LINE ( 'NONE', #4223, #2215 ) ;
#2809 = EDGE_CURVE ( 'NONE', #3520, #2690, #987, .T. ) ;
#2810 = VECTOR ( 'NONE', #4124, 1000.000000000000000 ) ;
#2811 = DIRECTION ( 'NONE',  ( 1.000000000000000000, -1.084202172485504700E-016, 0.0000000000000000000 ) ) ;
#2812 = VERTEX_POINT ( 'NONE', #3936 ) ;
#2813 = DIRECTION ( 'NONE',  ( 0.0000000000000000000, 1.000000000000000000, 0.0000000000000000000 ) ) ;
#2814 =( NAMED_UNIT ( * ) SI_UNIT ( $, .STERADIAN. ) SOLID_ANGLE_UNIT ( ) );
#2815 = FACE_OUTER_BOUND ( 'NONE', #1123, .T. ) ;
#2816 = EDGE_CURVE ( 'NONE', #2581, #3865, #2912, .T. ) ;
#2817 = FACE_OUTER_BOUND ( 'NONE', #1579, .T. ) ;
#2818 = DIRECTION ( 'NONE',  ( -0.0000000000000000000, -0.0000000000000000000, -1.000000000000000000 ) ) ;
#2819 = ORIENTED_EDGE ( 'NONE', *, *, #58, .T. ) ;
#2820 = FACE_OUTER_BOUND ( 'NONE', #4365, .T. ) ;
#2821 = DIRECTION ( 'NONE',  ( 1.355252715606880300E-016, 0.0000000000000000000, 1.000000000000000000 ) ) ;
#2822 = SURFACE_SIDE_STYLE ('',( #2574 ) ) ;
#2823 = AXIS2_PLACEMENT_3D ( 'NONE', #1829, #3593, #1845 ) ;
#2824 = ORIENTED_EDGE ( 'NONE', *, *, #1293, .F. ) ;
#2825 = ORIENTED_EDGE ( 'NONE', *, *, #1181, .T. ) ;
#2826 = LINE ( 'NONE', #1793, #2131 ) ;
#2827 = PLANE ( 'NONE',  #1681 ) ;
#2828 = ORIENTED_EDGE ( 'NONE', *, *, #2061, .T. ) ;
#2829 = ORIENTED_EDGE ( 'NONE', *, *, #777, .T. ) ;
#2830 = LINE ( 'NONE', #3608, #2728 ) ;
#2831 = EDGE_LOOP ( 'NONE', ( #2547, #1228, #1452, #1590 ) ) ;
#2832 = FACE_OUTER_BOUND ( 'NONE', #2351, .T. ) ;
#2833 = EDGE_CURVE ( 'NONE', #684, #789, #2365, .T. ) ;
#2834 = DIRECTION ( 'NONE',  ( -0.0000000000000000000, -0.0000000000000000000, -1.000000000000000000 ) ) ;
#2835 = CARTESIAN_POINT ( 'NONE',  ( -0.4000000000000002400, -5.204170427930424200E-016, 0.0000000000000000000 ) ) ;
#2836 = PRESENTATION_LAYER_ASSIGNMENT (  '', '', ( #1205 ) ) ;
#2837 = ORIENTED_EDGE ( 'NONE', *, *, #2495, .T. ) ;
#2838 = CARTESIAN_POINT ( 'NONE',  ( 0.4500000000000001200, -0.4999999999999998900, 0.1000000000000000100 ) ) ;
#2839 = CARTESIAN_POINT ( 'NONE',  ( -0.4000000000000000200, -0.2000000000000000700, 0.05000000000000003700 ) ) ;
#2840 = ORIENTED_EDGE ( 'NONE', *, *, #4279, .F. ) ;
#2841 = DIRECTION ( 'NONE',  ( 0.7071067811865580100, 0.7071067811865369100, -0.0000000000000000000 ) ) ;
#2842 = EDGE_CURVE ( 'NONE', #103, #3342, #3855, .T. ) ;
#2843 = ORIENTED_EDGE ( 'NONE', *, *, #2254, .T. ) ;
#2844 = DIRECTION ( 'NONE',  ( 1.000000000000000000, 0.0000000000000000000, 0.0000000000000000000 ) ) ;
#2845 = VECTOR ( 'NONE', #2654, 1000.000000000000000 ) ;
#2846 = VECTOR ( 'NONE', #1209, 1000.000000000000000 ) ;
#2847 = VECTOR ( 'NONE', #2908, 1000.000000000000000 ) ;
#2848 = ORIENTED_EDGE ( 'NONE', *, *, #4220, .F. ) ;
#2849 = STYLED_ITEM ( 'NONE', ( #180 ), #982 ) ;
#2850 = PLANE ( 'NONE',  #130 ) ;
#2851 = PRESENTATION_STYLE_ASSIGNMENT (( #1545 ) ) ;
#2852 = UNCERTAINTY_MEASURE_WITH_UNIT (LENGTH_MEASURE( 1.000000000000000100E-005 ), #2629, 'distance_accuracy_value', 'NONE');
#2853 = VECTOR ( 'NONE', #227, 1000.000000000000000 ) ;
#2854 = DIRECTION ( 'NONE',  ( -1.000000000000000000, -4.336808689942017700E-016, 0.0000000000000000000 ) ) ;
#2855 = VERTEX_POINT ( 'NONE', #1130 ) ;
#2856 = CARTESIAN_POINT ( 'NONE',  ( 0.05941125496953094500, -0.2800000000000000300, -0.0000000000000000000 ) ) ;
#2857 = COLOUR_RGB ( '',1.000000000000000000, 0.5019607843137254800, 0.0000000000000000000 ) ;
#2858 = PRESENTATION_LAYER_ASSIGNMENT (  '', '', ( #407 ) ) ;
#2859 = SURFACE_SIDE_STYLE ('',( #4341 ) ) ;
#2860 = MECHANICAL_DESIGN_GEOMETRIC_PRESENTATION_REPRESENTATION (  '', ( #2174 ), #2109 ) ;
#2861 = LINE ( 'NONE', #1439, #1040 ) ;
#2862 = DIRECTION ( 'NONE',  ( -0.0000000000000000000, -0.0000000000000000000, 1.000000000000000000 ) ) ;
#2863 = ORIENTED_EDGE ( 'NONE', *, *, #3176, .T. ) ;
#2864 = MECHANICAL_DESIGN_GEOMETRIC_PRESENTATION_REPRESENTATION (  '', ( #2541 ), #4417 ) ;
#2865 = DIRECTION ( 'NONE',  ( 0.0000000000000000000, -0.0000000000000000000, -1.000000000000000000 ) ) ;
#2866 =( NAMED_UNIT ( * ) SI_UNIT ( $, .STERADIAN. ) SOLID_ANGLE_UNIT ( ) );
#2867 = DIRECTION ( 'NONE',  ( 0.0000000000000000000, 1.000000000000000000, 0.0000000000000000000 ) ) ;
#2868 = EDGE_CURVE ( 'NONE', #603, #2491, #2417, .T. ) ;
#2869 = LINE ( 'NONE', #234, #4520 ) ;
#2870 = CARTESIAN_POINT ( 'NONE',  ( -0.3400000000000000800, 0.3499999999999999200, 0.0000000000000000000 ) ) ;
#2871 = ADVANCED_FACE ( 'NONE', ( #1283 ), #2896, .F. ) ;
#2872 = CARTESIAN_POINT ( 'NONE',  ( -4.255397017025833700E-015, 0.3394112549695485500, 0.03500000000000000300 ) ) ;
#2873 = VECTOR ( 'NONE', #595, 1000.000000000000000 ) ;
#2874 = ORIENTED_EDGE ( 'NONE', *, *, #2706, .F. ) ;
#2875 = VECTOR ( 'NONE', #2421, 1000.000000000000000 ) ;
#2876 = VERTEX_POINT ( 'NONE', #1831 ) ;
#2877 = PLANE ( 'NONE',  #2594 ) ;
#2878 = CARTESIAN_POINT ( 'NONE',  ( -0.4000000000000000200, -0.05000000000000007200, 0.05000000000000001700 ) ) ;
#2879 = VERTEX_POINT ( 'NONE', #1469 ) ;
#2880 = LINE ( 'NONE', #3188, #791 ) ;
#2881 = DIRECTION ( 'NONE',  ( -0.0000000000000000000, 1.000000000000000000, 1.355252715606880300E-016 ) ) ;
#2882 = FACE_OUTER_BOUND ( 'NONE', #4042, .T. ) ;
#2883 = EDGE_LOOP ( 'NONE', ( #3740, #3264, #4029, #697 ) ) ;
#2884 = VECTOR ( 'NONE', #1669, 1000.000000000000000 ) ;
#2885 = CARTESIAN_POINT ( 'NONE',  ( -0.4500000000000001200, 0.4999999999999998900, 0.1000000000000000100 ) ) ;
#2886 = EDGE_CURVE ( 'NONE', #2287, #198, #4008, .T. ) ;
#2887 = EDGE_LOOP ( 'NONE', ( #4351, #688, #2989, #1340 ) ) ;
#2888 = VECTOR ( 'NONE', #2004, 1000.000000000000000 ) ;
#2889 = VERTEX_POINT ( 'NONE', #1815 ) ;
#2890 = EDGE_CURVE ( 'NONE', #1871, #1514, #653, .T. ) ;
#2891 = SURFACE_STYLE_USAGE ( .BOTH. , #2905 ) ;
#2892 = PLANE ( 'NONE',  #3799 ) ;
#2893 = CLOSED_SHELL ( 'NONE', ( #72, #3004, #2380, #2057, #4101, #3246, #261 ) ) ;
#2894 = VECTOR ( 'NONE', #2503, 1000.000000000000000 ) ;
#2895 = LINE ( 'NONE', #1883, #3451 ) ;
#2896 = PLANE ( 'NONE',  #2223 ) ;
#2897 = EDGE_CURVE ( 'NONE', #1201, #2287, #329, .T. ) ;
#2898 = ORIENTED_EDGE ( 'NONE', *, *, #1753, .T. ) ;
#2899 = VECTOR ( 'NONE', #2293, 1000.000000000000000 ) ;
#2900 = LINE ( 'NONE', #2177, #1338 ) ;
#2901 = VECTOR ( 'NONE', #2783, 1000.000000000000000 ) ;
#2902 = ORIENTED_EDGE ( 'NONE', *, *, #3582, .T. ) ;
#2903 = AXIS2_PLACEMENT_3D ( 'NONE', #2468, #1458, #758 ) ;
#2904 = VERTEX_POINT ( 'NONE', #4012 ) ;
#2905 = SURFACE_SIDE_STYLE ('',( #531 ) ) ;
#2906 = DIRECTION ( 'NONE',  ( -1.000000000000000000, 0.0000000000000000000, 0.0000000000000000000 ) ) ;
#2907 = VECTOR ( 'NONE', #2158, 1000.000000000000000 ) ;
#2908 = DIRECTION ( 'NONE',  ( 0.0000000000000000000, 0.0000000000000000000, -1.000000000000000000 ) ) ;
#2909 = ADVANCED_FACE ( 'NONE', ( #3141 ), #4267, .T. ) ;
#2910 = EDGE_LOOP ( 'NONE', ( #373, #1140, #3108, #193 ) ) ;
#2911 = STYLED_ITEM ( 'NONE', ( #2646 ), #2909 ) ;
#2912 = LINE ( 'NONE', #3206, #3462 ) ;
#2913 = EDGE_LOOP ( 'NONE', ( #1620, #165, #607, #1953 ) ) ;
#2914 = VECTOR ( 'NONE', #1368, 1000.000000000000000 ) ;
#2915 = EDGE_CURVE ( 'NONE', #198, #2172, #2001, .T. ) ;
#2916 = AXIS2_PLACEMENT_3D ( 'NONE', #2738, #1291, #4464 ) ;
#2917 = CARTESIAN_POINT ( 'NONE',  ( 0.3999999999999999100, -0.2000000000000001500, 0.09999999999999988100 ) ) ;
#2918 = SURFACE_SIDE_STYLE ('',( #1991 ) ) ;
#2919 = DIRECTION ( 'NONE',  ( -1.000000000000000000, -0.0000000000000000000, -5.646886315028669300E-017 ) ) ;
#2920 = CARTESIAN_POINT ( 'NONE',  ( 0.4999999999999998900, 0.2029999999999998700, 0.05000000000000002400 ) ) ;
#2921 = EDGE_CURVE ( 'NONE', #2447, #2876, #926, .T. ) ;
#2922 = DIRECTION ( 'NONE',  ( 0.7071067811865495700, 0.7071067811865455700, 0.0000000000000000000 ) ) ;
#2923 = ORIENTED_EDGE ( 'NONE', *, *, #1782, .F. ) ;
#2924 = FACE_OUTER_BOUND ( 'NONE', #3209, .T. ) ;
#2925 = ADVANCED_FACE ( 'NONE', ( #813 ), #2224, .T. ) ;
#2926 = FILL_AREA_STYLE ('',( #2271 ) ) ;
#2927 = VERTEX_POINT ( 'NONE', #3288 ) ;
#2928 = ORIENTED_EDGE ( 'NONE', *, *, #1917, .T. ) ;
#2929 = VECTOR ( 'NONE', #3688, 1000.000000000000000 ) ;
#2930 = VECTOR ( 'NONE', #1924, 1000.000000000000000 ) ;
#2931 = EDGE_CURVE ( 'NONE', #4247, #4219, #1950, .T. ) ;
#2932 = ORIENTED_EDGE ( 'NONE', *, *, #1397, .T. ) ;
#2933 = ORIENTED_EDGE ( 'NONE', *, *, #1035, .F. ) ;
#2934 = CARTESIAN_POINT ( 'NONE',  ( -0.3999999999999999100, -0.3000000000000001000, 0.05000000000000005100 ) ) ;
#2935 = DIRECTION ( 'NONE',  ( 1.000000000000000000, 0.0000000000000000000, -0.0000000000000000000 ) ) ;
#2936 = DIRECTION ( 'NONE',  ( 1.000000000000000000, 0.0000000000000000000, 0.0000000000000000000 ) ) ;
#2937 = ORIENTED_EDGE ( 'NONE', *, *, #997, .F. ) ;
#2938 = CARTESIAN_POINT ( 'NONE',  ( -0.2000000000000000900, 0.5000000000000000000, 0.1000000000000000100 ) ) ;
#2939 = FACE_OUTER_BOUND ( 'NONE', #4262, .T. ) ;
#2940 = AXIS2_PLACEMENT_3D ( 'NONE', #2972, #3325, #1603 ) ;
#2941 = MECHANICAL_DESIGN_GEOMETRIC_PRESENTATION_REPRESENTATION (  '', ( #2714 ), #3191 ) ;
#2942 = CARTESIAN_POINT ( 'NONE',  ( -0.2000000000000000900, 0.5000000000000000000, 0.1000000000000000100 ) ) ;
#2943 = ORIENTED_EDGE ( 'NONE', *, *, #2182, .T. ) ;
#2944 = EDGE_CURVE ( 'NONE', #1215, #3527, #3202, .T. ) ;
#2945 =( GEOMETRIC_REPRESENTATION_CONTEXT ( 3 ) GLOBAL_UNCERTAINTY_ASSIGNED_CONTEXT ( ( #274 ) ) GLOBAL_UNIT_ASSIGNED_CONTEXT ( ( #3581, #3213, #2517 ) ) REPRESENTATION_CONTEXT ( 'NONE', 'WORKASPACE' ) );
#2946 = ORIENTED_EDGE ( 'NONE', *, *, #1542, .F. ) ;
#2947 = VECTOR ( 'NONE', #1789, 1000.000000000000100 ) ;
#2948 = EDGE_LOOP ( 'NONE', ( #4108, #712, #2562, #2140 ) ) ;
#2949 = EDGE_CURVE ( 'NONE', #1514, #61, #1137, .T. ) ;
#2950 =( LENGTH_UNIT ( ) NAMED_UNIT ( * ) SI_UNIT ( .MILLI., .METRE. ) );
#2951 = DIRECTION ( 'NONE',  ( 0.0000000000000000000, 0.0000000000000000000, 1.000000000000000000 ) ) ;
#2952 = FACE_OUTER_BOUND ( 'NONE', #2003, .T. ) ;
#2953 = FACE_OUTER_BOUND ( 'NONE', #2441, .T. ) ;
#2954 = VECTOR ( 'NONE', #3607, 1000.000000000000000 ) ;
#2955 = ORIENTED_EDGE ( 'NONE', *, *, #306, .F. ) ;
#2956 = DIRECTION ( 'NONE',  ( -1.000000000000000000, -1.084202172485504400E-015, 0.0000000000000000000 ) ) ;
#2957 = UNCERTAINTY_MEASURE_WITH_UNIT (LENGTH_MEASURE( 1.000000000000000100E-005 ), #323, 'distance_accuracy_value', 'NONE');
#2958 = LINE ( 'NONE', #3890, #642 ) ;
#2959 = DIRECTION ( 'NONE',  ( -1.000000000000000000, -1.084202172485504400E-015, 0.0000000000000000000 ) ) ;
#2960 = PRESENTATION_LAYER_ASSIGNMENT (  '', '', ( #4311 ) ) ;
#2961 = LINE ( 'NONE', #2795, #1566 ) ;
#2962 = ORIENTED_EDGE ( 'NONE', *, *, #671, .T. ) ;
#2963 =( LENGTH_UNIT ( ) NAMED_UNIT ( * ) SI_UNIT ( .MILLI., .METRE. ) );
#2964 = LINE ( 'NONE', #3683, #649 ) ;
#2965 = DIRECTION ( 'NONE',  ( -0.7071067811865495700, -0.7071067811865455700, -0.0000000000000000000 ) ) ;
#2966 = LINE ( 'NONE', #1593, #2533 ) ;
#2967 = CARTESIAN_POINT ( 'NONE',  ( 0.2000000000000000900, 0.5000000000000000000, 0.0000000000000000000 ) ) ;
#2968 = DIRECTION ( 'NONE',  ( 0.0000000000000000000, 0.0000000000000000000, -1.000000000000000000 ) ) ;
#2969 = DIRECTION ( 'NONE',  ( -0.7071067811865456900, 0.7071067811865493500, 0.0000000000000000000 ) ) ;
#2970 = ORIENTED_EDGE ( 'NONE', *, *, #997, .T. ) ;
#2971 = LINE ( 'NONE', #3064, #1525 ) ;
#2972 = CARTESIAN_POINT ( 'NONE',  ( 0.0000000000000000000, 0.0000000000000000000, 0.1000000000000000100 ) ) ;
#2973 = VECTOR ( 'NONE', #1421, 1000.000000000000000 ) ;
#2974 = AXIS2_PLACEMENT_3D ( 'NONE', #2125, #3811, #4156 ) ;
#2975 = DIRECTION ( 'NONE',  ( -1.000000000000000000, 0.0000000000000000000, 0.0000000000000000000 ) ) ;
#2976 = LINE ( 'NONE', #2415, #3038 ) ;
#2977 = PLANE ( 'NONE',  #4266 ) ;
#2978 = CARTESIAN_POINT ( 'NONE',  ( -0.2000000000000000900, -0.5000000000000000000, 0.0000000000000000000 ) ) ;
#2979 = ADVANCED_FACE ( 'NONE', ( #205 ), #4310, .F. ) ;
#2980 = EDGE_CURVE ( 'NONE', #958, #2927, #2966, .T. ) ;
#2981 = LINE ( 'NONE', #1546, #1147 ) ;
#2982 = DIRECTION ( 'NONE',  ( -1.000000000000000000, -2.168404344971009400E-016, 0.0000000000000000000 ) ) ;
#2983 =( NAMED_UNIT ( * ) SI_UNIT ( $, .STERADIAN. ) SOLID_ANGLE_UNIT ( ) );
#2984 = ORIENTED_EDGE ( 'NONE', *, *, #2009, .T. ) ;
#2985 = CARTESIAN_POINT ( 'NONE',  ( -0.4000000000000000200, -0.2000000000000000700, 0.05000000000000003700 ) ) ;
#2986 = CARTESIAN_POINT ( 'NONE',  ( 0.2000000000000000900, 0.4299999999999999900, 0.1000000000000000100 ) ) ;
#2987 = EDGE_CURVE ( 'NONE', #2338, #3665, #3686, .T. ) ;
#2988 = CARTESIAN_POINT ( 'NONE',  ( -0.4000000000000000200, 0.06999999999999992300, 0.1000000000000000200 ) ) ;
#2989 = ORIENTED_EDGE ( 'NONE', *, *, #914, .T. ) ;
#2990 = EDGE_LOOP ( 'NONE', ( #3483, #2381, #1077, #2785 ) ) ;
#2991 = FACE_OUTER_BOUND ( 'NONE', #3626, .T. ) ;
#2992 = DIRECTION ( 'NONE',  ( 0.4961389383568340900, 0.8682431421244590800, 0.0000000000000000000 ) ) ;
#2993 = ORIENTED_EDGE ( 'NONE', *, *, #2522, .T. ) ;
#2994 = VECTOR ( 'NONE', #2460, 1000.000000000000000 ) ;
#2995 = DIRECTION ( 'NONE',  ( 0.0000000000000000000, 0.0000000000000000000, 1.000000000000000000 ) ) ;
#2996 = ORIENTED_EDGE ( 'NONE', *, *, #24, .T. ) ;
#2997 = CARTESIAN_POINT ( 'NONE',  ( -0.5000000000000000000, -0.2000000000000000900, 0.05000000000000003700 ) ) ;
#2998 = DIRECTION ( 'NONE',  ( -1.000000000000000000, 0.0000000000000000000, 0.0000000000000000000 ) ) ;
#2999 = DIRECTION ( 'NONE',  ( -1.000000000000000000, -0.0000000000000000000, 0.0000000000000000000 ) ) ;
#3000 = CARTESIAN_POINT ( 'NONE',  ( -0.4000000000000000200, 2.168404344971009200E-017, 0.0000000000000000000 ) ) ;
#3001 = EDGE_LOOP ( 'NONE', ( #4071, #206, #1521, #1303 ) ) ;
#3002 = STYLED_ITEM ( 'NONE', ( #1528 ), #2057 ) ;
#3003 = AXIS2_PLACEMENT_3D ( 'NONE', #589, #4385, #2331 ) ;
#3004 = ADVANCED_FACE ( 'NONE', ( #4056 ), #2577, .F. ) ;
#3005 = CARTESIAN_POINT ( 'NONE',  ( -0.05000000000000421500, 0.4999999999999998900, 0.1000000000000000100 ) ) ;
#3006 = EDGE_LOOP ( 'NONE', ( #4253, #1881, #3874, #2505 ) ) ;
#3007 = EDGE_CURVE ( 'NONE', #3527, #2812, #1570, .T. ) ;
#3008 = PLANE ( 'NONE',  #3949 ) ;
#3009 = AXIS2_PLACEMENT_3D ( 'NONE', #1013, #4130, #2702 ) ;
#3010 = FACE_OUTER_BOUND ( 'NONE', #2084, .T. ) ;
#3011 = ORIENTED_EDGE ( 'NONE', *, *, #3954, .T. ) ;
#3012 = CARTESIAN_POINT ( 'NONE',  ( -0.05000000000000423600, 0.3999999999999999100, 0.04999999999999999600 ) ) ;
#3013 = DIRECTION ( 'NONE',  ( 1.000000000000000000, 0.0000000000000000000, 0.0000000000000000000 ) ) ;
#3014 = VECTOR ( 'NONE', #463, 1000.000000000000000 ) ;
#3015 = EDGE_CURVE ( 'NONE', #1514, #3337, #1348, .T. ) ;
#3016 = EDGE_LOOP ( 'NONE', ( #2200, #1543, #1589, #3042 ) ) ;
#3017 = DIRECTION ( 'NONE',  ( -0.0000000000000000000, 1.000000000000000000, 1.355252715606880300E-016 ) ) ;
#3018 = SURFACE_STYLE_USAGE ( .BOTH. , #1615 ) ;
#3019 = DIRECTION ( 'NONE',  ( 0.0000000000000000000, 0.0000000000000000000, 1.000000000000000000 ) ) ;
#3020 = CARTESIAN_POINT ( 'NONE',  ( 0.4500000000000001200, -0.4999999999999998900, 0.1000000000000000100 ) ) ;
#3021 = LINE ( 'NONE', #82, #3136 ) ;
#3022 = SURFACE_STYLE_USAGE ( .BOTH. , #3370 ) ;
#3023 = FACE_OUTER_BOUND ( 'NONE', #2329, .T. ) ;
#3024 = ORIENTED_EDGE ( 'NONE', *, *, #4096, .F. ) ;
#3025 = CARTESIAN_POINT ( 'NONE',  ( -0.1750000000000000200, -0.2500000000000000000, 0.3700000000000000000 ) ) ;
#3026 = DIRECTION ( 'NONE',  ( -1.084202172485504400E-016, 1.000000000000000000, -0.0000000000000000000 ) ) ;
#3027 = ADVANCED_FACE ( 'NONE', ( #3023 ), #639, .F. ) ;
#3028 = LINE ( 'NONE', #2065, #2810 ) ;
#3029 = VERTEX_POINT ( 'NONE', #1575 ) ;
#3030 = AXIS2_PLACEMENT_3D ( 'NONE', #87, #490, #4248 ) ;
#3031 = AXIS2_PLACEMENT_3D ( 'NONE', #2343, #2992, #601 ) ;
#3032 = FACE_OUTER_BOUND ( 'NONE', #2388, .T. ) ;
#3033 = DIRECTION ( 'NONE',  ( 0.0000000000000000000, 1.000000000000000000, 2.710505431213761600E-016 ) ) ;
#3034 = SURFACE_SIDE_STYLE ('',( #2711 ) ) ;
#3035 = PLANE ( 'NONE',  #4260 ) ;
#3036 = SURFACE_STYLE_FILL_AREA ( #3083 ) ;
#3037 = CARTESIAN_POINT ( 'NONE',  ( 0.4500000000000001200, -0.3499999999999999200, 0.0000000000000000000 ) ) ;
#3038 = VECTOR ( 'NONE', #2025, 1000.000000000000000 ) ;
#3039 = EDGE_CURVE ( 'NONE', #2889, #1511, #2964, .T. ) ;
#3040 = CARTESIAN_POINT ( 'NONE',  ( 0.3999999999999999100, 0.3029999999999998800, 0.05000000000000003700 ) ) ;
#3041 = AXIS2_PLACEMENT_3D ( 'NONE', #3344, #2995, #1578 ) ;
#3042 = ORIENTED_EDGE ( 'NONE', *, *, #3521, .T. ) ;
#3043 = SURFACE_STYLE_FILL_AREA ( #764 ) ;
#3044 = CARTESIAN_POINT ( 'NONE',  ( -0.4500000000000001200, 0.4999999999999998900, 0.1000000000000000100 ) ) ;
#3045 = EDGE_CURVE ( 'NONE', #950, #1466, #1729, .T. ) ;
#3046 = ORIENTED_EDGE ( 'NONE', *, *, #874, .T. ) ;
#3047 = VERTEX_POINT ( 'NONE', #241 ) ;
#3048 = CARTESIAN_POINT ( 'NONE',  ( -0.4500000000000001200, -0.4999999999999998900, 0.1000000000000000100 ) ) ;
#3049 = VECTOR ( 'NONE', #2029, 1000.000000000000100 ) ;
#3050 = CARTESIAN_POINT ( 'NONE',  ( 0.3999999999999999100, -0.3000000000000001600, 0.09999999999999985300 ) ) ;
#3051 = ORIENTED_EDGE ( 'NONE', *, *, #3144, .F. ) ;
#3052 = DIRECTION ( 'NONE',  ( 5.646886315028669300E-017, -6.122366410532749300E-033, -1.000000000000000000 ) ) ;
#3053 = ORIENTED_EDGE ( 'NONE', *, *, #2921, .T. ) ;
#3054 = FACE_OUTER_BOUND ( 'NONE', #310, .T. ) ;
#3055 = EDGE_CURVE ( 'NONE', #4007, #4010, #4334, .T. ) ;
#3056 = ADVANCED_FACE ( 'NONE', ( #4282 ), #1969, .F. ) ;
#3057 = DIRECTION ( 'NONE',  ( 0.0000000000000000000, 0.0000000000000000000, -1.000000000000000000 ) ) ;
#3058 = ORIENTED_EDGE ( 'NONE', *, *, #2430, .F. ) ;
#3059 = CARTESIAN_POINT ( 'NONE',  ( 0.3999999999999999100, 0.04999999999999985700, 0.09999999999999996400 ) ) ;
#3060 = FACE_OUTER_BOUND ( 'NONE', #2796, .T. ) ;
#3061 = PLANE ( 'NONE',  #1172 ) ;
#3062 = ORIENTED_EDGE ( 'NONE', *, *, #3745, .T. ) ;
#3063 = AXIS2_PLACEMENT_3D ( 'NONE', #821, #4281, #3947 ) ;
#3064 = CARTESIAN_POINT ( 'NONE',  ( -0.3400000000000000800, 0.3499999999999999200, 0.1000000000000000100 ) ) ;
#3065 = DIRECTION ( 'NONE',  ( 0.0000000000000000000, 0.0000000000000000000, -1.000000000000000000 ) ) ;
#3066 = ORIENTED_EDGE ( 'NONE', *, *, #3306, .F. ) ;
#3067 = PLANE ( 'NONE',  #2512 ) ;
#3068 = DIRECTION ( 'NONE',  ( 0.0000000000000000000, 0.0000000000000000000, -1.000000000000000000 ) ) ;
#3069 = DIRECTION ( 'NONE',  ( -1.000000000000000000, -4.336808689942017700E-016, -0.0000000000000000000 ) ) ;
#3070 =( GEOMETRIC_REPRESENTATION_CONTEXT ( 3 ) GLOBAL_UNCERTAINTY_ASSIGNED_CONTEXT ( ( #425 ) ) GLOBAL_UNIT_ASSIGNED_CONTEXT ( ( #1740, #4504, #4473 ) ) REPRESENTATION_CONTEXT ( 'NONE', 'WORKASPACE' ) );
#3071 = AXIS2_PLACEMENT_3D ( 'NONE', #2637, #1207, #1190 ) ;
#3072 = EDGE_LOOP ( 'NONE', ( #2222, #668, #2197, #647 ) ) ;
#3073 = PLANE ( 'NONE',  #2228 ) ;
#3074 = FACE_OUTER_BOUND ( 'NONE', #2202, .T. ) ;
#3075 = DIRECTION ( 'NONE',  ( 1.469367938527859900E-032, -6.776263578034403900E-017, -1.000000000000000000 ) ) ;
#3076 = VECTOR ( 'NONE', #2326, 1000.000000000000000 ) ;
#3077 = EDGE_LOOP ( 'NONE', ( #6, #2943, #2828, #3906 ) ) ;
#3078 = EDGE_CURVE ( 'NONE', #1934, #1920, #201, .T. ) ;
#3079 = PLANE ( 'NONE',  #3592 ) ;
#3080 = LINE ( 'NONE', #2265, #2162 ) ;
#3081 = ADVANCED_FACE ( 'NONE', ( #2414 ), #919, .T. ) ;
#3082 = EDGE_LOOP ( 'NONE', ( #878, #1042, #246, #1526 ) ) ;
#3083 = FILL_AREA_STYLE ('',( #4472 ) ) ;
#3084 = SURFACE_STYLE_FILL_AREA ( #2071 ) ;
#3085 = EDGE_CURVE ( 'NONE', #890, #1773, #3680, .T. ) ;
#3086 = CARTESIAN_POINT ( 'NONE',  ( 0.2000000000000000900, -0.4299999999999999900, 0.1000000000000000100 ) ) ;
#3087 = DIRECTION ( 'NONE',  ( 1.000000000000000000, 2.168404344971009100E-016, -0.0000000000000000000 ) ) ;
#3088 = DIRECTION ( 'NONE',  ( 1.000000000000000000, 0.0000000000000000000, 0.0000000000000000000 ) ) ;
#3089 = EDGE_LOOP ( 'NONE', ( #4024, #3267, #223, #419 ) ) ;
#3090 = VECTOR ( 'NONE', #2260, 1000.000000000000000 ) ;
#3091 = DIRECTION ( 'NONE',  ( 0.0000000000000000000, 0.0000000000000000000, -1.000000000000000000 ) ) ;
#3092 = ORIENTED_EDGE ( 'NONE', *, *, #4445, .T. ) ;
#3093 =( LENGTH_UNIT ( ) NAMED_UNIT ( * ) SI_UNIT ( .MILLI., .METRE. ) );
#3094 = PRESENTATION_LAYER_ASSIGNMENT (  '', '', ( #2849 ) ) ;
#3095 = SURFACE_SIDE_STYLE ('',( #4087 ) ) ;
#3096 = DIRECTION ( 'NONE',  ( 0.0000000000000000000, 0.0000000000000000000, -1.000000000000000000 ) ) ;
#3097 = LINE ( 'NONE', #3425, #2762 ) ;
#3098 = STYLED_ITEM ( 'NONE', ( #484 ), #3414 ) ;
#3099 = CARTESIAN_POINT ( 'NONE',  ( 0.4999999999999998900, 0.04999999999999987100, 0.09999999999999996400 ) ) ;
#3100 = LINE ( 'NONE', #2601, #2432 ) ;
#3101 = CARTESIAN_POINT ( 'NONE',  ( -0.2000000000000000900, 0.4299999999999999900, 0.1000000000000000100 ) ) ;
#3102 = ADVANCED_FACE ( 'NONE', ( #1135 ), #3384, .F. ) ;
#3103 = FILL_AREA_STYLE ('',( #4215 ) ) ;
#3104 = VERTEX_POINT ( 'NONE', #3005 ) ;
#3105 = CARTESIAN_POINT ( 'NONE',  ( -0.05000000000000424900, 0.5000000000000000000, 0.09999999999999999200 ) ) ;
#3106 = AXIS2_PLACEMENT_3D ( 'NONE', #3477, #3132, #5 ) ;
#3107 = PLANE ( 'NONE',  #1109 ) ;
#3108 = ORIENTED_EDGE ( 'NONE', *, *, #3416, .T. ) ;
#3109 = CARTESIAN_POINT ( 'NONE',  ( 0.2000000000000000900, -0.5000000000000000000, 0.0000000000000000000 ) ) ;
#3110 = VERTEX_POINT ( 'NONE', #2317 ) ;
#3111 = DIRECTION ( 'NONE',  ( 0.8682431421244590800, -0.4961389383568340900, 0.0000000000000000000 ) ) ;
#3112 = EDGE_CURVE ( 'NONE', #1981, #2904, #2641, .T. ) ;
#3113 = DIRECTION ( 'NONE',  ( -1.000000000000000000, 0.0000000000000000000, 0.0000000000000000000 ) ) ;
#3114 = VERTEX_POINT ( 'NONE', #3339 ) ;
#3115 = FACE_OUTER_BOUND ( 'NONE', #3072, .T. ) ;
#3116 = CARTESIAN_POINT ( 'NONE',  ( 0.3999999999999999100, 0.3029999999999998800, 0.05000000000000003700 ) ) ;
#3117 = ORIENTED_EDGE ( 'NONE', *, *, #1602, .T. ) ;
#3118 = DIRECTION ( 'NONE',  ( 0.0000000000000000000, 1.000000000000000000, -1.355252715606880800E-016 ) ) ;
#3119 = DIRECTION ( 'NONE',  ( -0.0000000000000000000, 1.000000000000000000, 2.710505431213761600E-016 ) ) ;
#3120 = DIRECTION ( 'NONE',  ( 3.673419846319649000E-032, -1.694065894508600700E-016, -1.000000000000000000 ) ) ;
#3121 = ORIENTED_EDGE ( 'NONE', *, *, #1470, .F. ) ;
#3122 = CARTESIAN_POINT ( 'NONE',  ( -0.4000000000000000200, -0.2000000000000000700, 0.05000000000000003700 ) ) ;
#3123 = ORIENTED_EDGE ( 'NONE', *, *, #4397, .F. ) ;
#3124 = PRESENTATION_LAYER_ASSIGNMENT (  '', '', ( #3374 ) ) ;
#3125 = CARTESIAN_POINT ( 'NONE',  ( -0.4500000000000001200, -0.4999999999999998900, 0.1000000000000000100 ) ) ;
#3126 = ADVANCED_FACE ( 'NONE', ( #3791 ), #1310, .F. ) ;
#3127 =( LENGTH_UNIT ( ) NAMED_UNIT ( * ) SI_UNIT ( .MILLI., .METRE. ) );
#3128 = ORIENTED_EDGE ( 'NONE', *, *, #2752, .F. ) ;
#3129 = PLANE ( 'NONE',  #1513 ) ;
#3130 = CARTESIAN_POINT ( 'NONE',  ( -0.05000000000000423600, 0.3999999999999999100, 0.04999999999999999600 ) ) ;
#3131 = LINE ( 'NONE', #1450, #36 ) ;
#3132 = DIRECTION ( 'NONE',  ( -0.0000000000000000000, 0.0000000000000000000, 1.000000000000000000 ) ) ;
#3133 = ORIENTED_EDGE ( 'NONE', *, *, #1748, .T. ) ;
#3134 = CARTESIAN_POINT ( 'NONE',  ( 0.4999999999999998900, -0.2000000000000001500, 0.09999999999999988100 ) ) ;
#3135 = SURFACE_SIDE_STYLE ('',( #3043 ) ) ;
#3136 = VECTOR ( 'NONE', #388, 1000.000000000000000 ) ;
#3137 = EDGE_CURVE ( 'NONE', #3114, #1770, #3299, .T. ) ;
#3138 = ORIENTED_EDGE ( 'NONE', *, *, #2514, .T. ) ;
#3139 = PLANE ( 'NONE',  #100 ) ;
#3140 = MANIFOLD_SOLID_BREP ( 'Metal7', #799 ) ;
#3141 = FACE_OUTER_BOUND ( 'NONE', #2760, .T. ) ;
#3142 = SURFACE_SIDE_STYLE ('',( #1949 ) ) ;
#3143 = EDGE_LOOP ( 'NONE', ( #722, #1031, #1064, #1703 ) ) ;
#3144 = EDGE_CURVE ( 'NONE', #3479, #1680, #2479, .T. ) ;
#3145 = VECTOR ( 'NONE', #1735, 1000.000000000000000 ) ;
#3146 = DIRECTION ( 'NONE',  ( 1.000000000000000000, 1.084202172485504700E-016, 0.0000000000000000000 ) ) ;
#3147 = DIRECTION ( 'NONE',  ( 0.0000000000000000000, -0.0000000000000000000, 1.000000000000000000 ) ) ;
#3148 = VERTEX_POINT ( 'NONE', #3353 ) ;
#3149 = ADVANCED_FACE ( 'NONE', ( #4502 ), #371, .F. ) ;
#3150 = PLANE ( 'NONE',  #3576 ) ;
#3151 = CARTESIAN_POINT ( 'NONE',  ( -0.4500000000000001200, 0.3499999999999999200, 0.1000000000000000100 ) ) ;
#3152 = PLANE ( 'NONE',  #542 ) ;
#3153 = DIRECTION ( 'NONE',  ( 0.0000000000000000000, 0.0000000000000000000, -1.000000000000000000 ) ) ;
#3154 = VECTOR ( 'NONE', #3957, 1000.000000000000000 ) ;
#3155 = DIRECTION ( 'NONE',  ( -1.084202172485504700E-016, 1.000000000000000000, 0.0000000000000000000 ) ) ;
#3156 = ORIENTED_EDGE ( 'NONE', *, *, #4454, .T. ) ;
#3157 = CARTESIAN_POINT ( 'NONE',  ( 0.4500000000000001200, 0.4999999999999998900, 0.1000000000000000100 ) ) ;
#3158 = ORIENTED_EDGE ( 'NONE', *, *, #3357, .T. ) ;
#3159 =( GEOMETRIC_REPRESENTATION_CONTEXT ( 3 ) GLOBAL_UNCERTAINTY_ASSIGNED_CONTEXT ( ( #1092 ) ) GLOBAL_UNIT_ASSIGNED_CONTEXT ( ( #1720, #4489, #1038 ) ) REPRESENTATION_CONTEXT ( 'NONE', 'WORKASPACE' ) );
#3160 = EDGE_LOOP ( 'NONE', ( #4057, #336, #2575, #33 ) ) ;
#3161 = DIRECTION ( 'NONE',  ( -0.0000000000000000000, 1.000000000000000000, 0.0000000000000000000 ) ) ;
#3162 = VERTEX_POINT ( 'NONE', #4117 ) ;
#3163 = VECTOR ( 'NONE', #2673, 1000.000000000000000 ) ;
#3164 =( NAMED_UNIT ( * ) PLANE_ANGLE_UNIT ( ) SI_UNIT ( $, .RADIAN. ) );
#3165 = EDGE_CURVE ( 'NONE', #3646, #3114, #3457, .T. ) ;
#3166 = EDGE_LOOP ( 'NONE', ( #2395, #2226, #3465, #3313, #1601 ) ) ;
#3167 = DIRECTION ( 'NONE',  ( -1.000000000000000000, -2.168404344971009400E-016, 0.0000000000000000000 ) ) ;
#3168 = ORIENTED_EDGE ( 'NONE', *, *, #446, .F. ) ;
#3169 = FACE_OUTER_BOUND ( 'NONE', #3077, .T. ) ;
#3170 = LINE ( 'NONE', #690, #4256 ) ;
#3171 = CARTESIAN_POINT ( 'NONE',  ( 0.4999999999999998900, 0.04999999999999987100, 0.09999999999999996400 ) ) ;
#3172 = DIRECTION ( 'NONE',  ( 0.0000000000000000000, 0.0000000000000000000, -1.000000000000000000 ) ) ;
#3173 = VERTEX_POINT ( 'NONE', #4167 ) ;
#3174 = VECTOR ( 'NONE', #2026, 1000.000000000000000 ) ;
#3175 = CARTESIAN_POINT ( 'NONE',  ( -0.4500000000000001200, -0.3499999999999999200, 0.1000000000000000100 ) ) ;
#3176 = EDGE_CURVE ( 'NONE', #3506, #576, #3577, .T. ) ;
#3177 = CARTESIAN_POINT ( 'NONE',  ( -0.2000000000000000900, 0.5000000000000000000, 0.0000000000000000000 ) ) ;
#3178 = ORIENTED_EDGE ( 'NONE', *, *, #4068, .T. ) ;
#3179 = DIRECTION ( 'NONE',  ( -0.0000000000000000000, -0.0000000000000000000, -1.000000000000000000 ) ) ;
#3180 = VERTEX_POINT ( 'NONE', #3105 ) ;
#3181 = FILL_AREA_STYLE_COLOUR ( '', #635 ) ;
#3182 = EDGE_CURVE ( 'NONE', #1583, #1707, #701, .T. ) ;
#3183 = PLANE ( 'NONE',  #2024 ) ;
#3184 = CARTESIAN_POINT ( 'NONE',  ( -0.4000000000000000200, -0.2000000000000000700, 0.05000000000000003700 ) ) ;
#3185 = LINE ( 'NONE', #2418, #4040 ) ;
#3186 = FILL_AREA_STYLE ('',( #2508 ) ) ;
#3187 = ORIENTED_EDGE ( 'NONE', *, *, #4397, .T. ) ;
#3188 = CARTESIAN_POINT ( 'NONE',  ( -0.4000000000000000200, -0.2000000000000000700, 0.1000000000000000500 ) ) ;
#3189 = LINE ( 'NONE', #2997, #2051 ) ;
#3190 = PRESENTATION_LAYER_ASSIGNMENT (  '', '', ( #3002 ) ) ;
#3191 =( GEOMETRIC_REPRESENTATION_CONTEXT ( 3 ) GLOBAL_UNCERTAINTY_ASSIGNED_CONTEXT ( ( #77 ) ) GLOBAL_UNIT_ASSIGNED_CONTEXT ( ( #795, #830, #4261 ) ) REPRESENTATION_CONTEXT ( 'NONE', 'WORKASPACE' ) );
#3192 = ORIENTED_EDGE ( 'NONE', *, *, #3610, .T. ) ;
#3193 = DIRECTION ( 'NONE',  ( 0.0000000000000000000, 0.0000000000000000000, 1.000000000000000000 ) ) ;
#3194 = LINE ( 'NONE', #2679, #1671 ) ;
#3195 = DIRECTION ( 'NONE',  ( -0.7071067811865495700, -0.7071067811865455700, -0.0000000000000000000 ) ) ;
#3196 = EDGE_LOOP ( 'NONE', ( #2030, #3312, #3053, #478 ) ) ;
#3197 = ADVANCED_FACE ( 'NONE', ( #3914 ), #3450, .F. ) ;
#3198 = ORIENTED_EDGE ( 'NONE', *, *, #4060, .T. ) ;
#3199 = CARTESIAN_POINT ( 'NONE',  ( 0.3999999999999999100, -1.084202172485504600E-017, 0.0000000000000000000 ) ) ;
#3200 = DIRECTION ( 'NONE',  ( 0.0000000000000000000, -1.000000000000000000, 1.355252715606880800E-016 ) ) ;
#3201 = SURFACE_STYLE_FILL_AREA ( #441 ) ;
#3202 = LINE ( 'NONE', #4340, #1850 ) ;
#3203 = DIRECTION ( 'NONE',  ( 2.168404344971009400E-016, -1.000000000000000000, 0.0000000000000000000 ) ) ;
#3204 = EDGE_CURVE ( 'NONE', #1082, #2338, #1515, .T. ) ;
#3205 = ORIENTED_EDGE ( 'NONE', *, *, #2032, .F. ) ;
#3206 = CARTESIAN_POINT ( 'NONE',  ( -0.3394112549695521000, 1.081157679374394400E-014, 0.0000000000000000000 ) ) ;
#3207 = PRODUCT_DEFINITION_CONTEXT ( 'detailed design', #1159, 'design' ) ;
#3208 = CARTESIAN_POINT ( 'NONE',  ( 0.3999999999999999100, 0.04999999999999985700, 0.04999999999999995400 ) ) ;
#3209 = EDGE_LOOP ( 'NONE', ( #2566, #1911, #3541, #2008 ) ) ;
#3210 = PRESENTATION_LAYER_ASSIGNMENT (  '', '', ( #1121 ) ) ;
#3211 =( NAMED_UNIT ( * ) PLANE_ANGLE_UNIT ( ) SI_UNIT ( $, .RADIAN. ) );
#3212 = FILL_AREA_STYLE_COLOUR ( '', #1752 ) ;
#3213 =( NAMED_UNIT ( * ) PLANE_ANGLE_UNIT ( ) SI_UNIT ( $, .RADIAN. ) );
#3214 = AXIS2_PLACEMENT_3D ( 'NONE', #3271, #1174, #2922 ) ;
#3215 = CARTESIAN_POINT ( 'NONE',  ( 0.4999999999999998900, -0.3000000000000001600, 0.04999999999999985000 ) ) ;
#3216 = ORIENTED_EDGE ( 'NONE', *, *, #3085, .F. ) ;
#3217 = LINE ( 'NONE', #2304, #2929 ) ;
#3218 = ADVANCED_FACE ( 'NONE', ( #1617 ), #3807, .T. ) ;
#3219 = VERTEX_POINT ( 'NONE', #2087 ) ;
#3220 = ORIENTED_EDGE ( 'NONE', *, *, #2596, .F. ) ;
#3221 = VECTOR ( 'NONE', #1119, 1000.000000000000000 ) ;
#3222 = STYLED_ITEM ( 'NONE', ( #1558 ), #3611 ) ;
#3223 = EDGE_LOOP ( 'NONE', ( #3192, #1385, #3502, #1810 ) ) ;
#3224 = LINE ( 'NONE', #3387, #1822 ) ;
#3225 = APPLICATION_CONTEXT ( 'automotive_design' ) ;
#3226 = EDGE_CURVE ( 'NONE', #1107, #3876, #3731, .T. ) ;
#3227 = DIRECTION ( 'NONE',  ( 0.8682431421244590800, -0.4961389383568340900, 0.0000000000000000000 ) ) ;
#3228 = DIRECTION ( 'NONE',  ( -1.000000000000000000, -4.336808689942017700E-016, -0.0000000000000000000 ) ) ;
#3229 = ORIENTED_EDGE ( 'NONE', *, *, #1690, .T. ) ;
#3230 =( NAMED_UNIT ( * ) SI_UNIT ( $, .STERADIAN. ) SOLID_ANGLE_UNIT ( ) );
#3231 = CARTESIAN_POINT ( 'NONE',  ( -0.4500000000000001200, -0.4999999999999998900, 0.1000000000000000100 ) ) ;
#3232 = ORIENTED_EDGE ( 'NONE', *, *, #1425, .T. ) ;
#3233 = CARTESIAN_POINT ( 'NONE',  ( 0.3999999999999999100, 0.3029999999999998800, 0.1000000000000000500 ) ) ;
#3234 = EDGE_CURVE ( 'NONE', #844, #524, #1897, .T. ) ;
#3235 = ORIENTED_EDGE ( 'NONE', *, *, #4212, .T. ) ;
#3236 = LINE ( 'NONE', #867, #3780 ) ;
#3237 =( LENGTH_UNIT ( ) NAMED_UNIT ( * ) SI_UNIT ( .MILLI., .METRE. ) );
#3238 = ORIENTED_EDGE ( 'NONE', *, *, #843, .F. ) ;
#3239 = AXIS2_PLACEMENT_3D ( 'NONE', #1645, #962, #4037 ) ;
#3240 = CARTESIAN_POINT ( 'NONE',  ( 0.3999999999999999100, 0.2029999999999998700, 0.1000000000000000200 ) ) ;
#3241 = FILL_AREA_STYLE_COLOUR ( '', #113 ) ;
#3242 = VECTOR ( 'NONE', #2982, 1000.000000000000000 ) ;
#3243 = DIRECTION ( 'NONE',  ( 1.000000000000000000, 0.0000000000000000000, -0.0000000000000000000 ) ) ;
#3244 = ORIENTED_EDGE ( 'NONE', *, *, #3045, .F. ) ;
#3245 =( NAMED_UNIT ( * ) PLANE_ANGLE_UNIT ( ) SI_UNIT ( $, .RADIAN. ) );
#3246 = ADVANCED_FACE ( 'NONE', ( #148 ), #304, .T. ) ;
#3247 = FILL_AREA_STYLE ('',( #440 ) ) ;
#3248 = COLOUR_RGB ( '',1.000000000000000000, 1.000000000000000000, 1.000000000000000000 ) ;
#3249 = COLOUR_RGB ( '',1.000000000000000000, 1.000000000000000000, 1.000000000000000000 ) ;
#3250 = EDGE_CURVE ( 'NONE', #4368, #3931, #1670, .T. ) ;
#3251 = ORIENTED_EDGE ( 'NONE', *, *, #3420, .F. ) ;
#3252 = CARTESIAN_POINT ( 'NONE',  ( 0.3999999999999999100, -0.3000000000000001600, 0.09999999999999985300 ) ) ;
#3253 = DIRECTION ( 'NONE',  ( 0.0000000000000000000, 0.0000000000000000000, -1.000000000000000000 ) ) ;
#3254 = ORIENTED_EDGE ( 'NONE', *, *, #602, .F. ) ;
#3255 = CARTESIAN_POINT ( 'NONE',  ( -0.4000000000000001300, 0.2999999999999999300, 0.04999999999999998200 ) ) ;
#3256 = EDGE_CURVE ( 'NONE', #576, #3162, #4000, .T. ) ;
#3257 = FACE_OUTER_BOUND ( 'NONE', #1004, .T. ) ;
#3258 = CARTESIAN_POINT ( 'NONE',  ( -0.4000000000000001300, 0.2999999999999999300, 0.04999999999999998200 ) ) ;
#3259 = DIRECTION ( 'NONE',  ( 1.000000000000000000, 0.0000000000000000000, 0.0000000000000000000 ) ) ;
#3260 = LINE ( 'NONE', #3968, #779 ) ;
#3261 = ADVANCED_FACE ( 'NONE', ( #755 ), #4492, .F. ) ;
#3262 = ORIENTED_EDGE ( 'NONE', *, *, #1371, .T. ) ;
#3263 = VECTOR ( 'NONE', #3228, 1000.000000000000000 ) ;
#3264 = ORIENTED_EDGE ( 'NONE', *, *, #51, .F. ) ;
#3265 = CARTESIAN_POINT ( 'NONE',  ( 0.3999999999999999100, -0.2000000000000001500, 0.09999999999999988100 ) ) ;
#3266 = DIRECTION ( 'NONE',  ( -0.0000000000000000000, -0.0000000000000000000, 1.000000000000000000 ) ) ;
#3267 = ORIENTED_EDGE ( 'NONE', *, *, #1690, .F. ) ;
#3268 = LINE ( 'NONE', #354, #2330 ) ;
#3269 = CARTESIAN_POINT ( 'NONE',  ( 0.3394112549695375000, 4.971786736228057700E-015, 0.03500000000000000300 ) ) ;
#3270 = LINE ( 'NONE', #2353, #2234 ) ;
#3271 = CARTESIAN_POINT ( 'NONE',  ( 0.05941125496953094500, -0.2800000000000000300, 0.03500000000000000300 ) ) ;
#3272 = ORIENTED_EDGE ( 'NONE', *, *, #3182, .T. ) ;
#3273 = ORIENTED_EDGE ( 'NONE', *, *, #2309, .T. ) ;
#3274 = FACE_OUTER_BOUND ( 'NONE', #3687, .T. ) ;
#3275 = EDGE_CURVE ( 'NONE', #2927, #2757, #380, .T. ) ;
#3276 = ORIENTED_EDGE ( 'NONE', *, *, #454, .F. ) ;
#3277 = AXIS2_PLACEMENT_3D ( 'NONE', #2631, #4032, #4059 ) ;
#3278 = CARTESIAN_POINT ( 'NONE',  ( -0.4000000000000000200, 0.06999999999999992300, 0.04999999999999999600 ) ) ;
#3279 = ORIENTED_EDGE ( 'NONE', *, *, #3917, .T. ) ;
#3280 = LINE ( 'NONE', #2163, #2894 ) ;
#3281 = EDGE_CURVE ( 'NONE', #2690, #4344, #260, .T. ) ;
#3282 = CARTESIAN_POINT ( 'NONE',  ( -0.4000000000000000200, -0.2000000000000000700, 0.05000000000000003700 ) ) ;
#3283 = PLANE ( 'NONE',  #2440 ) ;
#3284 = DIRECTION ( 'NONE',  ( -0.0000000000000000000, 1.000000000000000000, 2.710505431213761600E-016 ) ) ;
#3285 = VERTEX_POINT ( 'NONE', #433 ) ;
#3286 = PLANE ( 'NONE',  #1352 ) ;
#3287 = LINE ( 'NONE', #3887, #2621 ) ;
#3288 = CARTESIAN_POINT ( 'NONE',  ( -0.5000000000000001100, 0.2999999999999999300, 0.09999999999999997800 ) ) ;
#3289 = EDGE_CURVE ( 'NONE', #432, #3180, #2050, .T. ) ;
#3290 = ORIENTED_EDGE ( 'NONE', *, *, #4181, .F. ) ;
#3291 = VECTOR ( 'NONE', #139, 1000.000000000000000 ) ;
#3292 = VECTOR ( 'NONE', #2013, 1000.000000000000000 ) ;
#3293 = FACE_OUTER_BOUND ( 'NONE', #2948, .T. ) ;
#3294 = ORIENTED_EDGE ( 'NONE', *, *, #427, .F. ) ;
#3295 = AXIS2_PLACEMENT_3D ( 'NONE', #3622, #2619, #1588 ) ;
#3296 = CLOSED_SHELL ( 'NONE', ( #1880, #1564, #2540, #1203, #654, #2685 ) ) ;
#3297 = DIRECTION ( 'NONE',  ( 0.0000000000000000000, 0.0000000000000000000, 1.000000000000000000 ) ) ;
#3298 = CARTESIAN_POINT ( 'NONE',  ( -0.4000000000000001300, 0.2999999999999999300, 0.09999999999999997800 ) ) ;
#3299 = LINE ( 'NONE', #1621, #760 ) ;
#3300 = UNCERTAINTY_MEASURE_WITH_UNIT (LENGTH_MEASURE( 1.000000000000000100E-005 ), #584, 'distance_accuracy_value', 'NONE');
#3301 = ORIENTED_EDGE ( 'NONE', *, *, #2328, .F. ) ;
#3302 = STYLED_ITEM ( 'NONE', ( #3629 ), #2798 ) ;
#3303 = VECTOR ( 'NONE', #4041, 1000.000000000000000 ) ;
#3304 = ORIENTED_EDGE ( 'NONE', *, *, #3508, .F. ) ;
#3305 = COLOUR_RGB ( '',1.000000000000000000, 0.5019607843137254800, 0.0000000000000000000 ) ;
#3306 = EDGE_CURVE ( 'NONE', #684, #4462, #147, .T. ) ;
#3307 = EDGE_LOOP ( 'NONE', ( #2933, #4392, #3895, #71 ) ) ;
#3308 = VECTOR ( 'NONE', #2746, 1000.000000000000000 ) ;
#3309 =( NAMED_UNIT ( * ) SI_UNIT ( $, .STERADIAN. ) SOLID_ANGLE_UNIT ( ) );
#3310 = ORIENTED_EDGE ( 'NONE', *, *, #2545, .F. ) ;
#3311 = EDGE_CURVE ( 'NONE', #63, #1082, #2958, .T. ) ;
#3312 = ORIENTED_EDGE ( 'NONE', *, *, #195, .F. ) ;
#3313 = ORIENTED_EDGE ( 'NONE', *, *, #1976, .F. ) ;
#3314 = ORIENTED_EDGE ( 'NONE', *, *, #547, .F. ) ;
#3315 = LINE ( 'NONE', #1259, #1813 ) ;
#3316 = CARTESIAN_POINT ( 'NONE',  ( -0.4999999999999998900, -0.3000000000000001000, 0.05000000000000005100 ) ) ;
#3317 = AXIS2_PLACEMENT_3D ( 'NONE', #508, #2188, #1502 ) ;
#3318 = ORIENTED_EDGE ( 'NONE', *, *, #1571, .F. ) ;
#3319 = ORIENTED_EDGE ( 'NONE', *, *, #1893, .T. ) ;
#3320 = VECTOR ( 'NONE', #2268, 1000.000000000000200 ) ;
#3321 = DIRECTION ( 'NONE',  ( 0.0000000000000000000, -1.000000000000000000, 0.0000000000000000000 ) ) ;
#3322 = VERTEX_POINT ( 'NONE', #1761 ) ;
#3323 = MECHANICAL_DESIGN_GEOMETRIC_PRESENTATION_REPRESENTATION (  '', ( #407 ), #4349 ) ;
#3324 = PRESENTATION_LAYER_ASSIGNMENT (  '', '', ( #3098 ) ) ;
#3325 = DIRECTION ( 'NONE',  ( -0.0000000000000000000, 0.0000000000000000000, 1.000000000000000000 ) ) ;
#3326 = ADVANCED_FACE ( 'NONE', ( #2803 ), #1462, .F. ) ;
#3327 = EDGE_LOOP ( 'NONE', ( #3352, #1751, #2259, #934, #3614 ) ) ;
#3328 = EDGE_CURVE ( 'NONE', #2644, #3104, #1784, .T. ) ;
#3329 = AXIS2_PLACEMENT_3D ( 'NONE', #2750, #1744, #3837 ) ;
#3330 = EDGE_LOOP ( 'NONE', ( #967, #3798, #2103, #1818 ) ) ;
#3331 = PLANE ( 'NONE',  #3640 ) ;
#3332 = VERTEX_POINT ( 'NONE', #3546 ) ;
#3333 = EDGE_CURVE ( 'NONE', #360, #2889, #3021, .T. ) ;
#3334 = SURFACE_STYLE_USAGE ( .BOTH. , #2918 ) ;
#3335 = DIRECTION ( 'NONE',  ( -1.000000000000000000, 0.0000000000000000000, 0.0000000000000000000 ) ) ;
#3336 = CARTESIAN_POINT ( 'NONE',  ( 0.4500000000000001200, 0.3499999999999999200, 0.1000000000000000100 ) ) ;
#3337 = VERTEX_POINT ( 'NONE', #4245 ) ;
#3338 = PLANE ( 'NONE',  #2940 ) ;
#3339 = CARTESIAN_POINT ( 'NONE',  ( 0.3999999999999999100, -0.2000000000000001500, 0.04999999999999987800 ) ) ;
#3340 = LINE ( 'NONE', #450, #1667 ) ;
#3341 = SURFACE_STYLE_FILL_AREA ( #557 ) ;
#3342 = VERTEX_POINT ( 'NONE', #3151 ) ;
#3343 = CARTESIAN_POINT ( 'NONE',  ( 0.2000000000000000900, -0.5000000000000000000, 0.1000000000000000100 ) ) ;
#3344 = CARTESIAN_POINT ( 'NONE',  ( 0.0000000000000000000, 0.0000000000000000000, 0.1000000000000000100 ) ) ;
#3345 = ADVANCED_FACE ( 'NONE', ( #4169 ), #3183, .F. ) ;
#3346 = EDGE_LOOP ( 'NONE', ( #826, #2044, #3051, #2526 ) ) ;
#3347 = LINE ( 'NONE', #3208, #1788 ) ;
#3348 = PRESENTATION_LAYER_ASSIGNMENT (  '', '', ( #4375 ) ) ;
#3349 = CARTESIAN_POINT ( 'NONE',  ( 0.5000000000000000000, -0.5000000000000001100, 0.3700000000000000000 ) ) ;
#3350 = CARTESIAN_POINT ( 'NONE',  ( 0.3999999999999999100, 0.04999999999999985700, 0.09999999999999996400 ) ) ;
#3351 = ORIENTED_EDGE ( 'NONE', *, *, #2980, .F. ) ;
#3352 = ORIENTED_EDGE ( 'NONE', *, *, #2017, .T. ) ;
#3353 = CARTESIAN_POINT ( 'NONE',  ( -0.4999999999999998900, -0.3000000000000001000, 0.05000000000000005100 ) ) ;
#3354 = CARTESIAN_POINT ( 'NONE',  ( -0.5000000000000001100, 0.2999999999999999300, 0.09999999999999997800 ) ) ;
#3355 = PRODUCT ( 'DFN4D', 'DFN4D', '', ( #815 ) ) ;
#3356 = CARTESIAN_POINT ( 'NONE',  ( -0.4500000000000001200, 0.3499999999999999200, 0.0000000000000000000 ) ) ;
#3357 = EDGE_CURVE ( 'NONE', #844, #2569, #2106, .T. ) ;
#3358 = VECTOR ( 'NONE', #1896, 1000.000000000000000 ) ;
#3359 = PLANE ( 'NONE',  #756 ) ;
#3360 = DIRECTION ( 'NONE',  ( 1.000000000000000000, 1.084202172485504700E-016, -0.0000000000000000000 ) ) ;
#3361 = DIRECTION ( 'NONE',  ( 0.0000000000000000000, -1.000000000000000000, 1.694065894508600700E-016 ) ) ;
#3362 = VERTEX_POINT ( 'NONE', #4182 ) ;
#3363 = FACE_OUTER_BOUND ( 'NONE', #2831, .T. ) ;
#3364 = CARTESIAN_POINT ( 'NONE',  ( -0.05941125496954295000, -0.2800000000000000300, 0.0000000000000000000 ) ) ;
#3365 = CARTESIAN_POINT ( 'NONE',  ( 0.4999999999999998900, 0.2029999999999998700, 0.1000000000000000200 ) ) ;
#3366 = EDGE_CURVE ( 'NONE', #1288, #3285, #980, .T. ) ;
#3367 = ADVANCED_FACE ( 'NONE', ( #2692 ), #2167, .F. ) ;
#3368 = ORIENTED_EDGE ( 'NONE', *, *, #1748, .F. ) ;
#3369 = ORIENTED_EDGE ( 'NONE', *, *, #2430, .T. ) ;
#3370 = SURFACE_SIDE_STYLE ('',( #439 ) ) ;
#3371 = ORIENTED_EDGE ( 'NONE', *, *, #1982, .F. ) ;
#3372 = DIRECTION ( 'NONE',  ( 1.000000000000000000, 0.0000000000000000000, 0.0000000000000000000 ) ) ;
#3373 = FACE_OUTER_BOUND ( 'NONE', #3016, .T. ) ;
#3374 = STYLED_ITEM ( 'NONE', ( #297 ), #1145 ) ;
#3375 = ORIENTED_EDGE ( 'NONE', *, *, #3281, .F. ) ;
#3376 = VECTOR ( 'NONE', #4440, 1000.000000000000000 ) ;
#3377 = CARTESIAN_POINT ( 'NONE',  ( -0.3250000000000000100, -0.2500000000000000000, 0.3700000000000000000 ) ) ;
#3378 = PLANE ( 'NONE',  #691 ) ;
#3379 = CARTESIAN_POINT ( 'NONE',  ( -0.4500000000000001200, -0.4999999999999998900, 0.1000000000000000100 ) ) ;
#3380 = ORIENTED_EDGE ( 'NONE', *, *, #4270, .F. ) ;
#3381 = PRESENTATION_LAYER_ASSIGNMENT (  '', '', ( #2449 ) ) ;
#3382 = FACE_OUTER_BOUND ( 'NONE', #2135, .T. ) ;
#3383 = DIRECTION ( 'NONE',  ( 0.0000000000000000000, 0.0000000000000000000, 1.000000000000000000 ) ) ;
#3384 = PLANE ( 'NONE',  #629 ) ;
#3385 = ORIENTED_EDGE ( 'NONE', *, *, #415, .F. ) ;
#3386 = EDGE_CURVE ( 'NONE', #920, #3510, #3785, .T. ) ;
#3387 = CARTESIAN_POINT ( 'NONE',  ( -0.4500000000000001200, -0.3499999999999999200, 0.1000000000000000100 ) ) ;
#3388 = EDGE_LOOP ( 'NONE', ( #1999, #829, #562, #129 ) ) ;
#3389 = CARTESIAN_POINT ( 'NONE',  ( 0.4500000000000001200, -0.3499999999999999200, 0.1000000000000000100 ) ) ;
#3390 = ADVANCED_FACE ( 'NONE', ( #1088, #1943 ), #3907, .F. ) ;
#3391 = VECTOR ( 'NONE', #3644, 1000.000000000000000 ) ;
#3392 = SURFACE_STYLE_FILL_AREA ( #3186 ) ;
#3393 = EDGE_CURVE ( 'NONE', #4190, #3940, #2576, .T. ) ;
#3394 = ORIENTED_EDGE ( 'NONE', *, *, #1115, .T. ) ;
#3395 = CARTESIAN_POINT ( 'NONE',  ( 0.3999999999999999100, -0.07000000000000013200, 0.09999999999999990800 ) ) ;
#3396 = DIRECTION ( 'NONE',  ( 1.000000000000000000, 1.084202172485504700E-016, 0.0000000000000000000 ) ) ;
#3397 = CARTESIAN_POINT ( 'NONE',  ( 0.4500000000000001200, -0.4999999999999998900, 0.1000000000000000100 ) ) ;
#3398 = COLOUR_RGB ( '',1.000000000000000000, 1.000000000000000000, 1.000000000000000000 ) ;
#3399 = LINE ( 'NONE', #3661, #757 ) ;
#3400 = DIRECTION ( 'NONE',  ( -0.0000000000000000000, 0.0000000000000000000, -1.000000000000000000 ) ) ;
#3401 = ORIENTED_EDGE ( 'NONE', *, *, #1365, .T. ) ;
#3402 = ORIENTED_EDGE ( 'NONE', *, *, #1809, .F. ) ;
#3403 = CARTESIAN_POINT ( 'NONE',  ( -0.2000000000000000900, 0.5000000000000000000, 0.1000000000000000100 ) ) ;
#3404 = CARTESIAN_POINT ( 'NONE',  ( -0.4000000000000000200, 0.06999999999999992300, 0.1000000000000000200 ) ) ;
#3405 = CARTESIAN_POINT ( 'NONE',  ( -0.3394112549695521000, 1.081157679374394400E-014, 0.03500000000000000300 ) ) ;
#3406 = MANIFOLD_SOLID_BREP ( 'Metal2', #4323 ) ;
#3407 = ORIENTED_EDGE ( 'NONE', *, *, #972, .T. ) ;
#3408 = AXIS2_PLACEMENT_3D ( 'NONE', #3891, #1126, #1478 ) ;
#3409 = AXIS2_PLACEMENT_3D ( 'NONE', #3822, #325, #1347 ) ;
#3410 = FACE_OUTER_BOUND ( 'NONE', #1474, .T. ) ;
#3411 = SURFACE_SIDE_STYLE ('',( #3805 ) ) ;
#3412 = CARTESIAN_POINT ( 'NONE',  ( 0.4999999999999998900, -0.3000000000000001600, 0.09999999999999985300 ) ) ;
#3413 = ORIENTED_EDGE ( 'NONE', *, *, #1571, .T. ) ;
#3414 = ADVANCED_FACE ( 'NONE', ( #1463 ), #3967, .T. ) ;
#3415 = DIRECTION ( 'NONE',  ( 0.0000000000000000000, 0.0000000000000000000, 1.000000000000000000 ) ) ;
#3416 = EDGE_CURVE ( 'NONE', #1373, #4196, #1459, .T. ) ;
#3417 = ORIENTED_EDGE ( 'NONE', *, *, #1982, .T. ) ;
#3418 = LINE ( 'NONE', #846, #551 ) ;
#3419 = CARTESIAN_POINT ( 'NONE',  ( -0.4000000000000000200, 0.06999999999999992300, 0.04999999999999999600 ) ) ;
#3420 = EDGE_CURVE ( 'NONE', #444, #950, #4383, .T. ) ;
#3421 = ORIENTED_EDGE ( 'NONE', *, *, #1098, .T. ) ;
#3422 = ORIENTED_EDGE ( 'NONE', *, *, #602, .T. ) ;
#3423 = DIRECTION ( 'NONE',  ( -0.0000000000000000000, 1.000000000000000000, 2.823443157514334800E-016 ) ) ;
#3424 = SURFACE_STYLE_FILL_AREA ( #1625 ) ;
#3425 = CARTESIAN_POINT ( 'NONE',  ( -0.4000000000000000200, 0.1999999999999999600, 0.04999999999999998900 ) ) ;
#3426 = EDGE_LOOP ( 'NONE', ( #1538, #947, #2334, #3574 ) ) ;
#3427 = CARTESIAN_POINT ( 'NONE',  ( 0.4500000000000001200, 0.4999999999999998900, 0.1000000000000000100 ) ) ;
#3428 = VERTEX_POINT ( 'NONE', #1895 ) ;
#3429 = COLOUR_RGB ( '',1.000000000000000000, 0.5019607843137254800, 0.0000000000000000000 ) ;
#3430 =( GEOMETRIC_REPRESENTATION_CONTEXT ( 3 ) GLOBAL_UNCERTAINTY_ASSIGNED_CONTEXT ( ( #158 ) ) GLOBAL_UNIT_ASSIGNED_CONTEXT ( ( #1471, #13, #2814 ) ) REPRESENTATION_CONTEXT ( 'NONE', 'WORKASPACE' ) );
#3431 = LINE ( 'NONE', #3505, #3221 ) ;
#3432 = EDGE_LOOP ( 'NONE', ( #1106, #1508, #4136, #2111 ) ) ;
#3433 = DIRECTION ( 'NONE',  ( 0.0000000000000000000, 0.0000000000000000000, 1.000000000000000000 ) ) ;
#3434 = VECTOR ( 'NONE', #659, 1000.000000000000000 ) ;
#3435 = LINE ( 'NONE', #1095, #3765 ) ;
#3436 = DIRECTION ( 'NONE',  ( 2.938735877055719900E-032, -1.355252715606880800E-016, -1.000000000000000000 ) ) ;
#3437 = LINE ( 'NONE', #410, #1970 ) ;
#3438 = ORIENTED_EDGE ( 'NONE', *, *, #2578, .F. ) ;
#3439 = AXIS2_PLACEMENT_3D ( 'NONE', #1531, #170, #2606 ) ;
#3440 = ADVANCED_FACE ( 'NONE', ( #3951 ), #1840, .F. ) ;
#3441 = CARTESIAN_POINT ( 'NONE',  ( -0.4500000000000001200, 0.4999999999999998900, 0.1000000000000000100 ) ) ;
#3442 = ORIENTED_EDGE ( 'NONE', *, *, #262, .T. ) ;
#3443 = VECTOR ( 'NONE', #1444, 1000.000000000000000 ) ;
#3444 = CARTESIAN_POINT ( 'NONE',  ( -0.3999999999999999100, -0.3000000000000001000, 0.05000000000000005100 ) ) ;
#3445 = CARTESIAN_POINT ( 'NONE',  ( 0.3999999999999999100, 0.04999999999999985700, 0.09999999999999996400 ) ) ;
#3446 = LINE ( 'NONE', #2761, #3900 ) ;
#3447 = AXIS2_PLACEMENT_3D ( 'NONE', #650, #4112, #2431 ) ;
#3448 = MECHANICAL_DESIGN_GEOMETRIC_PRESENTATION_REPRESENTATION (  '', ( #3222 ), #3684 ) ;
#3449 = ORIENTED_EDGE ( 'NONE', *, *, #3250, .F. ) ;
#3450 = PLANE ( 'NONE',  #2618 ) ;
#3451 = VECTOR ( 'NONE', #3284, 1000.000000000000000 ) ;
#3452 = EDGE_LOOP ( 'NONE', ( #3133, #3351, #67, #2133 ) ) ;
#3453 = EDGE_CURVE ( 'NONE', #2075, #1866, #3675, .T. ) ;
#3454 = CARTESIAN_POINT ( 'NONE',  ( 0.3999999999999999100, 0.2029999999999998700, 0.1000000000000000200 ) ) ;
#3455 = FACE_OUTER_BOUND ( 'NONE', #946, .T. ) ;
#3456 = VERTEX_POINT ( 'NONE', #1518 ) ;
#3457 = LINE ( 'NONE', #1015, #2527 ) ;
#3458 = EDGE_CURVE ( 'NONE', #2889, #2275, #2469, .T. ) ;
#3459 = DIRECTION ( 'NONE',  ( 1.000000000000000000, 2.168404344971009400E-016, 0.0000000000000000000 ) ) ;
#3460 = CARTESIAN_POINT ( 'NONE',  ( 0.3999999999999999100, -0.2000000000000001500, 0.09999999999999988100 ) ) ;
#3461 = ORIENTED_EDGE ( 'NONE', *, *, #521, .F. ) ;
#3462 = VECTOR ( 'NONE', #3596, 1000.000000000000200 ) ;
#3463 = ADVANCED_FACE ( 'NONE', ( #375 ), #3579, .F. ) ;
#3464 = CARTESIAN_POINT ( 'NONE',  ( 0.3394112549695375000, 4.971786736228057700E-015, 0.0000000000000000000 ) ) ;
#3465 = ORIENTED_EDGE ( 'NONE', *, *, #1176, .F. ) ;
#3466 = DIRECTION ( 'NONE',  ( 0.0000000000000000000, 0.0000000000000000000, -1.000000000000000000 ) ) ;
#3467 = DIRECTION ( 'NONE',  ( 1.000000000000000000, 0.0000000000000000000, 0.0000000000000000000 ) ) ;
#3468 = FACE_BOUND ( 'NONE', #3082, .T. ) ;
#3469 = CARTESIAN_POINT ( 'NONE',  ( -0.4500000000000001200, 0.4999999999999998900, 0.1000000000000000100 ) ) ;
#3470 = ORIENTED_EDGE ( 'NONE', *, *, #4343, .T. ) ;
#3471 = DIRECTION ( 'NONE',  ( -1.000000000000000000, 1.084202172485504700E-016, 1.355252715606880300E-016 ) ) ;
#3472 = PLANE ( 'NONE',  #1576 ) ;
#3473 = VECTOR ( 'NONE', #626, 1000.000000000000000 ) ;
#3474 = AXIS2_PLACEMENT_3D ( 'NONE', #3282, #2572, #3605 ) ;
#3475 = CARTESIAN_POINT ( 'NONE',  ( 0.3999999999999999100, -0.07000000000000013200, 0.09999999999999990800 ) ) ;
#3476 = CARTESIAN_POINT ( 'NONE',  ( 0.4999999999999998900, 0.04999999999999987100, 0.04999999999999995400 ) ) ;
#3477 = CARTESIAN_POINT ( 'NONE',  ( -0.05000000000000422900, 0.3999999999999999100, 0.1000000000000000100 ) ) ;
#3478 = EDGE_CURVE ( 'NONE', #1613, #1929, #2797, .T. ) ;
#3479 = VERTEX_POINT ( 'NONE', #2530 ) ;
#3480 = DIRECTION ( 'NONE',  ( 1.084202172485504700E-016, 1.000000000000000000, -0.0000000000000000000 ) ) ;
#3481 = PLANE ( 'NONE',  #4205 ) ;
#3482 = CARTESIAN_POINT ( 'NONE',  ( 0.2000000000000000900, -0.4299999999999999900, 0.0000000000000000000 ) ) ;
#3483 = ORIENTED_EDGE ( 'NONE', *, *, #2501, .F. ) ;
#3484 = DIRECTION ( 'NONE',  ( 1.000000000000000000, 0.0000000000000000000, 0.0000000000000000000 ) ) ;
#3485 = LINE ( 'NONE', #30, #1853 ) ;
#3486 = ORIENTED_EDGE ( 'NONE', *, *, #1155, .T. ) ;
#3487 = FACE_OUTER_BOUND ( 'NONE', #737, .T. ) ;
#3488 =( LENGTH_UNIT ( ) NAMED_UNIT ( * ) SI_UNIT ( .MILLI., .METRE. ) );
#3489 = ADVANCED_FACE ( 'NONE', ( #4497 ), #2877, .T. ) ;
#3490 = EDGE_CURVE ( 'NONE', #3876, #590, #2573, .T. ) ;
#3491 =( NAMED_UNIT ( * ) PLANE_ANGLE_UNIT ( ) SI_UNIT ( $, .RADIAN. ) );
#3492 = ORIENTED_EDGE ( 'NONE', *, *, #3311, .F. ) ;
#3493 = VECTOR ( 'NONE', #2139, 1000.000000000000000 ) ;
#3494 = CARTESIAN_POINT ( 'NONE',  ( -0.05941125496954295000, -0.2800000000000000300, 0.03500000000000000300 ) ) ;
#3495 = CARTESIAN_POINT ( 'NONE',  ( -0.4000000000000000200, -0.2000000000000000700, 0.1000000000000000500 ) ) ;
#3496 = ORIENTED_EDGE ( 'NONE', *, *, #2897, .F. ) ;
#3497 = CARTESIAN_POINT ( 'NONE',  ( -4.255397017025833700E-015, 0.3394112549695485500, 0.03500000000000000300 ) ) ;
#3498 = DIRECTION ( 'NONE',  ( 1.000000000000000000, -1.084202172485504600E-016, 0.0000000000000000000 ) ) ;
#3499 = CARTESIAN_POINT ( 'NONE',  ( -0.2000000000000000400, -0.5000000000000001100, 0.09999999999999999200 ) ) ;
#3500 = ORIENTED_EDGE ( 'NONE', *, *, #3234, .T. ) ;
#3501 = DIRECTION ( 'NONE',  ( -1.000000000000000000, 0.0000000000000000000, -0.0000000000000000000 ) ) ;
#3502 = ORIENTED_EDGE ( 'NONE', *, *, #497, .F. ) ;
#3503 = CARTESIAN_POINT ( 'NONE',  ( -0.5000000000000001100, 0.2999999999999999300, 0.04999999999999998200 ) ) ;
#3504 = AXIS2_PLACEMENT_3D ( 'NONE', #683, #1727, #3528 ) ;
#3505 = CARTESIAN_POINT ( 'NONE',  ( -0.4500000000000001200, 0.4999999999999998900, 0.0000000000000000000 ) ) ;
#3506 = VERTEX_POINT ( 'NONE', #3240 ) ;
#3507 = CARTESIAN_POINT ( 'NONE',  ( 0.05941125496953094500, -0.2800000000000000300, -0.0000000000000000000 ) ) ;
#3508 = EDGE_CURVE ( 'NONE', #3673, #1479, #4276, .T. ) ;
#3509 = FACE_OUTER_BOUND ( 'NONE', #3327, .T. ) ;
#3510 = VERTEX_POINT ( 'NONE', #1183 ) ;
#3511 = CARTESIAN_POINT ( 'NONE',  ( -0.2000000000000000900, 0.4299999999999999900, 0.1000000000000000100 ) ) ;
#3512 = FACE_OUTER_BOUND ( 'NONE', #3006, .T. ) ;
#3513 = DIRECTION ( 'NONE',  ( 1.000000000000000000, 1.084202172485504700E-016, -0.0000000000000000000 ) ) ;
#3514 = EDGE_CURVE ( 'NONE', #2245, #533, #4222, .T. ) ;
#3515 = VERTEX_POINT ( 'NONE', #4288 ) ;
#3516 = CARTESIAN_POINT ( 'NONE',  ( -0.2000000000000000900, 0.5000000000000000000, 0.1000000000000000100 ) ) ;
#3517 = PRESENTATION_STYLE_ASSIGNMENT (( #2175 ) ) ;
#3518 = DIRECTION ( 'NONE',  ( 0.0000000000000000000, 0.0000000000000000000, 1.000000000000000000 ) ) ;
#3519 = SURFACE_STYLE_USAGE ( .BOTH. , #3142 ) ;
#3520 = VERTEX_POINT ( 'NONE', #4302 ) ;
#3521 = EDGE_CURVE ( 'NONE', #1288, #4429, #3844, .T. ) ;
#3522 = PLANE ( 'NONE',  #122 ) ;
#3523 = VECTOR ( 'NONE', #168, 1000.000000000000000 ) ;
#3524 = VERTEX_POINT ( 'NONE', #3265 ) ;
#3525 =( NAMED_UNIT ( * ) SI_UNIT ( $, .STERADIAN. ) SOLID_ANGLE_UNIT ( ) );
#3526 = LINE ( 'NONE', #624, #2587 ) ;
#3527 = VERTEX_POINT ( 'NONE', #4018 ) ;
#3528 = DIRECTION ( 'NONE',  ( -1.000000000000000000, 0.0000000000000000000, 0.0000000000000000000 ) ) ;
#3529 = PLANE ( 'NONE',  #628 ) ;
#3530 = CARTESIAN_POINT ( 'NONE',  ( 0.3999999999999999100, 0.3029999999999998800, 0.05000000000000003700 ) ) ;
#3531 = UNCERTAINTY_MEASURE_WITH_UNIT (LENGTH_MEASURE( 1.000000000000000100E-005 ), #2500, 'distance_accuracy_value', 'NONE');
#3532 = PLANE ( 'NONE',  #4213 ) ;
#3533 =( GEOMETRIC_REPRESENTATION_CONTEXT ( 3 ) GLOBAL_UNCERTAINTY_ASSIGNED_CONTEXT ( ( #2852 ) ) GLOBAL_UNIT_ASSIGNED_CONTEXT ( ( #2629, #1959, #2699 ) ) REPRESENTATION_CONTEXT ( 'NONE', 'WORKASPACE' ) );
#3534 = VECTOR ( 'NONE', #1022, 1000.000000000000000 ) ;
#3535 = PLANE ( 'NONE',  #2799 ) ;
#3536 = CARTESIAN_POINT ( 'NONE',  ( -0.2000000000000000900, -0.5000000000000000000, 0.1000000000000000100 ) ) ;
#3537 = ORIENTED_EDGE ( 'NONE', *, *, #2931, .T. ) ;
#3538 = LINE ( 'NONE', #2340, #1243 ) ;
#3539 = AXIS2_PLACEMENT_3D ( 'NONE', #977, #1961, #2655 ) ;
#3540 = PRESENTATION_LAYER_ASSIGNMENT (  '', '', ( #4386 ) ) ;
#3541 = ORIENTED_EDGE ( 'NONE', *, *, #164, .T. ) ;
#3542 = EDGE_LOOP ( 'NONE', ( #1307, #2074, #1683, #3401 ) ) ;
#3543 = CARTESIAN_POINT ( 'NONE',  ( 0.0000000000000000000, 0.0000000000000000000, 0.0000000000000000000 ) ) ;
#3544 = EDGE_CURVE ( 'NONE', #63, #2678, #1402, .T. ) ;
#3545 = VERTEX_POINT ( 'NONE', #2967 ) ;
#3546 = CARTESIAN_POINT ( 'NONE',  ( -0.4000000000000000200, 0.06999999999999992300, 0.1000000000000000200 ) ) ;
#3547 = CARTESIAN_POINT ( 'NONE',  ( -0.4000000000000000200, 0.1999999999999999600, 0.04999999999999998900 ) ) ;
#3548 = VERTEX_POINT ( 'NONE', #880 ) ;
#3549 = LINE ( 'NONE', #1899, #2609 ) ;
#3550 = VECTOR ( 'NONE', #368, 1000.000000000000000 ) ;
#3551 = CARTESIAN_POINT ( 'NONE',  ( 0.3394112549695375000, 4.971786736228057700E-015, 0.03500000000000000300 ) ) ;
#3552 = VERTEX_POINT ( 'NONE', #1907 ) ;
#3553 = FACE_OUTER_BOUND ( 'NONE', #3346, .T. ) ;
#3554 = DIRECTION ( 'NONE',  ( -1.000000000000000000, 4.336808689942017700E-016, -0.0000000000000000000 ) ) ;
#3555 = EDGE_CURVE ( 'NONE', #614, #471, #1512, .T. ) ;
#3556 = DIRECTION ( 'NONE',  ( 0.0000000000000000000, -0.0000000000000000000, -1.000000000000000000 ) ) ;
#3557 = ORIENTED_EDGE ( 'NONE', *, *, #4391, .F. ) ;
#3558 = UNCERTAINTY_MEASURE_WITH_UNIT (LENGTH_MEASURE( 1.000000000000000100E-005 ), #3943, 'distance_accuracy_value', 'NONE');
#3559 = ADVANCED_FACE ( 'NONE', ( #3455 ), #537, .F. ) ;
#3560 = VERTEX_POINT ( 'NONE', #2278 ) ;
#3561 = MECHANICAL_DESIGN_GEOMETRIC_PRESENTATION_REPRESENTATION (  '', ( #2849 ), #210 ) ;
#3562 = CARTESIAN_POINT ( 'NONE',  ( -0.5000000000000000000, -0.2000000000000000900, 0.05000000000000003700 ) ) ;
#3563 = CARTESIAN_POINT ( 'NONE',  ( -0.4500000000000001200, -0.4999999999999998900, 0.1000000000000000100 ) ) ;
#3564 = COLOUR_RGB ( '',1.000000000000000000, 1.000000000000000000, 1.000000000000000000 ) ;
#3565 = DIRECTION ( 'NONE',  ( -1.000000000000000000, -2.168404344971009400E-016, 0.0000000000000000000 ) ) ;
#3566 = EDGE_LOOP ( 'NONE', ( #2079, #3301, #803, #555 ) ) ;
#3567 = DIRECTION ( 'NONE',  ( 0.8682431421244590800, -0.4961389383568340900, 0.0000000000000000000 ) ) ;
#3568 = LINE ( 'NONE', #939, #94 ) ;
#3569 = COLOUR_RGB ( '',1.000000000000000000, 1.000000000000000000, 1.000000000000000000 ) ;
#3570 = PLANE ( 'NONE',  #4320 ) ;
#3571 = EDGE_LOOP ( 'NONE', ( #4456, #3238, #96, #3821, #3988 ) ) ;
#3572 = LINE ( 'NONE', #3588, #2633 ) ;
#3573 = PRESENTATION_STYLE_ASSIGNMENT (( #4246 ) ) ;
#3574 = ORIENTED_EDGE ( 'NONE', *, *, #2086, .T. ) ;
#3575 = EDGE_CURVE ( 'NONE', #471, #383, #693, .T. ) ;
#3576 = AXIS2_PLACEMENT_3D ( 'NONE', #2434, #1427, #1774 ) ;
#3577 = LINE ( 'NONE', #2376, #1676 ) ;
#3578 = ORIENTED_EDGE ( 'NONE', *, *, #1336, .T. ) ;
#3579 = PLANE ( 'NONE',  #1290 ) ;
#3580 = FACE_OUTER_BOUND ( 'NONE', #853, .T. ) ;
#3581 =( LENGTH_UNIT ( ) NAMED_UNIT ( * ) SI_UNIT ( .MILLI., .METRE. ) );
#3582 = EDGE_CURVE ( 'NONE', #4104, #428, #854, .T. ) ;
#3583 = DIRECTION ( 'NONE',  ( -0.0000000000000000000, 0.0000000000000000000, -1.000000000000000000 ) ) ;
#3584 = ORIENTED_EDGE ( 'NONE', *, *, #2788, .F. ) ;
#3585 = ADVANCED_FACE ( 'NONE', ( #1842 ), #2243, .F. ) ;
#3586 = COLOUR_RGB ( '',1.000000000000000000, 1.000000000000000000, 1.000000000000000000 ) ;
#3587 = FACE_OUTER_BOUND ( 'NONE', #529, .T. ) ;
#3588 = CARTESIAN_POINT ( 'NONE',  ( 0.4999999999999998900, 0.3029999999999998800, 0.05000000000000003700 ) ) ;
#3589 = LINE ( 'NONE', #3631, #2320 ) ;
#3590 = SURFACE_SIDE_STYLE ('',( #604 ) ) ;
#3591 = CARTESIAN_POINT ( 'NONE',  ( 0.3999999999999999100, 0.3029999999999998800, 0.1000000000000000500 ) ) ;
#3592 = AXIS2_PLACEMENT_3D ( 'NONE', #3774, #1367, #4135 ) ;
#3593 = DIRECTION ( 'NONE',  ( -1.000000000000000000, -1.084202172485504600E-015, 0.0000000000000000000 ) ) ;
#3594 = ORIENTED_EDGE ( 'NONE', *, *, #798, .F. ) ;
#3595 = VECTOR ( 'NONE', #819, 1000.000000000000000 ) ;
#3596 = DIRECTION ( 'NONE',  ( -0.7071067811865454600, 0.7071067811865495700, -0.0000000000000000000 ) ) ;
#3597 = EDGE_LOOP ( 'NONE', ( #26, #1460, #288, #4131 ) ) ;
#3598 = ORIENTED_EDGE ( 'NONE', *, *, #1035, .T. ) ;
#3599 = LINE ( 'NONE', #952, #833 ) ;
#3600 = VECTOR ( 'NONE', #4379, 1000.000000000000000 ) ;
#3601 = PLANE ( 'NONE',  #40 ) ;
#3602 = EDGE_LOOP ( 'NONE', ( #2597, #1713, #1606, #1639 ) ) ;
#3603 = LINE ( 'NONE', #11, #1016 ) ;
#3604 = EDGE_CURVE ( 'NONE', #1537, #3148, #3618, .T. ) ;
#3605 = DIRECTION ( 'NONE',  ( -1.000000000000000000, -2.168404344971009400E-016, 0.0000000000000000000 ) ) ;
#3606 = EDGE_LOOP ( 'NONE', ( #2874, #2741, #3621, #3368 ) ) ;
#3607 = DIRECTION ( 'NONE',  ( 0.0000000000000000000, -1.000000000000000000, -2.710505431213760600E-016 ) ) ;
#3608 = CARTESIAN_POINT ( 'NONE',  ( -0.4000000000000001300, 0.2999999999999999300, 0.04999999999999998200 ) ) ;
#3609 = EDGE_LOOP ( 'NONE', ( #2684, #730, #449, #2346 ) ) ;
#3610 = EDGE_CURVE ( 'NONE', #4479, #3560, #2409, .T. ) ;
#3611 = MANIFOLD_SOLID_BREP ( 'Lead3', #1375 ) ;
#3612 = ORIENTED_EDGE ( 'NONE', *, *, #2522, .F. ) ;
#3613 = LINE ( 'NONE', #4191, #1660 ) ;
#3614 = ORIENTED_EDGE ( 'NONE', *, *, #2663, .T. ) ;
#3615 = MECHANICAL_DESIGN_GEOMETRIC_PRESENTATION_REPRESENTATION (  '', ( #3669 ), #988 ) ;
#3616 = FILL_AREA_STYLE ('',( #1111 ) ) ;
#3617 = CARTESIAN_POINT ( 'NONE',  ( 0.0000000000000000000, 0.0000000000000000000, 0.3700000000000000000 ) ) ;
#3618 = LINE ( 'NONE', #215, #1780 ) ;
#3619 = CIRCLE ( 'NONE', #1234, 0.07499999999999998300 ) ;
#3620 = DIRECTION ( 'NONE',  ( -1.000000000000000000, -2.168404344971009400E-016, 0.0000000000000000000 ) ) ;
#3621 = ORIENTED_EDGE ( 'NONE', *, *, #3275, .F. ) ;
#3622 = CARTESIAN_POINT ( 'NONE',  ( -0.4000000000000000200, 0.06999999999999992300, 0.04999999999999999600 ) ) ;
#3623 = AXIS2_PLACEMENT_3D ( 'NONE', #3419, #2053, #294 ) ;
#3624 =( NAMED_UNIT ( * ) PLANE_ANGLE_UNIT ( ) SI_UNIT ( $, .RADIAN. ) );
#3625 = PRESENTATION_LAYER_ASSIGNMENT (  '', '', ( #3222 ) ) ;
#3626 = EDGE_LOOP ( 'NONE', ( #583, #1012, #3421, #652 ) ) ;
#3627 = EDGE_CURVE ( 'NONE', #3653, #2581, #2300, .T. ) ;
#3628 = ORIENTED_EDGE ( 'NONE', *, *, #1718, .T. ) ;
#3629 = PRESENTATION_STYLE_ASSIGNMENT (( #1484 ) ) ;
#3630 = LINE ( 'NONE', #1616, #3523 ) ;
#3631 = CARTESIAN_POINT ( 'NONE',  ( -0.05000000000000422200, 0.4999999999999998900, 0.04999999999999999600 ) ) ;
#3632 = DIRECTION ( 'NONE',  ( -0.4961389383568340900, 0.8682431421244590800, 0.0000000000000000000 ) ) ;
#3633 = VERTEX_POINT ( 'NONE', #3994 ) ;
#3634 = CARTESIAN_POINT ( 'NONE',  ( -0.2000000000000000900, 0.4299999999999999900, 0.1000000000000000100 ) ) ;
#3635 = EDGE_CURVE ( 'NONE', #350, #3717, #637, .T. ) ;
#3636 =( NAMED_UNIT ( * ) PLANE_ANGLE_UNIT ( ) SI_UNIT ( $, .RADIAN. ) );
#3637 = UNCERTAINTY_MEASURE_WITH_UNIT (LENGTH_MEASURE( 1.000000000000000100E-005 ), #3995, 'distance_accuracy_value', 'NONE');
#3638 = ORIENTED_EDGE ( 'NONE', *, *, #3713, .F. ) ;
#3639 = LINE ( 'NONE', #1358, #3534 ) ;
#3640 = AXIS2_PLACEMENT_3D ( 'NONE', #1252, #2291, #230 ) ;
#3641 = VERTEX_POINT ( 'NONE', #2256 ) ;
#3642 = VECTOR ( 'NONE', #2072, 1000.000000000000000 ) ;
#3643 = ORIENTED_EDGE ( 'NONE', *, *, #2722, .F. ) ;
#3644 = DIRECTION ( 'NONE',  ( 0.0000000000000000000, -1.000000000000000000, -4.517509052022935500E-016 ) ) ;
#3645 = CARTESIAN_POINT ( 'NONE',  ( 0.4999999999999998900, 0.3029999999999998800, 0.1000000000000000500 ) ) ;
#3646 = VERTEX_POINT ( 'NONE', #911 ) ;
#3647 = PRESENTATION_STYLE_ASSIGNMENT (( #591 ) ) ;
#3648 = FILL_AREA_STYLE_COLOUR ( '', #3248 ) ;
#3649 = CARTESIAN_POINT ( 'NONE',  ( -0.2000000000000000900, -0.4299999999999999900, 0.1000000000000000100 ) ) ;
#3650 =( GEOMETRIC_REPRESENTATION_CONTEXT ( 3 ) GLOBAL_UNCERTAINTY_ASSIGNED_CONTEXT ( ( #3637 ) ) GLOBAL_UNIT_ASSIGNED_CONTEXT ( ( #3995, #1584, #4009 ) ) REPRESENTATION_CONTEXT ( 'NONE', 'WORKASPACE' ) );
#3651 = MECHANICAL_DESIGN_GEOMETRIC_PRESENTATION_REPRESENTATION (  '', ( #3098 ), #3897 ) ;
#3652 = DIRECTION ( 'NONE',  ( 1.000000000000000000, 0.0000000000000000000, 0.0000000000000000000 ) ) ;
#3653 = VERTEX_POINT ( 'NONE', #1599 ) ;
#3654 = ORIENTED_EDGE ( 'NONE', *, *, #3085, .T. ) ;
#3655 = LINE ( 'NONE', #2560, #1253 ) ;
#3656 =( NAMED_UNIT ( * ) SI_UNIT ( $, .STERADIAN. ) SOLID_ANGLE_UNIT ( ) );
#3657 = EDGE_CURVE ( 'NONE', #2876, #541, #1664, .T. ) ;
#3658 = ORIENTED_EDGE ( 'NONE', *, *, #306, .T. ) ;
#3659 = VECTOR ( 'NONE', #1732, 1000.000000000000000 ) ;
#3660 = LINE ( 'NONE', #4211, #4142 ) ;
#3661 = CARTESIAN_POINT ( 'NONE',  ( -0.4500000000000001200, -0.3499999999999999200, 0.1000000000000000100 ) ) ;
#3662 = EDGE_LOOP ( 'NONE', ( #3138, #2937, #2771, #3500 ) ) ;
#3663 = EDGE_CURVE ( 'NONE', #2344, #2701, #917, .T. ) ;
#3664 = DIRECTION ( 'NONE',  ( 0.0000000000000000000, 0.0000000000000000000, -1.000000000000000000 ) ) ;
#3665 = VERTEX_POINT ( 'NONE', #1221 ) ;
#3666 =( NAMED_UNIT ( * ) SI_UNIT ( $, .STERADIAN. ) SOLID_ANGLE_UNIT ( ) );
#3667 = MANIFOLD_SOLID_BREP ( 'Metal8', #482 ) ;
#3668 = DIRECTION ( 'NONE',  ( -1.000000000000000000, 1.084202172485504700E-016, 1.355252715606880300E-016 ) ) ;
#3669 = STYLED_ITEM ( 'NONE', ( #3685 ), #261 ) ;
#3670 = ORIENTED_EDGE ( 'NONE', *, *, #1902, .F. ) ;
#3671 = LINE ( 'NONE', #592, #322 ) ;
#3672 = CARTESIAN_POINT ( 'NONE',  ( -0.4000000000000000200, 0.06999999999999992300, 0.04999999999999999600 ) ) ;
#3673 = VERTEX_POINT ( 'NONE', #4362 ) ;
#3674 = CARTESIAN_POINT ( 'NONE',  ( 0.2000000000000000900, -0.4299999999999999900, 0.1000000000000000100 ) ) ;
#3675 = LINE ( 'NONE', #4274, #1611 ) ;
#3676 = PRESENTATION_LAYER_ASSIGNMENT (  '', '', ( #2052 ) ) ;
#3677 = ORIENTED_EDGE ( 'NONE', *, *, #3850, .T. ) ;
#3678 = FILL_AREA_STYLE ('',( #199 ) ) ;
#3679 = CARTESIAN_POINT ( 'NONE',  ( -0.3394112549695521000, 1.081157679374394400E-014, 0.0000000000000000000 ) ) ;
#3680 = LINE ( 'NONE', #3040, #4110 ) ;
#3681 = DIRECTION ( 'NONE',  ( -1.000000000000000000, 4.336808689942017700E-016, -0.0000000000000000000 ) ) ;
#3682 = AXIS2_PLACEMENT_3D ( 'NONE', #1952, #1643, #2279 ) ;
#3683 = CARTESIAN_POINT ( 'NONE',  ( 0.06999999999999574600, 0.3999999999999999100, 0.05000000000000000300 ) ) ;
#3684 =( GEOMETRIC_REPRESENTATION_CONTEXT ( 3 ) GLOBAL_UNCERTAINTY_ASSIGNED_CONTEXT ( ( #4511 ) ) GLOBAL_UNIT_ASSIGNED_CONTEXT ( ( #2950, #863, #3309 ) ) REPRESENTATION_CONTEXT ( 'NONE', 'WORKASPACE' ) );
#3685 = PRESENTATION_STYLE_ASSIGNMENT (( #3519 ) ) ;
#3686 = LINE ( 'NONE', #159, #4394 ) ;
#3687 = EDGE_LOOP ( 'NONE', ( #2579, #3168, #188, #2984 ) ) ;
#3688 = DIRECTION ( 'NONE',  ( -1.000000000000000000, -2.168404344971009400E-016, -0.0000000000000000000 ) ) ;
#3689 = LINE ( 'NONE', #2480, #48 ) ;
#3690 = EDGE_CURVE ( 'NONE', #790, #1944, #3996, .T. ) ;
#3691 = FACE_OUTER_BOUND ( 'NONE', #2887, .T. ) ;
#3692 = DIRECTION ( 'NONE',  ( -1.000000000000000000, -2.168404344971009400E-016, 0.0000000000000000000 ) ) ;
#3693 = PLANE ( 'NONE',  #2073 ) ;
#3694 = ORIENTED_EDGE ( 'NONE', *, *, #1496, .T. ) ;
#3695 = EDGE_CURVE ( 'NONE', #3665, #636, #3189, .T. ) ;
#3696 = SURFACE_STYLE_USAGE ( .BOTH. , #1955 ) ;
#3697 = ADVANCED_FACE ( 'NONE', ( #1344 ), #3359, .F. ) ;
#3698 = DIRECTION ( 'NONE',  ( 1.000000000000000000, 0.0000000000000000000, -0.0000000000000000000 ) ) ;
#3699 = ORIENTED_EDGE ( 'NONE', *, *, #2213, .F. ) ;
#3700 = CARTESIAN_POINT ( 'NONE',  ( -0.4500000000000001200, -0.3499999999999999200, 0.1000000000000000100 ) ) ;
#3701 = ORIENTED_EDGE ( 'NONE', *, *, #1649, .F. ) ;
#3702 = ORIENTED_EDGE ( 'NONE', *, *, #2605, .F. ) ;
#3703 = VECTOR ( 'NONE', #4319, 1000.000000000000000 ) ;
#3704 = LINE ( 'NONE', #3, #1540 ) ;
#3705 = CARTESIAN_POINT ( 'NONE',  ( -0.4000000000000000200, -0.2000000000000000700, 0.05000000000000003700 ) ) ;
#3706 = SURFACE_STYLE_USAGE ( .BOTH. , #3034 ) ;
#3707 = DIRECTION ( 'NONE',  ( -1.000000000000000000, 0.0000000000000000000, 0.0000000000000000000 ) ) ;
#3708 = VERTEX_POINT ( 'NONE', #1642 ) ;
#3709 = FACE_OUTER_BOUND ( 'NONE', #1915, .T. ) ;
#3710 = AXIS2_PLACEMENT_3D ( 'NONE', #3547, #2506, #4275 ) ;
#3711 = ORIENTED_EDGE ( 'NONE', *, *, #1803, .T. ) ;
#3712 = VECTOR ( 'NONE', #3396, 1000.000000000000000 ) ;
#3713 = EDGE_CURVE ( 'NONE', #4243, #1773, #3194, .T. ) ;
#3714 = PLANE ( 'NONE',  #1152 ) ;
#3715 = VERTEX_POINT ( 'NONE', #594 ) ;
#3716 = ADVANCED_FACE ( 'NONE', ( #189 ), #4063, .F. ) ;
#3717 = VERTEX_POINT ( 'NONE', #2697 ) ;
#3718 = EDGE_CURVE ( 'NONE', #3456, #4344, #435, .T. ) ;
#3719 = PLANE ( 'NONE',  #1971 ) ;
#3720 = FILL_AREA_STYLE_COLOUR ( '', #127 ) ;
#3721 = DIRECTION ( 'NONE',  ( -1.000000000000000000, 0.0000000000000000000, 0.0000000000000000000 ) ) ;
#3722 = FACE_OUTER_BOUND ( 'NONE', #3962, .T. ) ;
#3723 = ORIENTED_EDGE ( 'NONE', *, *, #2931, .F. ) ;
#3724 = DIRECTION ( 'NONE',  ( -1.000000000000000000, 1.084202172485504400E-016, -0.0000000000000000000 ) ) ;
#3725 = VECTOR ( 'NONE', #3321, 1000.000000000000000 ) ;
#3726 =( LENGTH_UNIT ( ) NAMED_UNIT ( * ) SI_UNIT ( .MILLI., .METRE. ) );
#3727 = VERTEX_POINT ( 'NONE', #3377 ) ;
#3728 = SURFACE_STYLE_FILL_AREA ( #417 ) ;
#3729 = DIRECTION ( 'NONE',  ( 1.084202172485504700E-016, -1.000000000000000000, 0.0000000000000000000 ) ) ;
#3730 = EDGE_LOOP ( 'NONE', ( #2825, #2386, #4416, #2928 ) ) ;
#3731 = LINE ( 'NONE', #2779, #2806 ) ;
#3732 = MECHANICAL_DESIGN_GEOMETRIC_PRESENTATION_REPRESENTATION (  '', ( #4437 ), #2082 ) ;
#3733 = CARTESIAN_POINT ( 'NONE',  ( -0.4500000000000001200, -0.3499999999999999200, 0.1000000000000000100 ) ) ;
#3734 = DIRECTION ( 'NONE',  ( -1.000000000000000000, -2.168404344971009400E-016, -0.0000000000000000000 ) ) ;
#3735 = ORIENTED_EDGE ( 'NONE', *, *, #2868, .F. ) ;
#3736 = VECTOR ( 'NONE', #453, 1000.000000000000100 ) ;
#3737 = ADVANCED_FACE ( 'NONE', ( #1337 ), #3719, .T. ) ;
#3738 = PLANE ( 'NONE',  #2089 ) ;
#3739 = EDGE_CURVE ( 'NONE', #500, #4219, #1027, .T. ) ;
#3740 = ORIENTED_EDGE ( 'NONE', *, *, #2159, .F. ) ;
#3741 = DIRECTION ( 'NONE',  ( 1.084202172485504700E-016, 1.000000000000000000, 0.0000000000000000000 ) ) ;
#3742 = MECHANICAL_DESIGN_GEOMETRIC_PRESENTATION_REPRESENTATION (  '', ( #1330 ), #2117 ) ;
#3743 = VECTOR ( 'NONE', #1353, 1000.000000000000000 ) ;
#3744 = DIRECTION ( 'NONE',  ( 0.0000000000000000000, 1.000000000000000000, 0.0000000000000000000 ) ) ;
#3745 = EDGE_CURVE ( 'NONE', #61, #4228, #2475, .T. ) ;
#3746 = CARTESIAN_POINT ( 'NONE',  ( 0.3999999999999999100, 0.2029999999999998700, 0.1000000000000000200 ) ) ;
#3747 = VERTEX_POINT ( 'NONE', #2273 ) ;
#3748 = DIRECTION ( 'NONE',  ( 1.000000000000000000, 0.0000000000000000000, 0.0000000000000000000 ) ) ;
#3749 = DIRECTION ( 'NONE',  ( 0.0000000000000000000, -1.000000000000000000, -2.710505431213761600E-016 ) ) ;
#3750 = CARTESIAN_POINT ( 'NONE',  ( 0.3999999999999999100, -0.07000000000000013200, 0.04999999999999992000 ) ) ;
#3751 = ORIENTED_EDGE ( 'NONE', *, *, #3137, .F. ) ;
#3752 = ORIENTED_EDGE ( 'NONE', *, *, #3328, .T. ) ;
#3753 = LINE ( 'NONE', #207, #4305 ) ;
#3754 = DIRECTION ( 'NONE',  ( 1.469367938527859900E-032, -6.776263578034403900E-017, -1.000000000000000000 ) ) ;
#3755 = VERTEX_POINT ( 'NONE', #606 ) ;
#3756 = CARTESIAN_POINT ( 'NONE',  ( -0.05941125496954295000, -0.2800000000000000300, 0.03500000000000000300 ) ) ;
#3757 = ORIENTED_EDGE ( 'NONE', *, *, #849, .T. ) ;
#3758 = VECTOR ( 'NONE', #3762, 1000.000000000000000 ) ;
#3759 = AXIS2_PLACEMENT_3D ( 'NONE', #1750, #4184, #736 ) ;
#3760 = PLANE ( 'NONE',  #1592 ) ;
#3761 = ADVANCED_FACE ( 'NONE', ( #3902, #2952 ), #1960, .F. ) ;
#3762 = DIRECTION ( 'NONE',  ( -0.0000000000000000000, 1.000000000000000000, 2.823443157514334800E-016 ) ) ;
#3763 = VERTEX_POINT ( 'NONE', #1659 ) ;
#3764 = LINE ( 'NONE', #3050, #3712 ) ;
#3765 = VECTOR ( 'NONE', #792, 1000.000000000000000 ) ;
#3766 = DIRECTION ( 'NONE',  ( 0.0000000000000000000, -1.000000000000000000, -2.710505431213761600E-016 ) ) ;
#3767 = DIRECTION ( 'NONE',  ( -0.0000000000000000000, -0.0000000000000000000, -1.000000000000000000 ) ) ;
#3768 = VERTEX_POINT ( 'NONE', #3356 ) ;
#3769 = CARTESIAN_POINT ( 'NONE',  ( 0.3394112549695375000, 4.971786736228057700E-015, 0.0000000000000000000 ) ) ;
#3770 = CARTESIAN_POINT ( 'NONE',  ( 0.2000000000000000900, 0.4299999999999999900, 0.1000000000000000100 ) ) ;
#3771 = ORIENTED_EDGE ( 'NONE', *, *, #2915, .F. ) ;
#3772 = EDGE_CURVE ( 'NONE', #2229, #875, #3080, .T. ) ;
#3773 = UNCERTAINTY_MEASURE_WITH_UNIT (LENGTH_MEASURE( 1.000000000000000100E-005 ), #904, 'distance_accuracy_value', 'NONE');
#3774 = CARTESIAN_POINT ( 'NONE',  ( -0.4000000000000000200, -0.05000000000000007200, 0.05000000000000001700 ) ) ;
#3775 = FACE_OUTER_BOUND ( 'NONE', #45, .T. ) ;
#3776 = ORIENTED_EDGE ( 'NONE', *, *, #1091, .T. ) ;
#3777 = CARTESIAN_POINT ( 'NONE',  ( 0.4500000000000001200, -0.3499999999999999200, 0.0000000000000000000 ) ) ;
#3778 = VECTOR ( 'NONE', #3026, 1000.000000000000000 ) ;
#3779 = LINE ( 'NONE', #2537, #2688 ) ;
#3780 = VECTOR ( 'NONE', #882, 1000.000000000000000 ) ;
#3781 = EDGE_CURVE ( 'NONE', #3285, #1497, #3909, .T. ) ;
#3782 = ORIENTED_EDGE ( 'NONE', *, *, #1066, .T. ) ;
#3783 = DIRECTION ( 'NONE',  ( 1.000000000000000000, 1.084202172485504700E-016, 0.0000000000000000000 ) ) ;
#3784 = DIRECTION ( 'NONE',  ( 1.084202172485504600E-015, -1.000000000000000000, 1.355252715606880800E-016 ) ) ;
#3785 = LINE ( 'NONE', #3134, #2354 ) ;
#3786 = VECTOR ( 'NONE', #1635, 1000.000000000000100 ) ;
#3787 = ADVANCED_FACE ( 'NONE', ( #88 ), #1626, .F. ) ;
#3788 = CARTESIAN_POINT ( 'NONE',  ( 0.3394112549695375000, 4.971786736228057700E-015, 0.03500000000000000300 ) ) ;
#3789 = ORIENTED_EDGE ( 'NONE', *, *, #708, .T. ) ;
#3790 = DIRECTION ( 'NONE',  ( -1.000000000000000000, 0.0000000000000000000, 0.0000000000000000000 ) ) ;
#3791 = FACE_OUTER_BOUND ( 'NONE', #1487, .T. ) ;
#3792 = CARTESIAN_POINT ( 'NONE',  ( -0.3400000000000000800, 0.3499999999999999200, 0.0000000000000000000 ) ) ;
#3793 = DIRECTION ( 'NONE',  ( 1.084202172485504700E-016, -1.000000000000000000, 0.0000000000000000000 ) ) ;
#3794 = VECTOR ( 'NONE', #3860, 1000.000000000000000 ) ;
#3795 = COLOUR_RGB ( '',1.000000000000000000, 1.000000000000000000, 1.000000000000000000 ) ;
#3796 = DIRECTION ( 'NONE',  ( 1.000000000000000000, 0.0000000000000000000, -0.0000000000000000000 ) ) ;
#3797 =( NAMED_UNIT ( * ) SI_UNIT ( $, .STERADIAN. ) SOLID_ANGLE_UNIT ( ) );
#3798 = ORIENTED_EDGE ( 'NONE', *, *, #2203, .F. ) ;
#3799 = AXIS2_PLACEMENT_3D ( 'NONE', #2835, #1492, #2543 ) ;
#3800 =( GEOMETRIC_REPRESENTATION_CONTEXT ( 3 ) GLOBAL_UNCERTAINTY_ASSIGNED_CONTEXT ( ( #4021 ) ) GLOBAL_UNIT_ASSIGNED_CONTEXT ( ( #3726, #1651, #272 ) ) REPRESENTATION_CONTEXT ( 'NONE', 'WORKASPACE' ) );
#3801 = VECTOR ( 'NONE', #787, 1000.000000000000000 ) ;
#3802 = CARTESIAN_POINT ( 'NONE',  ( 0.3400000000000000800, -0.3499999999999999200, 0.1000000000000000100 ) ) ;
#3803 = ORIENTED_EDGE ( 'NONE', *, *, #1568, .F. ) ;
#3804 = CARTESIAN_POINT ( 'NONE',  ( -0.4000000000000000200, -0.2000000000000000700, 0.05000000000000003700 ) ) ;
#3805 = SURFACE_STYLE_FILL_AREA ( #367 ) ;
#3806 = EDGE_CURVE ( 'NONE', #664, #2768, #3671, .T. ) ;
#3807 = PLANE ( 'NONE',  #2385 ) ;
#3808 = CARTESIAN_POINT ( 'NONE',  ( -0.4000000000000001300, 0.2999999999999999300, 0.04999999999999998200 ) ) ;
#3809 = CARTESIAN_POINT ( 'NONE',  ( 0.3999999999999999100, 0.04999999999999985700, 0.09999999999999996400 ) ) ;
#3810 = LINE ( 'NONE', #151, #1366 ) ;
#3811 = DIRECTION ( 'NONE',  ( 0.4961389383568340900, 0.8682431421244590800, 0.0000000000000000000 ) ) ;
#3812 = ADVANCED_FACE ( 'NONE', ( #2355 ), #2676, .T. ) ;
#3813 = EDGE_CURVE ( 'NONE', #4219, #3047, #4106, .T. ) ;
#3814 = ORIENTED_EDGE ( 'NONE', *, *, #4159, .T. ) ;
#3815 = CARTESIAN_POINT ( 'NONE',  ( -0.2000000000000000900, -0.5000000000000000000, 0.1000000000000000100 ) ) ;
#3816 = VECTOR ( 'NONE', #83, 1000.000000000000100 ) ;
#3817 = SURFACE_STYLE_USAGE ( .BOTH. , #2040 ) ;
#3818 = EDGE_LOOP ( 'NONE', ( #4053, #3557, #616, #4116 ) ) ;
#3819 = ORIENTED_EDGE ( 'NONE', *, *, #1336, .F. ) ;
#3820 =( LENGTH_UNIT ( ) NAMED_UNIT ( * ) SI_UNIT ( .MILLI., .METRE. ) );
#3821 = ORIENTED_EDGE ( 'NONE', *, *, #1058, .F. ) ;
#3822 = CARTESIAN_POINT ( 'NONE',  ( -0.4000000000000000200, -0.2000000000000000700, 0.05000000000000003700 ) ) ;
#3823 = CARTESIAN_POINT ( 'NONE',  ( -0.4000000000000001300, 0.2999999999999999300, 0.04999999999999998200 ) ) ;
#3824 = VECTOR ( 'NONE', #359, 1000.000000000000000 ) ;
#3825 = CARTESIAN_POINT ( 'NONE',  ( 0.3999999999999999100, 0.04999999999999985700, 0.09999999999999996400 ) ) ;
#3826 = ORIENTED_EDGE ( 'NONE', *, *, #3311, .T. ) ;
#3827 = COLOUR_RGB ( '',1.000000000000000000, 1.000000000000000000, 1.000000000000000000 ) ;
#3828 = CARTESIAN_POINT ( 'NONE',  ( 0.3999999999999999100, -0.2000000000000001500, 0.09999999999999988100 ) ) ;
#3829 =( NAMED_UNIT ( * ) SI_UNIT ( $, .STERADIAN. ) SOLID_ANGLE_UNIT ( ) );
#3830 = ORIENTED_EDGE ( 'NONE', *, *, #4300, .T. ) ;
#3831 =( LENGTH_UNIT ( ) NAMED_UNIT ( * ) SI_UNIT ( .MILLI., .METRE. ) );
#3832 = DIRECTION ( 'NONE',  ( 1.000000000000000000, -4.336808689942017700E-016, 0.0000000000000000000 ) ) ;
#3833 = EDGE_CURVE ( 'NONE', #1624, #3219, #3399, .T. ) ;
#3834 = PRESENTATION_STYLE_ASSIGNMENT (( #3905 ) ) ;
#3835 = ORIENTED_EDGE ( 'NONE', *, *, #3275, .T. ) ;
#3836 = ADVANCED_FACE ( 'NONE', ( #2743 ), #2613, .F. ) ;
#3837 = DIRECTION ( 'NONE',  ( 0.0000000000000000000, 0.0000000000000000000, 1.000000000000000000 ) ) ;
#3838 = UNCERTAINTY_MEASURE_WITH_UNIT (LENGTH_MEASURE( 1.000000000000000100E-005 ), #1519, 'distance_accuracy_value', 'NONE');
#3839 = DIRECTION ( 'NONE',  ( 0.0000000000000000000, 0.0000000000000000000, 1.000000000000000000 ) ) ;
#3840 = CARTESIAN_POINT ( 'NONE',  ( 0.4999999999999998900, 0.2029999999999998500, 0.1000000000000000500 ) ) ;
#3841 = VECTOR ( 'NONE', #3383, 1000.000000000000000 ) ;
#3842 = ORIENTED_EDGE ( 'NONE', *, *, #3911, .F. ) ;
#3843 = EDGE_CURVE ( 'NONE', #4371, #4280, #1033, .T. ) ;
#3844 = LINE ( 'NONE', #3252, #3291 ) ;
#3845 = VECTOR ( 'NONE', #2459, 1000.000000000000000 ) ;
#3846 =( NAMED_UNIT ( * ) PLANE_ANGLE_UNIT ( ) SI_UNIT ( $, .RADIAN. ) );
#3847 = EDGE_LOOP ( 'NONE', ( #4433, #1156, #1493, #269 ) ) ;
#3848 = CARTESIAN_POINT ( 'NONE',  ( 0.0000000000000000000, 0.0000000000000000000, 0.0000000000000000000 ) ) ;
#3849 = VECTOR ( 'NONE', #2821, 1000.000000000000000 ) ;
#3850 = EDGE_CURVE ( 'NONE', #305, #4359, #3568, .T. ) ;
#3851 = CARTESIAN_POINT ( 'NONE',  ( 0.2000000000000000900, 0.4299999999999999900, 0.1000000000000000100 ) ) ;
#3852 = CARTESIAN_POINT ( 'NONE',  ( -0.2500000000000000000, -0.2500000000000000000, 0.3700000000000000000 ) ) ;
#3853 = VERTEX_POINT ( 'NONE', #3674 ) ;
#3854 = LINE ( 'NONE', #4364, #1656 ) ;
#3855 = LINE ( 'NONE', #2885, #265 ) ;
#3856 = DIRECTION ( 'NONE',  ( -0.0000000000000000000, -0.0000000000000000000, -1.000000000000000000 ) ) ;
#3857 = ORIENTED_EDGE ( 'NONE', *, *, #824, .T. ) ;
#3858 = DIRECTION ( 'NONE',  ( 0.0000000000000000000, 1.000000000000000000, 0.0000000000000000000 ) ) ;
#3859 = CARTESIAN_POINT ( 'NONE',  ( -0.4000000000000000200, 0.06999999999999992300, 0.1000000000000000200 ) ) ;
#3860 = DIRECTION ( 'NONE',  ( 1.000000000000000000, 1.084202172485504700E-016, -0.0000000000000000000 ) ) ;
#3861 = SURFACE_STYLE_FILL_AREA ( #44 ) ;
#3862 = LINE ( 'NONE', #2521, #767 ) ;
#3863 = AXIS2_PLACEMENT_3D ( 'NONE', #860, #4486, #754 ) ;
#3864 = CARTESIAN_POINT ( 'NONE',  ( 0.3999999999999999100, -0.3000000000000001600, 0.09999999999999985300 ) ) ;
#3865 = VERTEX_POINT ( 'NONE', #1596 ) ;
#3866 = CARTESIAN_POINT ( 'NONE',  ( -0.4999999999999998900, -0.3000000000000001600, 0.05000000000000002400 ) ) ;
#3867 = LINE ( 'NONE', #2379, #545 ) ;
#3868 = CARTESIAN_POINT ( 'NONE',  ( -0.5000000000000001100, 0.5000000000000000000, 0.0000000000000000000 ) ) ;
#3869 = LINE ( 'NONE', #4017, #597 ) ;
#3870 = DIRECTION ( 'NONE',  ( 0.0000000000000000000, 0.0000000000000000000, 1.000000000000000000 ) ) ;
#3871 = EDGE_CURVE ( 'NONE', #4374, #3653, #912, .T. ) ;
#3872 = EDGE_LOOP ( 'NONE', ( #991, #2829 ) ) ;
#3873 = FILL_AREA_STYLE_COLOUR ( '', #321 ) ;
#3874 = ORIENTED_EDGE ( 'NONE', *, *, #1176, .T. ) ;
#3875 = PLANE ( 'NONE',  #1641 ) ;
#3876 = VERTEX_POINT ( 'NONE', #1638 ) ;
#3877 = CARTESIAN_POINT ( 'NONE',  ( 0.4500000000000001200, -0.4999999999999998900, 0.1000000000000000100 ) ) ;
#3878 = EDGE_CURVE ( 'NONE', #1479, #1795, #1785, .T. ) ;
#3879 = CARTESIAN_POINT ( 'NONE',  ( -0.4000000000000001300, 0.2999999999999999300, 0.04999999999999998200 ) ) ;
#3880 = ORIENTED_EDGE ( 'NONE', *, *, #4430, .T. ) ;
#3881 = EDGE_LOOP ( 'NONE', ( #1196, #3066, #369, #1757 ) ) ;
#3882 = VECTOR ( 'NONE', #3567, 1000.000000000000100 ) ;
#3883 = LINE ( 'NONE', #4455, #3758 ) ;
#3884 = DIRECTION ( 'NONE',  ( 1.000000000000000000, 0.0000000000000000000, -0.0000000000000000000 ) ) ;
#3885 = EDGE_LOOP ( 'NONE', ( #1165, #1778, #3123, #3880 ) ) ;
#3886 = ADVANCED_FACE ( 'NONE', ( #3074 ), #1932, .F. ) ;
#3887 = CARTESIAN_POINT ( 'NONE',  ( -0.4000000000000000200, 0.1999999999999999600, 0.04999999999999998900 ) ) ;
#3888 = CIRCLE ( 'NONE', #511, 0.07499999999999998300 ) ;
#3889 = EDGE_CURVE ( 'NONE', #4359, #4371, #197, .T. ) ;
#3890 = CARTESIAN_POINT ( 'NONE',  ( -0.3999999999999999100, -0.3000000000000001000, 0.05000000000000005100 ) ) ;
#3891 = CARTESIAN_POINT ( 'NONE',  ( 0.4500000000000001200, 0.4999999999999998900, 0.1000000000000000100 ) ) ;
#3892 = CARTESIAN_POINT ( 'NONE',  ( -4.255397017025833700E-015, 0.3394112549695485500, 0.03500000000000000300 ) ) ;
#3893 = ORIENTED_EDGE ( 'NONE', *, *, #115, .T. ) ;
#3894 = DIRECTION ( 'NONE',  ( -4.336808689942017700E-016, 1.000000000000000000, 0.0000000000000000000 ) ) ;
#3895 = ORIENTED_EDGE ( 'NONE', *, *, #2890, .T. ) ;
#3896 = CARTESIAN_POINT ( 'NONE',  ( -0.4500000000000001200, -0.4999999999999998900, 0.1000000000000000100 ) ) ;
#3897 =( GEOMETRIC_REPRESENTATION_CONTEXT ( 3 ) GLOBAL_UNCERTAINTY_ASSIGNED_CONTEXT ( ( #3558 ) ) GLOBAL_UNIT_ASSIGNED_CONTEXT ( ( #3943, #3211, #1491 ) ) REPRESENTATION_CONTEXT ( 'NONE', 'WORKASPACE' ) );
#3898 = LINE ( 'NONE', #3130, #1124 ) ;
#3899 = CARTESIAN_POINT ( 'NONE',  ( -0.4000000000000001300, 0.2999999999999999300, 0.09999999999999997800 ) ) ;
#3900 = VECTOR ( 'NONE', #4195, 1000.000000000000000 ) ;
#3901 = ORIENTED_EDGE ( 'NONE', *, *, #1657, .T. ) ;
#3902 = FACE_BOUND ( 'NONE', #3571, .T. ) ;
#3903 = ADVANCED_BREP_SHAPE_REPRESENTATION ( 'DFN4D', ( #4229, #3611, #245, #2798, #2461, #3406, #1922, #1665, #309, #1581, #3140, #3667, #2242, #1919 ), #1712 ) ;
#3904 = LINE ( 'NONE', #1328, #1399 ) ;
#3905 = SURFACE_STYLE_USAGE ( .BOTH. , #2148 ) ;
#3906 = ORIENTED_EDGE ( 'NONE', *, *, #4096, .T. ) ;
#3907 = PLANE ( 'NONE',  #2481 ) ;
#3908 = PLANE ( 'NONE',  #3474 ) ;
#3909 = LINE ( 'NONE', #4015, #430 ) ;
#3910 = CARTESIAN_POINT ( 'NONE',  ( -0.4000000000000001300, 0.2999999999999999300, 0.09999999999999997800 ) ) ;
#3911 = EDGE_CURVE ( 'NONE', #782, #2075, #2693, .T. ) ;
#3912 = ORIENTED_EDGE ( 'NONE', *, *, #1461, .T. ) ;
#3913 = CARTESIAN_POINT ( 'NONE',  ( -0.3999999999999999100, -0.3000000000000001000, 0.05000000000000005100 ) ) ;
#3914 = FACE_OUTER_BOUND ( 'NONE', #3566, .T. ) ;
#3915 = DIRECTION ( 'NONE',  ( 1.000000000000000000, 0.0000000000000000000, 0.0000000000000000000 ) ) ;
#3916 = CARTESIAN_POINT ( 'NONE',  ( -0.5000000000000000000, 0.1999999999999999300, 0.09999999999999999200 ) ) ;
#3917 = EDGE_CURVE ( 'NONE', #1920, #4381, #2961, .T. ) ;
#3918 = ORIENTED_EDGE ( 'NONE', *, *, #262, .F. ) ;
#3919 = DIRECTION ( 'NONE',  ( -1.000000000000000000, -0.0000000000000000000, -5.646886315028669300E-017 ) ) ;
#3920 = FILL_AREA_STYLE_COLOUR ( '', #4047 ) ;
#3921 = SURFACE_STYLE_USAGE ( .BOTH. , #1875 ) ;
#3922 = CARTESIAN_POINT ( 'NONE',  ( -0.05000000000000422900, 0.3999999999999999100, 0.1000000000000000100 ) ) ;
#3923 = AXIS2_PLACEMENT_3D ( 'NONE', #2709, #3729, #1034 ) ;
#3924 = AXIS2_PLACEMENT_3D ( 'NONE', #1160, #2191, #1856 ) ;
#3925 = ORIENTED_EDGE ( 'NONE', *, *, #3055, .F. ) ;
#3926 = LINE ( 'NONE', #3944, #1533 ) ;
#3927 = EDGE_CURVE ( 'NONE', #3515, #1201, #2156, .T. ) ;
#3928 = ORIENTED_EDGE ( 'NONE', *, *, #3521, .F. ) ;
#3929 = DIRECTION ( 'NONE',  ( -0.7071067811865495700, -0.7071067811865455700, -0.0000000000000000000 ) ) ;
#3930 = CARTESIAN_POINT ( 'NONE',  ( 0.4500000000000001200, -0.3499999999999999200, 0.1000000000000000100 ) ) ;
#3931 = VERTEX_POINT ( 'NONE', #3825 ) ;
#3932 = LINE ( 'NONE', #2839, #231 ) ;
#3933 = DIRECTION ( 'NONE',  ( 0.0000000000000000000, -1.000000000000000000, 0.0000000000000000000 ) ) ;
#3934 = ORIENTED_EDGE ( 'NONE', *, *, #4488, .F. ) ;
#3935 = VECTOR ( 'NONE', #2196, 1000.000000000000000 ) ;
#3936 = CARTESIAN_POINT ( 'NONE',  ( -0.3400000000000000800, 0.3499999999999999200, 0.1000000000000000100 ) ) ;
#3937 = EDGE_CURVE ( 'NONE', #2092, #3853, #861, .T. ) ;
#3938 = VECTOR ( 'NONE', #979, 1000.000000000000000 ) ;
#3939 = ORIENTED_EDGE ( 'NONE', *, *, #772, .T. ) ;
#3940 = VERTEX_POINT ( 'NONE', #685 ) ;
#3941 = AXIS2_PLACEMENT_3D ( 'NONE', #3848, #3193, #1104 ) ;
#3942 = FACE_OUTER_BOUND ( 'NONE', #78, .T. ) ;
#3943 =( LENGTH_UNIT ( ) NAMED_UNIT ( * ) SI_UNIT ( .MILLI., .METRE. ) );
#3944 = CARTESIAN_POINT ( 'NONE',  ( -0.4000000000000000200, -0.2000000000000000700, 0.1000000000000000500 ) ) ;
#3945 = CARTESIAN_POINT ( 'NONE',  ( -0.2000000000000000900, 0.5000000000000000000, 0.0000000000000000000 ) ) ;
#3946 = ORIENTED_EDGE ( 'NONE', *, *, #497, .T. ) ;
#3947 = DIRECTION ( 'NONE',  ( 0.0000000000000000000, 0.0000000000000000000, 1.000000000000000000 ) ) ;
#3948 = ADVANCED_FACE ( 'NONE', ( #3512 ), #3107, .T. ) ;
#3949 = AXIS2_PLACEMENT_3D ( 'NONE', #225, #548, #4058 ) ;
#3950 = VERTEX_POINT ( 'NONE', #3482 ) ;
#3951 = FACE_OUTER_BOUND ( 'NONE', #2443, .T. ) ;
#3952 = LINE ( 'NONE', #1808, #3014 ) ;
#3953 = EDGE_LOOP ( 'NONE', ( #3198, #3677, #2731, #2230, #3901 ) ) ;
#3954 = EDGE_CURVE ( 'NONE', #1944, #63, #313, .T. ) ;
#3955 = VECTOR ( 'NONE', #3480, 1000.000000000000000 ) ;
#3956 = ORIENTED_EDGE ( 'NONE', *, *, #4242, .T. ) ;
#3957 = DIRECTION ( 'NONE',  ( 0.0000000000000000000, 0.0000000000000000000, 1.000000000000000000 ) ) ;
#3958 = CARTESIAN_POINT ( 'NONE',  ( 0.06999999999999576000, 0.4999999999999998900, 0.05000000000000000300 ) ) ;
#3959 = EDGE_CURVE ( 'NONE', #1488, #2027, #2525, .T. ) ;
#3960 = CARTESIAN_POINT ( 'NONE',  ( 0.4500000000000001200, 0.3499999999999999200, 0.1000000000000000100 ) ) ;
#3961 = ORIENTED_EDGE ( 'NONE', *, *, #2235, .F. ) ;
#3962 = EDGE_LOOP ( 'NONE', ( #1206, #3699, #1346, #1113 ) ) ;
#3963 = FACE_OUTER_BOUND ( 'NONE', #608, .T. ) ;
#3964 = CARTESIAN_POINT ( 'NONE',  ( 0.3999999999999999100, 0.3029999999999998800, 0.1000000000000000500 ) ) ;
#3965 = ADVANCED_FACE ( 'NONE', ( #4227 ), #702, .T. ) ;
#3966 = LINE ( 'NONE', #1269, #2598 ) ;
#3967 = PLANE ( 'NONE',  #3924 ) ;
#3968 = CARTESIAN_POINT ( 'NONE',  ( 0.3999999999999999100, -0.3000000000000001600, 0.09999999999999985300 ) ) ;
#3969 = CARTESIAN_POINT ( 'NONE',  ( 0.5000000000000000000, -0.5000000000000001100, 0.0000000000000000000 ) ) ;
#3970 = STYLED_ITEM ( 'NONE', ( #999 ), #2037 ) ;
#3971 = ADVANCED_FACE ( 'NONE', ( #752 ), #1747, .T. ) ;
#3972 = ORIENTED_EDGE ( 'NONE', *, *, #3078, .F. ) ;
#3973 = SURFACE_STYLE_FILL_AREA ( #1506 ) ;
#3974 = ORIENTED_EDGE ( 'NONE', *, *, #3393, .T. ) ;
#3975 = EDGE_CURVE ( 'NONE', #4155, #2075, #4325, .T. ) ;
#3976 = VERTEX_POINT ( 'NONE', #1730 ) ;
#3977 = FACE_OUTER_BOUND ( 'NONE', #762, .T. ) ;
#3978 = AXIS2_PLACEMENT_3D ( 'NONE', #3809, #716, #341 ) ;
#3979 = EDGE_LOOP ( 'NONE', ( #1103, #4166, #3394, #2241 ) ) ;
#3980 = ORIENTED_EDGE ( 'NONE', *, *, #3878, .F. ) ;
#3981 = LINE ( 'NONE', #4367, #3320 ) ;
#3982 = EDGE_CURVE ( 'NONE', #3548, #3332, #257, .T. ) ;
#3983 = SURFACE_STYLE_USAGE ( .BOTH. , #2180 ) ;
#3984 = ORIENTED_EDGE ( 'NONE', *, *, #4115, .T. ) ;
#3985 = DIRECTION ( 'NONE',  ( 1.084202172485504700E-016, -1.000000000000000000, 0.0000000000000000000 ) ) ;
#3986 = LINE ( 'NONE', #235, #2141 ) ;
#3987 = CARTESIAN_POINT ( 'NONE',  ( 0.3400000000000000800, 0.3499999999999999200, 0.1000000000000000100 ) ) ;
#3988 = ORIENTED_EDGE ( 'NONE', *, *, #735, .F. ) ;
#3989 = DIRECTION ( 'NONE',  ( 1.084202172485504700E-016, 1.000000000000000000, 0.0000000000000000000 ) ) ;
#3990 = EDGE_CURVE ( 'NONE', #1755, #3727, #3619, .T. ) ;
#3991 = ORIENTED_EDGE ( 'NONE', *, *, #1839, .T. ) ;
#3992 = ORIENTED_EDGE ( 'NONE', *, *, #2570, .F. ) ;
#3993 = PRESENTATION_LAYER_ASSIGNMENT (  '', '', ( #4234 ) ) ;
#3994 = CARTESIAN_POINT ( 'NONE',  ( 0.2000000000000000900, -0.4299999999999999900, 0.1000000000000000100 ) ) ;
#3995 =( LENGTH_UNIT ( ) NAMED_UNIT ( * ) SI_UNIT ( .MILLI., .METRE. ) );
#3996 = LINE ( 'NONE', #3705, #1937 ) ;
#3997 = CARTESIAN_POINT ( 'NONE',  ( 0.3400000000000000800, 0.3499999999999999200, 0.1000000000000000100 ) ) ;
#3998 = VECTOR ( 'NONE', #2220, 1000.000000000000000 ) ;
#3999 = VERTEX_POINT ( 'NONE', #1400 ) ;
#4000 = LINE ( 'NONE', #1363, #4226 ) ;
#4001 = UNCERTAINTY_MEASURE_WITH_UNIT (LENGTH_MEASURE( 1.000000000000000100E-005 ), #2718, 'distance_accuracy_value', 'NONE');
#4002 = AXIS2_PLACEMENT_3D ( 'NONE', #2185, #852, #2975 ) ;
#4003 = DIRECTION ( 'NONE',  ( -0.0000000000000000000, 0.0000000000000000000, -1.000000000000000000 ) ) ;
#4004 = ORIENTED_EDGE ( 'NONE', *, *, #3333, .F. ) ;
#4005 = CARTESIAN_POINT ( 'NONE',  ( -0.4000000000000000200, 0.1999999999999999600, 0.04999999999999998900 ) ) ;
#4006 = EDGE_CURVE ( 'NONE', #1479, #4374, #694, .T. ) ;
#4007 = VERTEX_POINT ( 'NONE', #39 ) ;
#4008 = LINE ( 'NONE', #3896, #1231 ) ;
#4009 =( NAMED_UNIT ( * ) SI_UNIT ( $, .STERADIAN. ) SOLID_ANGLE_UNIT ( ) );
#4010 = VERTEX_POINT ( 'NONE', #3792 ) ;
#4011 = EDGE_CURVE ( 'NONE', #1821, #2493, #2207, .T. ) ;
#4012 = CARTESIAN_POINT ( 'NONE',  ( 0.3400000000000000800, -0.3499999999999999200, 0.1000000000000000100 ) ) ;
#4013 = LINE ( 'NONE', #3679, #1860 ) ;
#4014 = CARTESIAN_POINT ( 'NONE',  ( 0.4999999999999998900, -0.2000000000000001500, 0.04999999999999987800 ) ) ;
#4015 = CARTESIAN_POINT ( 'NONE',  ( 0.3999999999999999100, -0.3000000000000001600, 0.04999999999999985000 ) ) ;
#4016 = LINE ( 'NONE', #2583, #3154 ) ;
#4017 = CARTESIAN_POINT ( 'NONE',  ( -0.05000000000000422900, 0.3999999999999999100, 0.1000000000000000100 ) ) ;
#4018 = CARTESIAN_POINT ( 'NONE',  ( -0.4500000000000001200, 0.3499999999999999200, 0.1000000000000000100 ) ) ;
#4019 = DIRECTION ( 'NONE',  ( -0.7071067811865454600, 0.7071067811865495700, -0.0000000000000000000 ) ) ;
#4020 = VERTEX_POINT ( 'NONE', #2439 ) ;
#4021 = UNCERTAINTY_MEASURE_WITH_UNIT (LENGTH_MEASURE( 1.000000000000000100E-005 ), #3726, 'distance_accuracy_value', 'NONE');
#4022 = CARTESIAN_POINT ( 'NONE',  ( 0.5000000000000000000, -0.5000000000000001100, 0.3700000000000000000 ) ) ;
#4023 = ORIENTED_EDGE ( 'NONE', *, *, #2758, .T. ) ;
#4024 = ORIENTED_EDGE ( 'NONE', *, *, #202, .T. ) ;
#4025 = LINE ( 'NONE', #516, #4255 ) ;
#4026 = CARTESIAN_POINT ( 'NONE',  ( -0.4500000000000001200, 0.3499999999999999200, 0.1000000000000000100 ) ) ;
#4027 = VECTOR ( 'NONE', #3423, 1000.000000000000000 ) ;
#4028 = EDGE_CURVE ( 'NONE', #4228, #2644, #142, .T. ) ;
#4029 = ORIENTED_EDGE ( 'NONE', *, *, #3250, .T. ) ;
#4030 = VECTOR ( 'NONE', #3583, 1000.000000000000000 ) ;
#4031 = SURFACE_STYLE_USAGE ( .BOTH. , #208 ) ;
#4032 = DIRECTION ( 'NONE',  ( 2.938735877055718800E-032, -2.710505431213760600E-016, 1.000000000000000000 ) ) ;
#4033 = ADVANCED_FACE ( 'NONE', ( #3293 ), #9, .T. ) ;
#4034 = EDGE_LOOP ( 'NONE', ( #2020, #203, #2458, #3956 ) ) ;
#4035 = EDGE_CURVE ( 'NONE', #3332, #3763, #2350, .T. ) ;
#4036 = CARTESIAN_POINT ( 'NONE',  ( 0.4999999999999998900, 0.04999999999999987100, 0.09999999999999996400 ) ) ;
#4037 = DIRECTION ( 'NONE',  ( 0.0000000000000000000, 0.0000000000000000000, -1.000000000000000000 ) ) ;
#4038 = ORIENTED_EDGE ( 'NONE', *, *, #1496, .F. ) ;
#4039 =( NAMED_UNIT ( * ) SI_UNIT ( $, .STERADIAN. ) SOLID_ANGLE_UNIT ( ) );
#4040 = VECTOR ( 'NONE', #2776, 1000.000000000000000 ) ;
#4041 = DIRECTION ( 'NONE',  ( 1.000000000000000000, 0.0000000000000000000, 0.0000000000000000000 ) ) ;
#4042 = EDGE_LOOP ( 'NONE', ( #1282, #4420, #132, #3789 ) ) ;
#4043 = CARTESIAN_POINT ( 'NONE',  ( 0.0000000000000000000, 0.0000000000000000000, 0.0000000000000000000 ) ) ;
#4044 = ORIENTED_EDGE ( 'NONE', *, *, #386, .T. ) ;
#4045 = DIRECTION ( 'NONE',  ( -0.0000000000000000000, 0.0000000000000000000, 1.000000000000000000 ) ) ;
#4046 = VECTOR ( 'NONE', #3929, 1000.000000000000100 ) ;
#4047 = COLOUR_RGB ( '',1.000000000000000000, 1.000000000000000000, 1.000000000000000000 ) ;
#4048 =( GEOMETRIC_REPRESENTATION_CONTEXT ( 3 ) GLOBAL_UNCERTAINTY_ASSIGNED_CONTEXT ( ( #866 ) ) GLOBAL_UNIT_ASSIGNED_CONTEXT ( ( #275, #2034, #687 ) ) REPRESENTATION_CONTEXT ( 'NONE', 'WORKASPACE' ) );
#4049 = ORIENTED_EDGE ( 'NONE', *, *, #2182, .F. ) ;
#4050 = SURFACE_STYLE_USAGE ( .BOTH. , #4395 ) ;
#4051 = DIRECTION ( 'NONE',  ( 0.0000000000000000000, -1.000000000000000000, -4.517509052022935500E-016 ) ) ;
#4052 = ADVANCED_FACE ( 'NONE', ( #2301 ), #1507, .F. ) ;
#4053 = ORIENTED_EDGE ( 'NONE', *, *, #3843, .F. ) ;
#4054 = CARTESIAN_POINT ( 'NONE',  ( -0.4500000000000001200, 0.3499999999999999200, 0.0000000000000000000 ) ) ;
#4055 = VECTOR ( 'NONE', #2110, 1000.000000000000000 ) ;
#4056 = FACE_OUTER_BOUND ( 'NONE', #405, .T. ) ;
#4057 = ORIENTED_EDGE ( 'NONE', *, *, #610, .T. ) ;
#4058 = DIRECTION ( 'NONE',  ( 0.0000000000000000000, 0.0000000000000000000, -1.000000000000000000 ) ) ;
#4059 = DIRECTION ( 'NONE',  ( 0.0000000000000000000, -1.000000000000000000, -2.710505431213760600E-016 ) ) ;
#4060 = EDGE_CURVE ( 'NONE', #2172, #305, #1724, .T. ) ;
#4061 = ORIENTED_EDGE ( 'NONE', *, *, #3555, .T. ) ;
#4062 = PRESENTATION_STYLE_ASSIGNMENT (( #2113 ) ) ;
#4063 = PLANE ( 'NONE',  #1081 ) ;
#4064 = DIRECTION ( 'NONE',  ( 1.000000000000000000, 0.0000000000000000000, -0.0000000000000000000 ) ) ;
#4065 = CARTESIAN_POINT ( 'NONE',  ( 0.2000000000000000900, 0.5000000000000000000, 0.1000000000000000100 ) ) ;
#4066 = CARTESIAN_POINT ( 'NONE',  ( 0.4999999999999998900, -0.3000000000000001600, 0.09999999999999985300 ) ) ;
#4067 = VECTOR ( 'NONE', #1037, 1000.000000000000000 ) ;
#4068 = EDGE_CURVE ( 'NONE', #3180, #4500, #3340, .T. ) ;
#4069 = LINE ( 'NONE', #1184, #455 ) ;
#4070 = CARTESIAN_POINT ( 'NONE',  ( 0.0000000000000000000, 0.0000000000000000000, 0.03500000000000000300 ) ) ;
#4071 = ORIENTED_EDGE ( 'NONE', *, *, #4454, .F. ) ;
#4072 = PRESENTATION_STYLE_ASSIGNMENT (( #1057 ) ) ;
#4073 = SURFACE_STYLE_USAGE ( .BOTH. , #3095 ) ;
#4074 = AXIS2_PLACEMENT_3D ( 'NONE', #3445, #4143, #1741 ) ;
#4075 = ADVANCED_FACE ( 'NONE', ( #1559 ), #3532, .T. ) ;
#4076 = ORIENTED_EDGE ( 'NONE', *, *, #708, .F. ) ;
#4077 = VERTEX_POINT ( 'NONE', #2494 ) ;
#4078 = DIRECTION ( 'NONE',  ( 0.0000000000000000000, 0.0000000000000000000, 1.000000000000000000 ) ) ;
#4079 = DIRECTION ( 'NONE',  ( 0.0000000000000000000, 0.0000000000000000000, 1.000000000000000000 ) ) ;
#4080 = ORIENTED_EDGE ( 'NONE', *, *, #1181, .F. ) ;
#4081 = CARTESIAN_POINT ( 'NONE',  ( 0.3999999999999999100, 0.04999999999999985700, 0.09999999999999996400 ) ) ;
#4082 = ORIENTED_EDGE ( 'NONE', *, *, #1136, .F. ) ;
#4083 = COLOUR_RGB ( '',1.000000000000000000, 0.5019607843137254800, 0.0000000000000000000 ) ;
#4084 =( GEOMETRIC_REPRESENTATION_CONTEXT ( 3 ) GLOBAL_UNCERTAINTY_ASSIGNED_CONTEXT ( ( #2262 ) ) GLOBAL_UNIT_ASSIGNED_CONTEXT ( ( #3831, #1409, #1754 ) ) REPRESENTATION_CONTEXT ( 'NONE', 'WORKASPACE' ) );
#4085 = DIRECTION ( 'NONE',  ( 0.0000000000000000000, 0.0000000000000000000, -1.000000000000000000 ) ) ;
#4086 = ORIENTED_EDGE ( 'NONE', *, *, #2944, .T. ) ;
#4087 = SURFACE_STYLE_FILL_AREA ( #2345 ) ;
#4088 = LINE ( 'NONE', #726, #177 ) ;
#4089 = EDGE_CURVE ( 'NONE', #937, #782, #3131, .T. ) ;
#4090 = DIRECTION ( 'NONE',  ( 1.084202172485504700E-016, -1.000000000000000000, 0.0000000000000000000 ) ) ;
#4091 = AXIS2_PLACEMENT_3D ( 'NONE', #2838, #3894, #2854 ) ;
#4092 = ORIENTED_EDGE ( 'NONE', *, *, #698, .F. ) ;
#4093 = DIRECTION ( 'NONE',  ( 0.0000000000000000000, -1.000000000000000000, -2.710505431213761600E-016 ) ) ;
#4094 = PLANE ( 'NONE',  #4463 ) ;
#4095 = ORIENTED_EDGE ( 'NONE', *, *, #1163, .T. ) ;
#4096 = EDGE_CURVE ( 'NONE', #4438, #3520, #2101, .T. ) ;
#4097 = DIRECTION ( 'NONE',  ( -1.469367938527859400E-032, 1.355252715606880300E-016, -1.000000000000000000 ) ) ;
#4098 = DIRECTION ( 'NONE',  ( 0.0000000000000000000, 0.0000000000000000000, 1.000000000000000000 ) ) ;
#4099 = VECTOR ( 'NONE', #3400, 1000.000000000000000 ) ;
#4100 = ORIENTED_EDGE ( 'NONE', *, *, #135, .T. ) ;
#4101 = ADVANCED_FACE ( 'NONE', ( #974 ), #1465, .F. ) ;
#4102 = PLANE ( 'NONE',  #3009 ) ;
#4103 = DIRECTION ( 'NONE',  ( -1.000000000000000000, -2.168404344971009400E-016, -0.0000000000000000000 ) ) ;
#4104 = VERTEX_POINT ( 'NONE', #3171 ) ;
#4105 = EDGE_CURVE ( 'NONE', #950, #2790, #3952, .T. ) ;
#4106 = LINE ( 'NONE', #194, #3778 ) ;
#4107 = PLANE ( 'NONE',  #3923 ) ;
#4108 = ORIENTED_EDGE ( 'NONE', *, *, #587, .F. ) ;
#4109 = CARTESIAN_POINT ( 'NONE',  ( 0.06999999999999574600, 0.3999999999999999100, 0.05000000000000000300 ) ) ;
#4110 = VECTOR ( 'NONE', #1983, 1000.000000000000000 ) ;
#4111 = MECHANICAL_DESIGN_GEOMETRIC_PRESENTATION_REPRESENTATION (  '', ( #3002 ), #3650 ) ;
#4112 = DIRECTION ( 'NONE',  ( -0.4961389383568340900, -0.8682431421244590800, 0.0000000000000000000 ) ) ;
#4113 = VERTEX_POINT ( 'NONE', #1859 ) ;
#4114 = VECTOR ( 'NONE', #174, 1000.000000000000000 ) ;
#4115 = EDGE_CURVE ( 'NONE', #3548, #4203, #376, .T. ) ;
#4116 = ORIENTED_EDGE ( 'NONE', *, *, #65, .T. ) ;
#4117 = CARTESIAN_POINT ( 'NONE',  ( 0.4999999999999998900, 0.2029999999999998700, 0.05000000000000002400 ) ) ;
#4118 = FACE_BOUND ( 'NONE', #3606, .T. ) ;
#4119 = VECTOR ( 'NONE', #2791, 1000.000000000000000 ) ;
#4120 = ORIENTED_EDGE ( 'NONE', *, *, #1649, .T. ) ;
#4121 = DIRECTION ( 'NONE',  ( 1.355252715606880300E-016, 0.0000000000000000000, 1.000000000000000000 ) ) ;
#4122 = ADVANCED_FACE ( 'NONE', ( #4498 ), #2476, .F. ) ;
#4123 = EDGE_CURVE ( 'NONE', #2245, #958, #1887, .T. ) ;
#4124 = DIRECTION ( 'NONE',  ( 1.000000000000000000, 1.084202172485504700E-016, 0.0000000000000000000 ) ) ;
#4125 = CARTESIAN_POINT ( 'NONE',  ( -0.4999999999999998900, -0.3000000000000001000, 0.1000000000000000500 ) ) ;
#4126 = VERTEX_POINT ( 'NONE', #1138 ) ;
#4127 = VECTOR ( 'NONE', #2951, 1000.000000000000000 ) ;
#4128 = DIRECTION ( 'NONE',  ( -2.168404344971009100E-016, 1.000000000000000000, 0.0000000000000000000 ) ) ;
#4129 = CARTESIAN_POINT ( 'NONE',  ( -0.4500000000000001200, -0.4999999999999998900, 0.0000000000000000000 ) ) ;
#4130 = DIRECTION ( 'NONE',  ( -1.000000000000000000, -1.084202172485504600E-015, 0.0000000000000000000 ) ) ;
#4131 = ORIENTED_EDGE ( 'NONE', *, *, #4011, .T. ) ;
#4132 = DIRECTION ( 'NONE',  ( 0.0000000000000000000, 0.0000000000000000000, -1.000000000000000000 ) ) ;
#4133 = CARTESIAN_POINT ( 'NONE',  ( 0.3999999999999999100, 0.04999999999999985700, 0.04999999999999995400 ) ) ;
#4134 = EDGE_LOOP ( 'NONE', ( #1003, #3121, #1265, #2327 ) ) ;
#4135 = DIRECTION ( 'NONE',  ( 1.000000000000000000, 2.168404344971009400E-016, 0.0000000000000000000 ) ) ;
#4136 = ORIENTED_EDGE ( 'NONE', *, *, #2949, .F. ) ;
#4137 = UNCERTAINTY_MEASURE_WITH_UNIT (LENGTH_MEASURE( 1.000000000000000100E-005 ), #1619, 'distance_accuracy_value', 'NONE');
#4138 = MECHANICAL_DESIGN_GEOMETRIC_PRESENTATION_REPRESENTATION (  '', ( #3374 ), #3533 ) ;
#4139 = VECTOR ( 'NONE', #2282, 1000.000000000000000 ) ;
#4140 = ORIENTED_EDGE ( 'NONE', *, *, #4423, .F. ) ;
#4141 = VECTOR ( 'NONE', #622, 1000.000000000000000 ) ;
#4142 = VECTOR ( 'NONE', #17, 1000.000000000000100 ) ;
#4143 = DIRECTION ( 'NONE',  ( 4.897893128426199400E-032, -4.517509052022935500E-016, 1.000000000000000000 ) ) ;
#4144 = EDGE_LOOP ( 'NONE', ( #1500, #1360, #970, #483 ) ) ;
#4145 = MECHANICAL_DESIGN_GEOMETRIC_PRESENTATION_REPRESENTATION (  '', ( #812 ), #3070 ) ;
#4146 = LINE ( 'NONE', #1678, #1446 ) ;
#4147 = ADVANCED_FACE ( 'NONE', ( #3010 ), #1195, .F. ) ;
#4148 = PLANE ( 'NONE',  #226 ) ;
#4149 = SURFACE_STYLE_USAGE ( .BOTH. , #1701 ) ;
#4150 = VERTEX_POINT ( 'NONE', #3945 ) ;
#4151 = FACE_OUTER_BOUND ( 'NONE', #1844, .T. ) ;
#4152 = EDGE_CURVE ( 'NONE', #3285, #1197, #2895, .T. ) ;
#4153 = CARTESIAN_POINT ( 'NONE',  ( 0.4500000000000001200, -0.4999999999999998900, 0.1000000000000000100 ) ) ;
#4154 = FACE_OUTER_BOUND ( 'NONE', #2990, .T. ) ;
#4155 = VERTEX_POINT ( 'NONE', #3591 ) ;
#4156 = DIRECTION ( 'NONE',  ( 0.8682431421244590800, -0.4961389383568340900, 0.0000000000000000000 ) ) ;
#4157 = DIRECTION ( 'NONE',  ( 0.0000000000000000000, -1.000000000000000000, 0.0000000000000000000 ) ) ;
#4158 = VECTOR ( 'NONE', #3620, 1000.000000000000000 ) ;
#4159 = EDGE_CURVE ( 'NONE', #4126, #3747, #31, .T. ) ;
#4160 = ORIENTED_EDGE ( 'NONE', *, *, #3718, .T. ) ;
#4161 = DIRECTION ( 'NONE',  ( -1.000000000000000000, -2.168404344971009400E-016, 0.0000000000000000000 ) ) ;
#4162 = CARTESIAN_POINT ( 'NONE',  ( 0.4500000000000001200, 0.4999999999999998900, 0.1000000000000000100 ) ) ;
#4163 = LINE ( 'NONE', #1194, #2846 ) ;
#4164 = VECTOR ( 'NONE', #3565, 1000.000000000000000 ) ;
#4165 = DIRECTION ( 'NONE',  ( 0.0000000000000000000, -0.0000000000000000000, -1.000000000000000000 ) ) ;
#4166 = ORIENTED_EDGE ( 'NONE', *, *, #3635, .F. ) ;
#4167 = CARTESIAN_POINT ( 'NONE',  ( 0.3394112549695375000, 4.971786736228057700E-015, 0.0000000000000000000 ) ) ;
#4168 = CARTESIAN_POINT ( 'NONE',  ( 0.3999999999999999100, -0.2000000000000001500, 0.09999999999999988100 ) ) ;
#4169 = FACE_OUTER_BOUND ( 'NONE', #2054, .T. ) ;
#4170 = DIRECTION ( 'NONE',  ( 0.8682431421244590800, 0.4961389383568340900, -0.0000000000000000000 ) ) ;
#4171 = CARTESIAN_POINT ( 'NONE',  ( -0.4500000000000001200, -0.3499999999999999200, 0.1000000000000000100 ) ) ;
#4172 = VECTOR ( 'NONE', #887, 1000.000000000000000 ) ;
#4173 = PLANE ( 'NONE',  #1742 ) ;
#4174 = ADVANCED_FACE ( 'NONE', ( #2744 ), #1926, .F. ) ;
#4175 = CARTESIAN_POINT ( 'NONE',  ( -0.05941125496954295000, -0.2800000000000000300, 0.03500000000000000300 ) ) ;
#4176 = ORIENTED_EDGE ( 'NONE', *, *, #2570, .T. ) ;
#4177 = COLOUR_RGB ( '',1.000000000000000000, 1.000000000000000000, 1.000000000000000000 ) ;
#4178 = FILL_AREA_STYLE ('',( #16 ) ) ;
#4179 = CLOSED_SHELL ( 'NONE', ( #2335, #1864, #3737, #1186, #2314, #1768 ) ) ;
#4180 = VECTOR ( 'NONE', #989, 1000.000000000000000 ) ;
#4181 = EDGE_CURVE ( 'NONE', #3428, #3510, #1218, .T. ) ;
#4182 = CARTESIAN_POINT ( 'NONE',  ( -4.255397017025833700E-015, 0.3394112549695485500, 0.0000000000000000000 ) ) ;
#4183 = CARTESIAN_POINT ( 'NONE',  ( 0.2000000000000000900, -0.4299999999999999900, 0.1000000000000000100 ) ) ;
#4184 = DIRECTION ( 'NONE',  ( -0.0000000000000000000, 0.0000000000000000000, 1.000000000000000000 ) ) ;
#4185 =( NAMED_UNIT ( * ) SI_UNIT ( $, .STERADIAN. ) SOLID_ANGLE_UNIT ( ) );
#4186 = EDGE_CURVE ( 'NONE', #1275, #3715, #4380, .T. ) ;
#4187 = ORIENTED_EDGE ( 'NONE', *, *, #727, .F. ) ;
#4188 = CARTESIAN_POINT ( 'NONE',  ( 0.2000000000000000900, 0.4299999999999999900, 0.1000000000000000100 ) ) ;
#4189 = LINE ( 'NONE', #3563, #3595 ) ;
#4190 = VERTEX_POINT ( 'NONE', #3634 ) ;
#4191 = CARTESIAN_POINT ( 'NONE',  ( 0.4999999999999998900, 0.2029999999999998700, 0.1000000000000000200 ) ) ;
#4192 = EDGE_LOOP ( 'NONE', ( #1852, #4312, #3235, #1838 ) ) ;
#4193 = VECTOR ( 'NONE', #1608, 1000.000000000000000 ) ;
#4194 = VECTOR ( 'NONE', #1996, 1000.000000000000000 ) ;
#4195 = DIRECTION ( 'NONE',  ( 0.0000000000000000000, -1.000000000000000000, 0.0000000000000000000 ) ) ;
#4196 = VERTEX_POINT ( 'NONE', #3255 ) ;
#4197 = DIRECTION ( 'NONE',  ( -0.0000000000000000000, -0.0000000000000000000, -1.000000000000000000 ) ) ;
#4198 = CARTESIAN_POINT ( 'NONE',  ( -0.3400000000000000800, 0.3499999999999999200, 0.1000000000000000100 ) ) ;
#4199 = ORIENTED_EDGE ( 'NONE', *, *, #1976, .T. ) ;
#4200 = LINE ( 'NONE', #2784, #3659 ) ;
#4201 = FACE_OUTER_BOUND ( 'NONE', #1024, .T. ) ;
#4202 = DIRECTION ( 'NONE',  ( -0.8682431421244590800, -0.4961389383568340900, 0.0000000000000000000 ) ) ;
#4203 = VERTEX_POINT ( 'NONE', #1560 ) ;
#4204 = VECTOR ( 'NONE', #2998, 1000.000000000000000 ) ;
#4205 = AXIS2_PLACEMENT_3D ( 'NONE', #4168, #418, #2780 ) ;
#4206 = PLANE ( 'NONE',  #2974 ) ;
#4207 = LINE ( 'NONE', #1473, #1824 ) ;
#4208 = CARTESIAN_POINT ( 'NONE',  ( -0.4500000000000001200, -0.4999999999999998900, 0.1000000000000000100 ) ) ;
#4209 = ORIENTED_EDGE ( 'NONE', *, *, #3954, .F. ) ;
#4210 = LINE ( 'NONE', #335, #571 ) ;
#4211 = CARTESIAN_POINT ( 'NONE',  ( -4.255397017025833700E-015, 0.3394112549695485500, 0.0000000000000000000 ) ) ;
#4212 = EDGE_CURVE ( 'NONE', #3755, #975, #192, .T. ) ;
#4213 = AXIS2_PLACEMENT_3D ( 'NONE', #768, #3203, #2137 ) ;
#4214 = ORIENTED_EDGE ( 'NONE', *, *, #3144, .T. ) ;
#4215 = FILL_AREA_STYLE_COLOUR ( '', #3564 ) ;
#4216 = CARTESIAN_POINT ( 'NONE',  ( 0.4500000000000001200, 0.3499999999999999200, 0.0000000000000000000 ) ) ;
#4217 = LINE ( 'NONE', #1759, #1393 ) ;
#4218 =( NAMED_UNIT ( * ) PLANE_ANGLE_UNIT ( ) SI_UNIT ( $, .RADIAN. ) );
#4219 = VERTEX_POINT ( 'NONE', #3969 ) ;
#4220 = EDGE_CURVE ( 'NONE', #1934, #1019, #1837, .T. ) ;
#4221 = CARTESIAN_POINT ( 'NONE',  ( -0.4000000000000001300, 0.2999999999999999300, 0.09999999999999997800 ) ) ;
#4222 = LINE ( 'NONE', #2204, #2524 ) ;
#4223 = CARTESIAN_POINT ( 'NONE',  ( -0.5000000000000000000, -0.2000000000000000900, 0.05000000000000003700 ) ) ;
#4224 = ORIENTED_EDGE ( 'NONE', *, *, #1902, .T. ) ;
#4225 = SURFACE_STYLE_USAGE ( .BOTH. , #774 ) ;
#4226 = VECTOR ( 'NONE', #2059, 1000.000000000000000 ) ;
#4227 = FACE_OUTER_BOUND ( 'NONE', #2883, .T. ) ;
#4228 = VERTEX_POINT ( 'NONE', #3958 ) ;
#4229 = MANIFOLD_SOLID_BREP ( 'Lead4', #930 ) ;
#4230 = VECTOR ( 'NONE', #1666, 1000.000000000000000 ) ;
#4231 = ORIENTED_EDGE ( 'NONE', *, *, #222, .F. ) ;
#4232 =( LENGTH_UNIT ( ) NAMED_UNIT ( * ) SI_UNIT ( .MILLI., .METRE. ) );
#4233 = DIRECTION ( 'NONE',  ( 0.0000000000000000000, 1.000000000000000000, 0.0000000000000000000 ) ) ;
#4234 = STYLED_ITEM ( 'NONE', ( #1591 ), #1581 ) ;
#4235 = PLANE ( 'NONE',  #2823 ) ;
#4236 = VERTEX_POINT ( 'NONE', #2938 ) ;
#4237 =( LENGTH_UNIT ( ) NAMED_UNIT ( * ) SI_UNIT ( .MILLI., .METRE. ) );
#4238 = LINE ( 'NONE', #3475, #658 ) ;
#4239 = PLANE ( 'NONE',  #3863 ) ;
#4240 = AXIS2_PLACEMENT_3D ( 'NONE', #502, #2959, #1553 ) ;
#4241 = VERTEX_POINT ( 'NONE', #1910 ) ;
#4242 = EDGE_CURVE ( 'NONE', #4077, #4243, #3236, .T. ) ;
#4243 = VERTEX_POINT ( 'NONE', #2920 ) ;
#4244 = PRESENTATION_STYLE_ASSIGNMENT (( #3018 ) ) ;
#4245 = CARTESIAN_POINT ( 'NONE',  ( 0.06999999999999576000, 0.4999999999999998900, 0.1000000000000000100 ) ) ;
#4246 = SURFACE_STYLE_USAGE ( .BOTH. , #2822 ) ;
#4247 = VERTEX_POINT ( 'NONE', #847 ) ;
#4248 = DIRECTION ( 'NONE',  ( 1.000000000000000000, 0.0000000000000000000, -0.0000000000000000000 ) ) ;
#4249 = ORIENTED_EDGE ( 'NONE', *, *, #1211, .F. ) ;
#4250 = DIRECTION ( 'NONE',  ( 0.0000000000000000000, 0.0000000000000000000, -1.000000000000000000 ) ) ;
#4251 = EDGE_CURVE ( 'NONE', #444, #3173, #1939, .T. ) ;
#4252 = CARTESIAN_POINT ( 'NONE',  ( -0.4500000000000001200, -0.3499999999999999200, 0.0000000000000000000 ) ) ;
#4253 = ORIENTED_EDGE ( 'NONE', *, *, #254, .F. ) ;
#4254 = ORIENTED_EDGE ( 'NONE', *, *, #552, .T. ) ;
#4255 = VECTOR ( 'NONE', #185, 1000.000000000000000 ) ;
#4256 = VECTOR ( 'NONE', #345, 1000.000000000000000 ) ;
#4257 = ORIENTED_EDGE ( 'NONE', *, *, #358, .F. ) ;
#4258 = LINE ( 'NONE', #1467, #4030 ) ;
#4259 = APPLICATION_PROTOCOL_DEFINITION ( 'draft international standard', 'automotive_design', 1998, #3225 ) ;
#4260 = AXIS2_PLACEMENT_3D ( 'NONE', #3000, #2297, #1325 ) ;
#4261 =( NAMED_UNIT ( * ) SI_UNIT ( $, .STERADIAN. ) SOLID_ANGLE_UNIT ( ) );
#4262 = EDGE_LOOP ( 'NONE', ( #2219, #998, #3486, #4176 ) ) ;
#4263 = SURFACE_SIDE_STYLE ('',( #3392 ) ) ;
#4264 = DIRECTION ( 'NONE',  ( 1.084202172485504600E-015, -1.000000000000000000, 1.355252715606880800E-016 ) ) ;
#4265 = ORIENTED_EDGE ( 'NONE', *, *, #58, .F. ) ;
#4266 = AXIS2_PLACEMENT_3D ( 'NONE', #3343, #1577, #2049 ) ;
#4267 = PLANE ( 'NONE',  #4002 ) ;
#4268 = FACE_OUTER_BOUND ( 'NONE', #1636, .T. ) ;
#4269 = VERTEX_POINT ( 'NONE', #2315 ) ;
#4270 = EDGE_CURVE ( 'NONE', #535, #3876, #316, .T. ) ;
#4271 = FACE_OUTER_BOUND ( 'NONE', #1692, .T. ) ;
#4272 = APPLICATION_PROTOCOL_DEFINITION ( 'draft international standard', 'automotive_design', 1998, #1159 ) ;
#4273 = ORIENTED_EDGE ( 'NONE', *, *, #2086, .F. ) ;
#4274 = CARTESIAN_POINT ( 'NONE',  ( 0.4999999999999998900, 0.3029999999999998800, 0.1000000000000000500 ) ) ;
#4275 = DIRECTION ( 'NONE',  ( 1.000000000000000000, 2.168404344971009400E-016, 0.0000000000000000000 ) ) ;
#4276 = LINE ( 'NONE', #125, #255 ) ;
#4277 = FACE_OUTER_BOUND ( 'NONE', #517, .T. ) ;
#4278 = DIRECTION ( 'NONE',  ( -1.000000000000000000, -2.168404344971009400E-016, 0.0000000000000000000 ) ) ;
#4279 = EDGE_CURVE ( 'NONE', #576, #937, #802, .T. ) ;
#4280 = VERTEX_POINT ( 'NONE', #477 ) ;
#4281 = DIRECTION ( 'NONE',  ( 0.0000000000000000000, -1.000000000000000000, 0.0000000000000000000 ) ) ;
#4282 = FACE_OUTER_BOUND ( 'NONE', #3881, .T. ) ;
#4283 =( NAMED_UNIT ( * ) SI_UNIT ( $, .STERADIAN. ) SOLID_ANGLE_UNIT ( ) );
#4284 = FACE_OUTER_BOUND ( 'NONE', #3818, .T. ) ;
#4285 = EDGE_LOOP ( 'NONE', ( #3371, #3992, #3442, #910 ) ) ;
#4286 = FACE_OUTER_BOUND ( 'NONE', #3452, .T. ) ;
#4287 = VECTOR ( 'NONE', #2093, 1000.000000000000000 ) ;
#4288 = CARTESIAN_POINT ( 'NONE',  ( -0.3400000000000000800, -0.3499999999999999200, 0.1000000000000000100 ) ) ;
#4289 = DIRECTION ( 'NONE',  ( -0.0000000000000000000, -0.0000000000000000000, -1.000000000000000000 ) ) ;
#4290 = ORIENTED_EDGE ( 'NONE', *, *, #3627, .T. ) ;
#4291 = SURFACE_STYLE_FILL_AREA ( #4178 ) ;
#4292 = FILL_AREA_STYLE_COLOUR ( '', #2190 ) ;
#4293 = ADVANCED_FACE ( 'NONE', ( #3722 ), #488, .F. ) ;
#4294 = PLANE ( 'NONE',  #518 ) ;
#4295 = FACE_OUTER_BOUND ( 'NONE', #3196, .T. ) ;
#4296 = EDGE_CURVE ( 'NONE', #4155, #3506, #2794, .T. ) ;
#4297 = AXIS2_PLACEMENT_3D ( 'NONE', #3012, #4403, #923 ) ;
#4298 = ORIENTED_EDGE ( 'NONE', *, *, #587, .T. ) ;
#4299 = VECTOR ( 'NONE', #487, 1000.000000000000000 ) ;
#4300 = EDGE_CURVE ( 'NONE', #3545, #4150, #137, .T. ) ;
#4301 = ORIENTED_EDGE ( 'NONE', *, *, #3289, .T. ) ;
#4302 = CARTESIAN_POINT ( 'NONE',  ( -0.5000000000000001100, 0.5000000000000000000, 0.3700000000000000000 ) ) ;
#4303 = DIRECTION ( 'NONE',  ( -0.0000000000000000000, 0.0000000000000000000, 1.000000000000000000 ) ) ;
#4304 = VERTEX_POINT ( 'NONE', #2670 ) ;
#4305 = VECTOR ( 'NONE', #574, 1000.000000000000000 ) ;
#4306 =( NAMED_UNIT ( * ) PLANE_ANGLE_UNIT ( ) SI_UNIT ( $, .RADIAN. ) );
#4307 = DIRECTION ( 'NONE',  ( -0.0000000000000000000, -0.0000000000000000000, -1.000000000000000000 ) ) ;
#4308 = VERTEX_POINT ( 'NONE', #4427 ) ;
#4309 = FACE_OUTER_BOUND ( 'NONE', #1858, .T. ) ;
#4310 = PLANE ( 'NONE',  #318 ) ;
#4311 = STYLED_ITEM ( 'NONE', ( #2590 ), #72 ) ;
#4312 = ORIENTED_EDGE ( 'NONE', *, *, #2123, .F. ) ;
#4313 = CARTESIAN_POINT ( 'NONE',  ( 0.06999999999999574600, 0.3999999999999999100, 0.1000000000000000100 ) ) ;
#4314 = ADVANCED_FACE ( 'NONE', ( #4271 ), #3073, .T. ) ;
#4315 = ORIENTED_EDGE ( 'NONE', *, *, #195, .T. ) ;
#4316 = PRESENTATION_LAYER_ASSIGNMENT (  '', '', ( #1527 ) ) ;
#4317 = CARTESIAN_POINT ( 'NONE',  ( 0.05941125496953094500, -0.2800000000000000300, 0.03500000000000000300 ) ) ;
#4318 = ORIENTED_EDGE ( 'NONE', *, *, #1555, .F. ) ;
#4319 = DIRECTION ( 'NONE',  ( -1.000000000000000000, -2.168404344971009400E-016, -0.0000000000000000000 ) ) ;
#4320 = AXIS2_PLACEMENT_3D ( 'NONE', #114, #823, #4250 ) ;
#4321 = SURFACE_STYLE_USAGE ( .BOTH. , #1901 ) ;
#4322 = MECHANICAL_DESIGN_GEOMETRIC_PRESENTATION_REPRESENTATION (  '', ( #4386 ), #47 ) ;
#4323 = CLOSED_SHELL ( 'NONE', ( #2662, #492, #1354, #695, #4122, #4453 ) ) ;
#4324 = VECTOR ( 'NONE', #845, 1000.000000000000000 ) ;
#4325 = LINE ( 'NONE', #1763, #581 ) ;
#4326 = VERTEX_POINT ( 'NONE', #3037 ) ;
#4327 = EDGE_CURVE ( 'NONE', #1866, #3162, #3904, .T. ) ;
#4328 = STYLED_ITEM ( 'NONE', ( #2042 ), #4477 ) ;
#4329 = VECTOR ( 'NONE', #4197, 1000.000000000000000 ) ;
#4330 = VECTOR ( 'NONE', #971, 1000.000000000000000 ) ;
#4331 = ORIENTED_EDGE ( 'NONE', *, *, #2949, .T. ) ;
#4332 = CARTESIAN_POINT ( 'NONE',  ( 0.4999999999999998900, 0.04999999999999987100, 0.09999999999999996400 ) ) ;
#4333 = CARTESIAN_POINT ( 'NONE',  ( 0.2000000000000000900, -0.5000000000000000000, 0.1000000000000000100 ) ) ;
#4334 = LINE ( 'NONE', #4054, #2580 ) ;
#4335 = FILL_AREA_STYLE_COLOUR ( '', #2628 ) ;
#4336 = EDGE_CURVE ( 'NONE', #1267, #3173, #1029, .T. ) ;
#4337 = CARTESIAN_POINT ( 'NONE',  ( 0.4999999999999998900, 0.3029999999999998800, 0.1000000000000000500 ) ) ;
#4338 = ADVANCED_FACE ( 'NONE', ( #2096 ), #4102, .F. ) ;
#4339 = VERTEX_POINT ( 'NONE', #3750 ) ;
#4340 = CARTESIAN_POINT ( 'NONE',  ( -0.4500000000000001200, 0.4999999999999998900, 0.1000000000000000100 ) ) ;
#4341 = SURFACE_STYLE_FILL_AREA ( #3247 ) ;
#4342 = ORIENTED_EDGE ( 'NONE', *, *, #2424, .F. ) ;
#4343 = EDGE_CURVE ( 'NONE', #404, #3976, #2157, .T. ) ;
#4344 = VERTEX_POINT ( 'NONE', #2720 ) ;
#4345 = PRESENTATION_STYLE_ASSIGNMENT (( #3817 ) ) ;
#4346 = DIRECTION ( 'NONE',  ( 0.0000000000000000000, 0.0000000000000000000, -1.000000000000000000 ) ) ;
#4347 = DIRECTION ( 'NONE',  ( -1.084202172485504400E-016, 1.000000000000000000, -0.0000000000000000000 ) ) ;
#4348 = DIRECTION ( 'NONE',  ( -0.7071067811865454600, 0.7071067811865495700, -0.0000000000000000000 ) ) ;
#4349 =( GEOMETRIC_REPRESENTATION_CONTEXT ( 3 ) GLOBAL_UNCERTAINTY_ASSIGNED_CONTEXT ( ( #3300 ) ) GLOBAL_UNIT_ASSIGNED_CONTEXT ( ( #584, #2698, #1255 ) ) REPRESENTATION_CONTEXT ( 'NONE', 'WORKASPACE' ) );
#4350 = CARTESIAN_POINT ( 'NONE',  ( 0.06999999999999576000, 0.4999999999999998900, 0.05000000000000000300 ) ) ;
#4351 = ORIENTED_EDGE ( 'NONE', *, *, #287, .F. ) ;
#4352 = CARTESIAN_POINT ( 'NONE',  ( -0.2000000000000000900, -0.4299999999999999900, 0.0000000000000000000 ) ) ;
#4353 = ORIENTED_EDGE ( 'NONE', *, *, #1951, .F. ) ;
#4354 = EDGE_CURVE ( 'NONE', #1707, #2245, #431, .T. ) ;
#4355 = ORIENTED_EDGE ( 'NONE', *, *, #4181, .T. ) ;
#4356 = LINE ( 'NONE', #3700, #2023 ) ;
#4357 = DIRECTION ( 'NONE',  ( 0.0000000000000000000, 1.000000000000000000, -1.694065894508600700E-016 ) ) ;
#4358 = ORIENTED_EDGE ( 'NONE', *, *, #4220, .T. ) ;
#4359 = VERTEX_POINT ( 'NONE', #1998 ) ;
#4360 = LINE ( 'NONE', #4337, #894 ) ;
#4361 = EDGE_CURVE ( 'NONE', #1537, #1085, #89, .T. ) ;
#4362 = CARTESIAN_POINT ( 'NONE',  ( -4.255397017025833700E-015, 0.3394112549695485500, 0.03500000000000000300 ) ) ;
#4363 = DIRECTION ( 'NONE',  ( 0.0000000000000000000, 0.0000000000000000000, -1.000000000000000000 ) ) ;
#4364 = CARTESIAN_POINT ( 'NONE',  ( -0.5000000000000000000, -0.05000000000000009300, 0.05000000000000001700 ) ) ;
#4365 = EDGE_LOOP ( 'NONE', ( #3294, #1900, #1014, #1219 ) ) ;
#4366 = SURFACE_STYLE_FILL_AREA ( #101 ) ;
#4367 = CARTESIAN_POINT ( 'NONE',  ( -0.3394112549695521000, 1.081157679374394400E-014, 0.03500000000000000300 ) ) ;
#4368 = VERTEX_POINT ( 'NONE', #1306 ) ;
#4369 = DIRECTION ( 'NONE',  ( -1.084202172485504600E-015, 1.000000000000000000, -0.0000000000000000000 ) ) ;
#4370 = DIRECTION ( 'NONE',  ( -0.0000000000000000000, -0.0000000000000000000, -1.000000000000000000 ) ) ;
#4371 = VERTEX_POINT ( 'NONE', #303 ) ;
#4372 = DIRECTION ( 'NONE',  ( 0.0000000000000000000, -1.000000000000000000, 0.0000000000000000000 ) ) ;
#4373 = SHAPE_DEFINITION_REPRESENTATION ( #742, #3903 ) ;
#4374 = VERTEX_POINT ( 'NONE', #3769 ) ;
#4375 = STYLED_ITEM ( 'NONE', ( #361 ), #1167 ) ;
#4376 = DIRECTION ( 'NONE',  ( -1.000000000000000000, -2.168404344971009400E-016, -0.0000000000000000000 ) ) ;
#4377 = DIRECTION ( 'NONE',  ( 0.0000000000000000000, 0.0000000000000000000, -1.000000000000000000 ) ) ;
#4378 = CARTESIAN_POINT ( 'NONE',  ( 0.4999999999999998900, 0.3029999999999998800, 0.1000000000000000500 ) ) ;
#4379 = DIRECTION ( 'NONE',  ( 0.0000000000000000000, 1.000000000000000000, 0.0000000000000000000 ) ) ;
#4380 = LINE ( 'NONE', #2233, #1079 ) ;
#4381 = VERTEX_POINT ( 'NONE', #995 ) ;
#4382 = ADVANCED_FACE ( 'NONE', ( #2405 ), #3738, .F. ) ;
#4383 = LINE ( 'NONE', #4317, #4046 ) ;
#4384 = STYLED_ITEM ( 'NONE', ( #209 ), #2737 ) ;
#4385 = DIRECTION ( 'NONE',  ( 1.000000000000000000, 0.0000000000000000000, 0.0000000000000000000 ) ) ;
#4386 = STYLED_ITEM ( 'NONE', ( #1277 ), #3667 ) ;
#4387 = ORIENTED_EDGE ( 'NONE', *, *, #3690, .F. ) ;
#4388 = CARTESIAN_POINT ( 'NONE',  ( 0.3999999999999999100, 0.04999999999999985700, 0.09999999999999996400 ) ) ;
#4389 = VECTOR ( 'NONE', #3784, 1000.000000000000000 ) ;
#4390 = DIRECTION ( 'NONE',  ( -0.7071067811865580100, -0.7071067811865369100, 0.0000000000000000000 ) ) ;
#4391 = EDGE_CURVE ( 'NONE', #1201, #4371, #186, .T. ) ;
#4392 = ORIENTED_EDGE ( 'NONE', *, *, #395, .F. ) ;
#4393 = LINE ( 'NONE', #3177, #4055 ) ;
#4394 = VECTOR ( 'NONE', #4369, 1000.000000000000000 ) ;
#4395 = SURFACE_SIDE_STYLE ('',( #2748 ) ) ;
#4396 = ORIENTED_EDGE ( 'NONE', *, *, #2149, .T. ) ;
#4397 = EDGE_CURVE ( 'NONE', #789, #444, #4432, .T. ) ;
#4398 = LINE ( 'NONE', #1062, #271 ) ;
#4399 = VECTOR ( 'NONE', #3065, 1000.000000000000000 ) ;
#4400 = ORIENTED_EDGE ( 'NONE', *, *, #2624, .T. ) ;
#4401 = LINE ( 'NONE', #580, #397 ) ;
#4402 = CARTESIAN_POINT ( 'NONE',  ( 0.4999999999999998900, 0.3029999999999998800, 0.05000000000000003700 ) ) ;
#4403 = DIRECTION ( 'NONE',  ( 5.646886315028669300E-017, -6.122366410532749300E-033, -1.000000000000000000 ) ) ;
#4404 = ADVANCED_FACE ( 'NONE', ( #2466 ), #385, .F. ) ;
#4405 = LINE ( 'NONE', #140, #2270 ) ;
#4406 =( NAMED_UNIT ( * ) PLANE_ANGLE_UNIT ( ) SI_UNIT ( $, .RADIAN. ) );
#4407 = DIRECTION ( 'NONE',  ( -1.000000000000000000, 1.084202172485504400E-016, -0.0000000000000000000 ) ) ;
#4408 = ORIENTED_EDGE ( 'NONE', *, *, #3453, .F. ) ;
#4409 = DIRECTION ( 'NONE',  ( 0.8682431421244590800, 0.4961389383568340900, 0.0000000000000000000 ) ) ;
#4410 = CARTESIAN_POINT ( 'NONE',  ( -0.5000000000000000000, 0.1999999999999999300, 0.09999999999999999200 ) ) ;
#4411 = ORIENTED_EDGE ( 'NONE', *, *, #2115, .T. ) ;
#4412 = ORIENTED_EDGE ( 'NONE', *, *, #2261, .T. ) ;
#4413 = LINE ( 'NONE', #1945, #3163 ) ;
#4414 = DIRECTION ( 'NONE',  ( 1.084202172485504700E-016, 1.000000000000000000, -0.0000000000000000000 ) ) ;
#4415 = EDGE_CURVE ( 'NONE', #937, #4155, #909, .T. ) ;
#4416 = ORIENTED_EDGE ( 'NONE', *, *, #2199, .F. ) ;
#4417 =( GEOMETRIC_REPRESENTATION_CONTEXT ( 3 ) GLOBAL_UNCERTAINTY_ASSIGNED_CONTEXT ( ( #3838 ) ) GLOBAL_UNIT_ASSIGNED_CONTEXT ( ( #1519, #4306, #2244 ) ) REPRESENTATION_CONTEXT ( 'NONE', 'WORKASPACE' ) );
#4418 = VECTOR ( 'NONE', #1653, 1000.000000000000000 ) ;
#4419 = DIRECTION ( 'NONE',  ( -0.7071067811865370300, 0.7071067811865581200, 0.0000000000000000000 ) ) ;
#4420 = ORIENTED_EDGE ( 'NONE', *, *, #3745, .F. ) ;
#4421 = UNCERTAINTY_MEASURE_WITH_UNIT (LENGTH_MEASURE( 1.000000000000000100E-005 ), #1005, 'distance_accuracy_value', 'NONE');
#4422 = LINE ( 'NONE', #1644, #4204 ) ;
#4423 = EDGE_CURVE ( 'NONE', #4196, #474, #3185, .T. ) ;
#4424 = ORIENTED_EDGE ( 'NONE', *, *, #4186, .F. ) ;
#4425 = ADVANCED_FACE ( 'NONE', ( #4268 ), #1412, .F. ) ;
#4426 = VECTOR ( 'NONE', #2584, 1000.000000000000000 ) ;
#4427 = CARTESIAN_POINT ( 'NONE',  ( -0.2000000000000000900, 0.5000000000000000000, 0.0000000000000000000 ) ) ;
#4428 = DIRECTION ( 'NONE',  ( 1.000000000000000000, 0.0000000000000000000, 0.0000000000000000000 ) ) ;
#4429 = VERTEX_POINT ( 'NONE', #398 ) ;
#4430 = EDGE_CURVE ( 'NONE', #789, #1267, #2400, .T. ) ;
#4431 = DIRECTION ( 'NONE',  ( 0.0000000000000000000, -1.000000000000000000, 0.0000000000000000000 ) ) ;
#4432 = LINE ( 'NONE', #3788, #2248 ) ;
#4433 = ORIENTED_EDGE ( 'NONE', *, *, #4510, .F. ) ;
#4434 = COLOUR_RGB ( '',1.000000000000000000, 1.000000000000000000, 1.000000000000000000 ) ;
#4435 = SURFACE_SIDE_STYLE ('',( #3036 ) ) ;
#4436 = LINE ( 'NONE', #1179, #35 ) ;
#4437 = STYLED_ITEM ( 'NONE', ( #98 ), #3004 ) ;
#4438 = VERTEX_POINT ( 'NONE', #682 ) ;
#4439 = CARTESIAN_POINT ( 'NONE',  ( 0.4500000000000001200, 0.3499999999999999200, 0.1000000000000000100 ) ) ;
#4440 = DIRECTION ( 'NONE',  ( 0.0000000000000000000, 0.0000000000000000000, -1.000000000000000000 ) ) ;
#4441 = DIRECTION ( 'NONE',  ( -0.8682431421244590800, 0.4961389383568340900, 0.0000000000000000000 ) ) ;
#4442 = VECTOR ( 'NONE', #2060, 1000.000000000000100 ) ;
#4443 = CARTESIAN_POINT ( 'NONE',  ( -0.2000000000000000900, -0.4299999999999999900, 0.1000000000000000100 ) ) ;
#4444 = ORIENTED_EDGE ( 'NONE', *, *, #1365, .F. ) ;
#4445 = EDGE_CURVE ( 'NONE', #4247, #4326, #1213, .T. ) ;
#4446 = STYLED_ITEM ( 'NONE', ( #3573 ), #4101 ) ;
#4447 = VECTOR ( 'NONE', #2645, 1000.000000000000000 ) ;
#4448 = UNCERTAINTY_MEASURE_WITH_UNIT (LENGTH_MEASURE( 1.000000000000000100E-005 ), #3820, 'distance_accuracy_value', 'NONE');
#4449 = EDGE_LOOP ( 'NONE', ( #1166, #493, #759, #2187 ) ) ;
#4450 = DIRECTION ( 'NONE',  ( 1.000000000000000000, 1.084202172485504700E-016, 0.0000000000000000000 ) ) ;
#4451 = FACE_OUTER_BOUND ( 'NONE', #2554, .T. ) ;
#4452 = DIRECTION ( 'NONE',  ( -0.0000000000000000000, -0.0000000000000000000, -1.000000000000000000 ) ) ;
#4453 = ADVANCED_FACE ( 'NONE', ( #2568 ), #4148, .T. ) ;
#4454 = EDGE_CURVE ( 'NONE', #3362, #4374, #746, .T. ) ;
#4455 = CARTESIAN_POINT ( 'NONE',  ( 0.3999999999999999100, 0.04999999999999985700, 0.04999999999999995400 ) ) ;
#4456 = ORIENTED_EDGE ( 'NONE', *, *, #4336, .F. ) ;
#4457 = VECTOR ( 'NONE', #645, 1000.000000000000000 ) ;
#4458 = DIRECTION ( 'NONE',  ( 2.938735877055719900E-032, -2.710505431213761600E-016, 1.000000000000000000 ) ) ;
#4459 = PLANE ( 'NONE',  #1280 ) ;
#4460 = DIRECTION ( 'NONE',  ( -0.0000000000000000000, 0.0000000000000000000, 1.000000000000000000 ) ) ;
#4461 = ORIENTED_EDGE ( 'NONE', *, *, #2816, .T. ) ;
#4462 = VERTEX_POINT ( 'NONE', #1053 ) ;
#4463 = AXIS2_PLACEMENT_3D ( 'NONE', #1318, #277, #1675 ) ;
#4464 = DIRECTION ( 'NONE',  ( 1.000000000000000000, 2.168404344971009400E-016, 0.0000000000000000000 ) ) ;
#4465 = DIRECTION ( 'NONE',  ( -1.084202172485504600E-015, 1.000000000000000000, -0.0000000000000000000 ) ) ;
#4466 = VERTEX_POINT ( 'NONE', #50 ) ;
#4467 = VECTOR ( 'NONE', #4289, 1000.000000000000000 ) ;
#4468 = CARTESIAN_POINT ( 'NONE',  ( 0.3999999999999999100, -0.3000000000000001600, 0.09999999999999985300 ) ) ;
#4469 = MECHANICAL_DESIGN_GEOMETRIC_PRESENTATION_REPRESENTATION (  '', ( #4234 ), #179 ) ;
#4470 = EDGE_LOOP ( 'NONE', ( #1073, #416, #1532, #1279 ) ) ;
#4471 = ORIENTED_EDGE ( 'NONE', *, *, #1086, .F. ) ;
#4472 = FILL_AREA_STYLE_COLOUR ( '', #1799 ) ;
#4473 =( NAMED_UNIT ( * ) SI_UNIT ( $, .STERADIAN. ) SOLID_ANGLE_UNIT ( ) );
#4474 = ORIENTED_EDGE ( 'NONE', *, *, #2944, .F. ) ;
#4475 = CARTESIAN_POINT ( 'NONE',  ( 0.3999999999999999100, 0.2029999999999998700, 0.05000000000000002400 ) ) ;
#4476 = ORIENTED_EDGE ( 'NONE', *, *, #4343, .F. ) ;
#4477 = ADVANCED_FACE ( 'NONE', ( #3775 ), #338, .F. ) ;
#4478 = CARTESIAN_POINT ( 'NONE',  ( -0.4000000000000000200, 0.1999999999999999600, 0.04999999999999998900 ) ) ;
#4479 = VERTEX_POINT ( 'NONE', #2069 ) ;
#4480 = CARTESIAN_POINT ( 'NONE',  ( -0.4000000000000001300, 0.2999999999999999300, 0.04999999999999998200 ) ) ;
#4481 = LINE ( 'NONE', #1076, #2283 ) ;
#4482 = EDGE_CURVE ( 'NONE', #541, #4484, #4217, .T. ) ;
#4483 = DIRECTION ( 'NONE',  ( 1.000000000000000000, 1.084202172485504700E-016, 0.0000000000000000000 ) ) ;
#4484 = VERTEX_POINT ( 'NONE', #713 ) ;
#4485 = UNCERTAINTY_MEASURE_WITH_UNIT (LENGTH_MEASURE( 1.000000000000000100E-005 ), #883, 'distance_accuracy_value', 'NONE');
#4486 = DIRECTION ( 'NONE',  ( -0.0000000000000000000, 0.0000000000000000000, 1.000000000000000000 ) ) ;
#4487 = ORIENTED_EDGE ( 'NONE', *, *, #3226, .F. ) ;
#4488 = EDGE_CURVE ( 'NONE', #2805, #3641, #1455, .T. ) ;
#4489 =( NAMED_UNIT ( * ) PLANE_ANGLE_UNIT ( ) SI_UNIT ( $, .RADIAN. ) );
#4490 = VECTOR ( 'NONE', #1041, 1000.000000000000000 ) ;
#4491 = EDGE_LOOP ( 'NONE', ( #3612, #2116, #559, #1574 ) ) ;
#4492 = PLANE ( 'NONE',  #3504 ) ;
#4493 = DIRECTION ( 'NONE',  ( 1.084202172485504600E-015, -1.000000000000000000, 1.355252715606880800E-016 ) ) ;
#4494 = ORIENTED_EDGE ( 'NONE', *, *, #858, .T. ) ;
#4495 = AXIS2_PLACEMENT_3D ( 'NONE', #634, #3052, #1600 ) ;
#4496 = CARTESIAN_POINT ( 'NONE',  ( -0.4000000000000001300, 0.2999999999999999300, 0.04999999999999998200 ) ) ;
#4497 = FACE_OUTER_BOUND ( 'NONE', #213, .T. ) ;
#4498 = FACE_OUTER_BOUND ( 'NONE', #3432, .T. ) ;
#4499 = ADVANCED_FACE ( 'NONE', ( #4154 ), #3150, .T. ) ;
#4500 = VERTEX_POINT ( 'NONE', #2132 ) ;
#4501 = DIRECTION ( 'NONE',  ( -1.000000000000000000, -1.084202172485504600E-015, 0.0000000000000000000 ) ) ;
#4502 = FACE_OUTER_BOUND ( 'NONE', #2237, .T. ) ;
#4503 = AXIS2_PLACEMENT_3D ( 'NONE', #3617, #4303, #864 ) ;
#4504 =( NAMED_UNIT ( * ) PLANE_ANGLE_UNIT ( ) SI_UNIT ( $, .RADIAN. ) );
#4505 = CARTESIAN_POINT ( 'NONE',  ( -4.255397017025833700E-015, 0.3394112549695485500, 0.03500000000000000300 ) ) ;
#4506 = CARTESIAN_POINT ( 'NONE',  ( 0.4999999999999998900, -0.07000000000000011800, 0.04999999999999992000 ) ) ;
#4507 = ORIENTED_EDGE ( 'NONE', *, *, #1274, .T. ) ;
#4508 = VECTOR ( 'NONE', #800, 1000.000000000000000 ) ;
#4509 = DIRECTION ( 'NONE',  ( 0.0000000000000000000, 1.000000000000000000, 0.0000000000000000000 ) ) ;
#4510 = EDGE_CURVE ( 'NONE', #4484, #1929, #3446, .T. ) ;
#4511 = UNCERTAINTY_MEASURE_WITH_UNIT (LENGTH_MEASURE( 1.000000000000000100E-005 ), #2950, 'distance_accuracy_value', 'NONE');
#4512 = ORIENTED_EDGE ( 'NONE', *, *, #2752, .T. ) ;
#4513 = FILL_AREA_STYLE_COLOUR ( '', #2227 ) ;
#4514 = AXIS2_PLACEMENT_3D ( 'NONE', #154, #3985, #2544 ) ;
#4515 = VECTOR ( 'NONE', #1090, 1000.000000000000000 ) ;
#4516 = PLANE ( 'NONE',  #489 ) ;
#4517 = ORIENTED_EDGE ( 'NONE', *, *, #1204, .T. ) ;
#4518 = DIRECTION ( 'NONE',  ( 0.0000000000000000000, 0.0000000000000000000, -1.000000000000000000 ) ) ;
#4519 = EDGE_CURVE ( 'NONE', #474, #814, #3287, .T. ) ;
#4520 = VECTOR ( 'NONE', #216, 1000.000000000000000 ) ;
#4521 = DIRECTION ( 'NONE',  ( -1.000000000000000000, 1.084202172485504400E-016, -0.0000000000000000000 ) ) ;
ENDSEC;
END-ISO-10303-21;
